name,sci,sci_se,sci_pct_higher,rea,rea_se,mat,mat_se,oecd,rank_low_all_sci,rank_low_oecd_sci,rank_low_all_rea,rank_low_oecd_rea,rank_low_all_mat,rank_low_oecd_mat,iso3
Albania,-17.42546,1.2438,40.08547,-15.481370000000002,1.6053000000000002,-29.49001,1.3153700000000002,False,15.0,,19.0,,8.0,,ALB
Argentina,-13.772770000000001,1.7461200000000001,43.98348,-32.89992,1.71761,-2.80194,1.5963100000000001,False,19.0,,8.0,,30.0,,ARG
Armenia,-42.22439000000001,2.10822,35.44444,-49.454150000000006,2.10562,-59.7184,2.1026900000000004,False,4.0,,3.0,,3.0,,ARM
Australia,19.01434,0.7858200000000001,63.68189,18.49614,1.01478,30.722430000000003,0.7537800000000001,True,75.0,34.0,68.0,31.0,82.0,38.0,AUS
Austria,5.977790000000001,1.1826400000000001,54.15728000000001,12.3016,1.2838800000000001,7.748410000000001,1.09067,True,46.0,12.0,56.0,23.0,49.0,15.0,AUT
Azerbaijan,-43.173190000000005,1.5167100000000002,32.1017,-36.48489,1.7635,-66.2078,1.6105600000000002,False,3.0,,7.0,,2.0,,AZE
Belgium,10.441930000000001,1.01766,57.09619000000001,12.15623,1.1614300000000002,5.2355100000000006,1.0425300000000002,True,59.0,22.0,55.0,22.0,44.0,11.0,BEL
Brazil,-25.14844,0.9268900000000001,38.12368,-45.87039,0.9951400000000001,-9.98587,1.01464,False,11.0,,4.0,,23.0,,BRA
Brunei Darussalam,38.98087,0.68564,80.53279,30.768810000000002,0.86638,28.279670000000003,0.62551,False,83.0,,78.0,,80.0,,BRN
B-S-J-Z (China),-19.00919,0.61663,33.44332,18.596870000000003,0.7492500000000001,-35.04008,0.66547,False,14.0,,69.0,,6.0,,QCI
Bulgaria,-14.790210000000002,1.4775600000000002,43.355790000000006,-8.50642,1.7160300000000002,-13.65239,1.58301,False,17.0,,28.0,,19.0,,BGR
Cambodia,,,,,,,,False,,,,,,,
Canada,10.82905,0.7235100000000001,58.645070000000004,11.6447,0.71652,17.565610000000003,0.6652100000000001,True,60.0,23.0,54.0,21.0,69.0,29.0,CAN
Chile,5.98566,1.0955700000000002,54.911100000000005,-7.308960000000001,1.3062600000000002,26.189020000000003,1.14525,True,47.0,13.0,30.0,6.0,79.0,36.0,CHL
Colombia,-3.8055800000000004,1.4932900000000002,48.02964,-13.05962,1.5872700000000002,12.018120000000001,1.70449,True,30.0,4.0,21.0,3.0,56.0,21.0,COL
Costa Rica,6.52331,1.06948,55.38866,-6.706130000000001,1.03644,25.281730000000003,1.07057,True,48.0,14.0,32.0,7.0,77.0,34.0,CRI
Croatia,-23.836250000000003,1.10619,36.960040000000006,-23.280230000000003,1.31221,-20.14458,1.1128500000000001,False,12.0,,13.0,,13.0,,HRV
Cyprus,-4.343190000000001,1.5645900000000001,48.760760000000005,-0.68766,1.57244,-17.95139,1.4669200000000002,False,28.0,,38.0,,16.0,,CYP
Czechia,17.86121,0.94598,62.218830000000004,18.382070000000002,1.15392,15.561620000000001,1.0074100000000001,True,73.0,32.0,67.0,30.0,67.0,28.0,CZE
Denmark,17.35395,1.34051,61.20398000000001,13.84429,1.5082300000000002,8.628820000000001,1.3118500000000002,True,72.0,31.0,59.0,26.0,50.0,16.0,DNK
Dominican Republic,-10.592970000000001,1.1630800000000001,43.97626,-22.318990000000003,1.1951,-2.04301,1.3837400000000002,False,24.0,,14.0,,31.0,,DOM
Dushanbe (Tajikistan),,,,,,,,False,,,,,,,
Ecuador,3.0165200000000003,1.02339,54.07293000000001,-11.817490000000001,1.0999,15.06384,1.1839300000000001,False,38.0,,24.0,,65.0,,ECU
El Salvador,-9.6653,1.0131700000000001,44.41969,-17.125230000000002,1.1816300000000002,13.48629,1.18453,False,26.0,,18.0,,60.0,,SLV
Estonia,12.627040000000001,0.8210000000000001,59.77499,19.63213,0.9981000000000001,14.696180000000002,0.8679100000000001,True,66.0,27.0,70.0,32.0,63.0,26.0,EST
Finland,-2.36762,0.98904,48.99439,4.429250000000001,1.2475,11.855830000000001,0.9361300000000001,True,33.0,6.0,43.0,13.0,55.0,20.0,FIN
France,4.99174,0.9960300000000001,53.789750000000005,9.005550000000001,1.0441500000000001,11.78752,1.0032,True,43.0,10.0,53.0,20.0,54.0,19.0,FRA
Georgia,-29.86258,1.48855,36.48673,-19.631880000000002,1.4686800000000002,-37.35483,1.66327,False,8.0,,16.0,,5.0,,GEO
Germany,3.8600900000000005,1.04339,52.98751000000001,2.9801100000000003,1.05593,7.476540000000001,0.9899000000000001,True,39.0,7.0,41.0,12.0,47.0,13.0,DEU
Greece,8.014280000000001,1.27885,56.108720000000005,-2.2878800000000004,1.3437000000000001,3.45141,1.45266,True,53.0,17.0,34.0,8.0,42.0,9.0,GRC
Guatemala,-11.602120000000001,1.39067,44.744440000000004,-25.22633,1.68829,-7.184620000000001,1.7289200000000002,False,22.0,,12.0,,25.0,,GTM
Hong Kong (China),43.16028,1.5164300000000002,73.57858,38.39126,1.8692300000000002,11.149970000000001,1.31064,False,85.0,,82.0,,53.0,,HKG
Hungary,4.55212,0.9830500000000001,54.01814,8.84332,1.4214200000000001,7.542440000000001,0.96562,True,42.0,9.0,51.0,19.0,48.0,14.0,HUN
Iceland,31.29127,1.4599000000000002,67.8576,27.409920000000003,1.6399100000000002,10.2589,1.4015700000000002,True,80.0,38.0,75.0,34.0,51.0,17.0,ISL
Indonesia,11.557250000000002,0.97762,59.08827,8.973590000000002,1.11802,21.37402,1.12266,False,62.0,,52.0,,74.0,,IDN
Ireland,5.08875,1.00032,53.27476000000001,-10.617750000000001,0.9758600000000001,6.43245,0.8723900000000001,True,44.0,11.0,26.0,5.0,46.0,12.0,IRL
Israel,-13.890950000000002,1.68815,43.880520000000004,-28.043120000000002,1.87952,-19.933410000000002,1.46357,True,18.0,2.0,11.0,2.0,14.0,1.0,ISR
Italy,-3.2164400000000004,1.052,49.27675000000001,-12.892660000000001,1.22689,-3.99948,1.2046000000000001,True,32.0,5.0,22.0,4.0,28.0,3.0,ITA
Japan,22.284160000000004,1.1258000000000001,64.84435,34.76977,1.20158,20.458940000000002,1.2758500000000002,True,77.0,36.0,79.0,37.0,72.0,32.0,JPN
Jordan,-22.741850000000003,1.00485,35.31779,-7.941250000000001,1.17059,-19.4796,1.1927,False,13.0,,29.0,,15.0,,JOR
Kazakhstan,7.2133400000000005,0.6576200000000001,55.61464,15.15821,0.69901,-1.09558,0.8237300000000001,False,50.0,,61.0,,34.0,,KAZ
Kenya,-87.18677000000001,1.43812,10.721860000000001,-102.22028,1.81939,-88.77259000000001,1.63077,False,1.0,,1.0,,1.0,,KEN
Korea,11.745180000000001,1.3997400000000002,57.54798,16.406390000000002,1.43174,4.3254,1.42852,True,63.0,25.0,63.0,28.0,43.0,10.0,KOR
Kosovo,-27.462080000000004,1.31078,36.820660000000004,-38.3327,1.4603000000000002,-32.67528,1.2282600000000001,False,10.0,,5.0,,7.0,,XKX
Kurdistan Region (Iraq),,,,,,,,False,,,,,,,
Kyrgyzstan,-3.6966500000000004,1.1594900000000001,48.752120000000005,-12.528,1.29923,-17.07053,1.13664,False,31.0,,23.0,,17.0,,KGZ
Latvia,25.691560000000003,1.0455100000000002,66.09741000000001,38.389540000000004,1.13874,17.88447,1.05949,True,79.0,37.0,81.0,38.0,70.0,30.0,LVA
Lebanon,-39.34411,1.66717,35.42848,-30.22961,1.9196400000000002,-56.871140000000004,1.77252,False,5.0,,9.0,,4.0,,LBN
Lithuania,14.476110000000002,0.8851500000000001,60.35707000000001,16.558130000000002,1.1173600000000001,14.878240000000002,0.9897600000000001,True,69.0,29.0,64.0,29.0,64.0,27.0,LTU
Luxembourg,21.87486,0.86855,64.05416000000001,27.53892,1.1941400000000002,20.1826,1.03189,True,76.0,35.0,76.0,35.0,71.0,31.0,LUX
Macao (China),33.455040000000004,0.87533,73.17945,48.9155,1.00509,17.073330000000002,0.7528300000000001,False,81.0,,84.0,,68.0,,MAC
Malaysia,42.965,1.1693900000000002,82.60503000000001,43.93907,1.5349300000000001,48.465270000000004,0.8654400000000001,False,84.0,,83.0,,84.0,,MYS
Malta,-4.235200000000001,1.78617,48.233140000000006,6.622730000000001,2.06244,-6.06226,2.17578,False,29.0,,48.0,,26.0,,MLT
Mauritius,,,,,,,,False,,,,,,,
Mexico,16.269070000000003,0.8718600000000001,63.88998000000001,0.51178,0.9389600000000001,25.82166,0.9465000000000001,True,71.0,30.0,39.0,10.0,78.0,35.0,MEX
Moldova,9.37964,0.95557,57.02093000000001,3.50476,0.8718,6.064640000000001,0.9280200000000001,False,57.0,,42.0,,45.0,,MDA
Mongolia,-2.17889,0.96728,48.527280000000005,17.586660000000002,1.13386,-10.695450000000001,0.9372300000000001,False,34.0,,66.0,,22.0,,MNG
Montenegro,-31.030350000000002,1.1000800000000002,33.070910000000005,-37.26657,1.14005,-24.052840000000003,1.15513,False,7.0,,6.0,,10.0,,MNE
Morocco,-12.94884,2.1928300000000003,42.694230000000005,-6.967280000000001,2.5033800000000004,-22.0207,1.58183,False,20.0,,31.0,,12.0,,MAR
Netherlands,12.530750000000001,1.20307,58.14034,29.67479,1.22646,1.53278,1.24374,True,65.0,26.0,77.0,36.0,38.0,6.0,NLD
New Zealand,18.158820000000002,1.14724,62.332710000000006,13.744670000000001,1.3888800000000001,28.629550000000002,1.3362500000000002,True,74.0,33.0,58.0,25.0,81.0,37.0,NZL
North Macedonia,-15.30389,1.1620300000000001,42.94769,-22.070690000000003,1.36054,-28.266640000000002,1.18527,False,16.0,,15.0,,9.0,,MKD
Norway,9.079170000000001,1.3011700000000002,56.05684,5.60505,1.2803900000000001,10.61395,1.28342,True,55.0,19.0,44.0,14.0,52.0,18.0,NOR
Palestinian Authority,5.60867,1.18541,54.32495,-11.54531,1.37626,-1.9163800000000002,1.37755,False,45.0,,25.0,,32.0,,PSE
Paraguay,-31.357670000000002,1.30522,33.59485,-54.28345,1.5872400000000002,-22.650250000000003,1.38027,False,6.0,,2.0,,11.0,,PRY
Peru,7.040920000000001,0.94535,55.96244000000001,-1.4046500000000002,1.17033,15.11189,1.09247,False,49.0,,36.0,,66.0,,PER
Philippines,34.44979,0.9417200000000001,74.57888000000001,15.7063,0.8410000000000001,22.696360000000002,0.9840700000000001,False,82.0,,62.0,,75.0,,PHL
Poland,4.21935,1.32041,53.788380000000004,-0.8263100000000001,1.41979,-0.21554,1.26882,True,40.0,8.0,37.0,9.0,35.0,5.0,POL
Portugal,8.79903,1.0727200000000001,56.24136000000001,6.899520000000001,1.24537,12.85266,1.06458,True,54.0,18.0,49.0,17.0,59.0,24.0,PRT
Qatar,-0.18362,1.18232,50.08169,-6.599360000000001,1.36477,2.4035900000000003,1.1082800000000002,False,37.0,,33.0,,40.0,,QAT
Romania,-1.8837500000000003,1.17713,49.355030000000006,-13.130370000000001,1.50943,-8.778160000000002,1.0371000000000001,False,35.0,,20.0,,24.0,,ROU
Rwanda,,,,,,,,False,,,,,,,
Saudi Arabia,-10.250150000000001,1.0930900000000001,44.94737000000001,-10.015460000000001,1.3244300000000002,-3.14108,1.25512,False,25.0,,27.0,,29.0,,SAU
Serbia,-11.16641,1.35298,45.23541,-19.22509,1.37219,-13.34068,1.25608,False,23.0,,17.0,,20.0,,SRB
Singapore,12.35696,0.90597,59.00414000000001,20.04343,1.06755,0.9962400000000001,0.9828000000000001,False,64.0,,71.0,,37.0,,SGP
Slovak Republic,10.932340000000002,1.14259,58.32450000000001,14.268870000000001,1.51868,3.28031,1.33884,True,61.0,24.0,60.0,27.0,41.0,8.0,SVK
Slovenia,-7.22132,1.1856200000000001,46.584700000000005,6.07352,1.34389,-1.6615300000000002,1.0399,True,27.0,3.0,47.0,16.0,33.0,4.0,SVN
Spain,10.3963,0.7346400000000001,57.45481,13.096910000000001,0.82323,12.386840000000001,0.8041600000000001,True,58.0,21.0,57.0,24.0,58.0,23.0,ESP
Sweden,9.15206,1.2192,56.47498,7.66105,1.32146,12.170630000000001,1.1031000000000002,True,56.0,20.0,50.0,18.0,57.0,22.0,SWE
Switzerland,13.074840000000002,1.08284,58.518440000000005,21.18841,1.2918100000000001,2.12339,0.9103700000000001,True,68.0,28.0,72.0,33.0,39.0,7.0,CHE
Chinese Taipei,14.98216,0.99494,59.74483000000001,25.16222,1.18184,0.6228800000000001,1.12837,False,70.0,,74.0,,36.0,,TWN
Thailand,23.885640000000002,1.24662,66.42542,36.491170000000004,1.29956,32.26174,1.11732,False,78.0,,80.0,,83.0,,THA
Türkiye,-29.171270000000003,0.9688000000000001,30.651500000000002,-28.700960000000002,1.0465900000000001,-15.559350000000002,1.01276,True,9.0,1.0,10.0,1.0,18.0,2.0,TUR
Ukrainian regions (17 of 27),12.800600000000001,1.00601,58.535340000000005,17.21545,1.0872600000000001,13.778640000000001,1.0541,False,67.0,,65.0,,61.0,,QUA
United Arab Emirates,4.329070000000001,0.65822,53.38911,5.97027,0.7890800000000001,-4.664770000000001,0.8866900000000001,False,41.0,,46.0,,27.0,,ARE
United Kingdom,7.947070000000001,1.0353800000000002,56.279300000000006,5.638850000000001,1.10146,13.93754,1.0023000000000002,True,52.0,16.0,45.0,15.0,62.0,25.0,GBR
United States,7.2899400000000005,1.5067100000000002,56.439870000000006,2.37642,1.8274400000000002,24.334490000000002,1.5031500000000002,True,51.0,15.0,40.0,11.0,76.0,33.0,USA
Uruguay,-0.20333,1.18272,50.635250000000006,-1.6907800000000002,1.24876,20.813760000000002,0.95808,False,36.0,,35.0,,73.0,,URY
Uzbekistan,-55.23546,1.7364100000000002,23.340000000000003,,,,,False,2.0,,,,,,
Viet Nam,-11.98661,1.0108000000000001,42.7622,22.10498,0.9201400000000001,-13.00994,1.1899700000000002,False,21.0,,73.0,,21.0,,VNM
Zambia,,,,,,,,False,,,,,,,
