regime,test,measure,scope,spec,lam,rank_obs,N,p_obs_at_delta0,delta_upper90
IN,press,d_sd,all,linear,0.0,36,47,0.861,45.0
IN,stud,d_sd,all,linear,0.0,31,47,0.922,55.0
IN,press,d_sd,all,linear,0.25,36,47,0.868,65.0
IN,stud,d_sd,all,linear,0.25,31,47,0.92,75.0
IN,press,d_sd,all,linear,0.5,36,47,0.856,135.0
IN,stud,d_sd,all,linear,0.5,31,47,0.915,150.0
IN,press,d_pts,all,linear,0.0,20,47,0.835,40.0
IN,stud,d_pts,all,linear,0.0,21,47,0.829,40.0
IN,press,d_pts,all,linear,0.25,20,47,0.839,60.0
IN,stud,d_pts,all,linear,0.25,21,47,0.831,60.0
IN,press,d_pts,all,linear,0.5,20,47,0.853,125.0
IN,stud,d_pts,all,linear,0.5,21,47,0.851,120.0
IN,press,d_sd,all,quadratic,0.0,17,47,0.962,55.0
IN,stud,d_sd,all,quadratic,0.0,18,47,0.958,55.0
IN,press,d_sd,all,quadratic,0.25,17,47,0.963,75.0
IN,stud,d_sd,all,quadratic,0.25,18,47,0.959,75.0
IN,press,d_sd,all,quadratic,0.5,17,47,0.965,135.0
IN,stud,d_sd,all,quadratic,0.5,18,47,0.963,135.0
IN,press,d_pts,all,quadratic,0.0,5,47,0.958,50.0
IN,stud,d_pts,all,quadratic,0.0,6,47,0.96,55.0
IN,press,d_pts,all,quadratic,0.25,5,47,0.965,75.0
IN,stud,d_pts,all,quadratic,0.25,6,47,0.968,75.0
IN,press,d_pts,all,quadratic,0.5,5,47,0.965,140.0
IN,stud,d_pts,all,quadratic,0.5,6,47,0.966,140.0
IN,press,d_sd,oecd,linear,0.0,9,35,0.985,60.0
IN,stud,d_sd,oecd,linear,0.0,11,35,0.981,60.0
IN,press,d_sd,oecd,linear,0.25,9,35,0.98,90.0
IN,stud,d_sd,oecd,linear,0.25,11,35,0.981,90.0
IN,press,d_sd,oecd,linear,0.5,9,35,0.99,155.0
IN,stud,d_sd,oecd,linear,0.5,11,35,0.99,155.0
IN,press,d_pts,oecd,linear,0.0,13,35,0.983,50.0
IN,stud,d_pts,oecd,linear,0.0,14,35,0.983,50.0
IN,press,d_pts,oecd,linear,0.25,13,35,0.978,70.0
IN,stud,d_pts,oecd,linear,0.25,14,35,0.979,70.0
IN,press,d_pts,oecd,linear,0.5,13,35,0.985,125.0
IN,stud,d_pts,oecd,linear,0.5,14,35,0.985,125.0
IN,press,d_sd,oecd,quadratic,0.0,17,35,0.982,55.0
IN,stud,d_sd,oecd,quadratic,0.0,17,35,0.982,55.0
IN,press,d_sd,oecd,quadratic,0.25,17,35,0.978,75.0
IN,stud,d_sd,oecd,quadratic,0.25,17,35,0.978,80.0
IN,press,d_sd,oecd,quadratic,0.5,17,35,0.97,135.0
IN,stud,d_sd,oecd,quadratic,0.5,17,35,0.973,140.0
IN,press,d_pts,oecd,quadratic,0.0,17,35,0.978,45.0
IN,stud,d_pts,oecd,quadratic,0.0,17,35,0.978,45.0
IN,press,d_pts,oecd,quadratic,0.25,17,35,0.983,70.0
IN,stud,d_pts,oecd,quadratic,0.25,17,35,0.983,70.0
IN,press,d_pts,oecd,quadratic,0.5,17,35,0.977,120.0
IN,stud,d_pts,oecd,quadratic,0.5,17,35,0.98,120.0
