pair,scope,spec,measure,iso3,n,d,dC,C0,loo_pred,loo_err,rank_cond,p_cond,leverage
2015->2025,all,linear,d_sd,ARE,47,0.6888,15.237,432.5853,-0.3711,1.0598,42,0.8936,0.0876
2015->2025,all,linear,d_sd,AUS,47,-1.3531,-9.765,502.2637,-0.0366,-1.3165,5,0.1064,0.0344
2015->2025,all,linear,d_sd,AUT,47,-0.7388,-11.7753,492.215,0.0183,-0.7571,13,0.2766,0.0257
2015->2025,all,linear,d_sd,BEL,47,1.0272,-23.928,502.5027,0.1663,0.8609,39,0.8298,0.0298
2015->2025,all,linear,d_sd,BGR,47,0.1902,-35.3877,439.56,0.724,-0.5339,18,0.383,0.0919
2015->2025,all,linear,d_sd,BRA,47,-1.552,2.7383,395.0337,0.3399,-1.8919,2,0.0426,0.1163
2015->2025,all,linear,d_sd,CAN,47,-0.2885,-28.267,523.34,0.2143,-0.5027,19,0.4043,0.0488
2015->2025,all,linear,d_sd,CHL,47,0.1834,-15.8453,442.7327,0.2871,-0.1036,25,0.5319,0.042
2015->2025,all,linear,d_sd,COL,47,-0.4743,-12.2503,410.0927,0.4288,-0.9031,9,0.1915,0.0893
2015->2025,all,linear,d_sd,CRI,47,-0.6033,-6.751,415.783,0.2844,-0.8877,10,0.2128,0.0748
2015->2025,all,linear,d_sd,CZE,47,0.5992,-12.2073,490.8017,-0.0019,0.6011,29,0.617,0.0248
2015->2025,all,linear,d_sd,DEU,47,-0.8644,-36.5357,508.072,0.4821,-1.3465,3,0.0638,0.051
2015->2025,all,linear,d_sd,DNK,47,-0.2077,-34.8873,504.28,0.4264,-0.634,15,0.3191,0.0461
2015->2025,all,linear,d_sd,ESP,47,0.8058,-29.4243,491.4017,0.3286,0.4772,28,0.5957,0.0334
2015->2025,all,linear,d_sd,EST,47,-0.2244,-12.8697,524.2887,-0.1064,-0.1179,24,0.5106,0.0546
2015->2025,all,linear,d_sd,FIN,47,-0.4834,-40.2663,522.721,0.4914,-0.9749,8,0.1702,0.068
2015->2025,all,linear,d_sd,FRA,47,1.1708,-29.931,495.7347,0.3065,0.8643,40,0.8511,0.0346
2015->2025,all,linear,d_sd,GBR,47,-1.1811,-2.1707,499.891,-0.1727,-1.0084,7,0.1489,0.0463
2015->2025,all,linear,d_sd,GRC,47,1.1981,-31.5663,458.4997,0.4837,0.7144,35,0.7447,0.0542
2015->2025,all,linear,d_sd,HKG,47,0.9078,-33.4757,532.6277,0.2072,0.7006,34,0.7234,0.0645
2015->2025,all,linear,d_sd,HRV,47,-0.2448,-13.7713,475.4313,0.1148,-0.3596,20,0.4255,0.0216
2015->2025,all,linear,d_sd,HUN,47,1.227,-10.465,474.3673,0.0197,1.2073,43,0.9149,0.0228
2015->2025,all,linear,d_sd,ISL,47,0.3738,-43.1313,480.9297,0.6764,-0.3026,21,0.4468,0.0746
2015->2025,all,linear,d_sd,ISR,47,0.0144,-34.6537,471.7277,0.5555,-0.5411,17,0.3617,0.0518
2015->2025,all,linear,d_sd,ITA,47,0.8335,-9.9997,485.0113,-0.0269,0.8605,38,0.8085,0.0245
2015->2025,all,linear,d_sd,JPN,47,-1.0266,-7.0387,528.931,-0.184,-0.8426,11,0.234,0.0727
2015->2025,all,linear,d_sd,KOR,47,-1.3949,-2.7963,519.1177,-0.2062,-1.1887,6,0.1277,0.0678
2015->2025,all,linear,d_sd,LTU,47,2.0929,-1.305,475.3997,-0.2139,2.3068,47,1.0,0.0343
2015->2025,all,linear,d_sd,LUX,47,1.1168,-24.957,483.3387,0.2683,0.8485,37,0.7872,0.027
2015->2025,all,linear,d_sd,LVA,47,2.3694,-33.9163,486.7627,0.3645,2.0049,46,0.9787,0.0431
2015->2025,all,linear,d_sd,MAC,47,0.7803,3.3737,527.0163,-0.5764,1.3567,45,0.9574,0.101
2015->2025,all,linear,d_sd,MEX,47,0.5107,-12.6397,415.6697,0.3174,0.1933,27,0.5745,0.079
2015->2025,all,linear,d_sd,MNE,47,-0.0899,2.827,418.7107,0.0288,-0.1187,23,0.4894,0.0747
2015->2025,all,linear,d_sd,NLD,47,0.3108,-37.907,507.929,0.4481,-0.1372,22,0.4681,0.0543
2015->2025,all,linear,d_sd,NOR,47,1.2564,-46.203,504.4673,0.5604,0.696,33,0.7021,0.0797
2015->2025,all,linear,d_sd,NZL,47,-1.35,-10.579,505.9327,-0.0333,-1.3168,4,0.0851,0.0364
2015->2025,all,linear,d_sd,PER,47,-0.4004,-0.87,393.5953,0.2757,-0.6761,14,0.2979,0.1183
2015->2025,all,linear,d_sd,PRT,47,0.9586,-29.0567,496.952,0.2921,0.6665,31,0.6596,0.0334
2015->2025,all,linear,d_sd,SGP,47,-1.1472,0.9277,551.6217,-0.3822,-0.765,12,0.2553,0.1459
2015->2025,all,linear,d_sd,SVK,47,1.1374,1.1393,462.8397,-0.1808,1.3183,44,0.9362,0.0385
2015->2025,all,linear,d_sd,SVN,47,1.2248,-46.5647,509.3333,0.5475,0.6773,32,0.6809,0.0816
2015->2025,all,linear,d_sd,SWE,47,-0.3368,-23.8993,495.832,0.2345,-0.5712,16,0.3404,0.0271
2015->2025,all,linear,d_sd,THA,47,1.066,-5.032,415.3103,0.1148,0.9512,41,0.8723,0.0754
2015->2025,all,linear,d_sd,TUR,47,-0.4368,51.2107,424.7597,-1.1568,0.72,36,0.766,0.296
2015->2025,all,linear,d_sd,TWN,47,0.0381,7.304,523.9223,-0.5703,0.6084,30,0.6383,0.111
2015->2025,all,linear,d_sd,URY,47,0.2834,-5.762,429.9757,0.1318,0.1515,26,0.5532,0.0537
2015->2025,all,linear,d_sd,USA,47,-2.2028,-2.9517,487.6017,-0.0775,-2.1253,1,0.0213,0.0357
2015->2025,all,linear,d_pts,ARE,47,7.1215,15.237,432.5853,-5.5588,12.6803,39,0.8298,0.0876
2015->2025,all,linear,d_pts,AUS,47,-9.8074,-9.765,502.2637,-0.8933,-8.914,14,0.2979,0.0344
2015->2025,all,linear,d_pts,AUT,47,-7.7599,-11.7753,492.215,0.4234,-8.1833,15,0.3191,0.0257
2015->2025,all,linear,d_pts,BEL,47,11.39,-23.928,502.5027,3.2847,8.1053,35,0.7447,0.0298
2015->2025,all,linear,d_pts,BGR,47,-0.9157,-35.3877,439.56,13.2996,-14.2153,10,0.2128,0.0919
2015->2025,all,linear,d_pts,BRA,47,-25.4978,2.7383,395.0337,6.1853,-31.6831,1,0.0213,0.1163
2015->2025,all,linear,d_pts,CAN,47,-2.6731,-28.267,523.34,3.7604,-6.4335,17,0.3617,0.0488
2015->2025,all,linear,d_pts,CHL,47,7.0426,-15.8453,442.7327,5.135,1.9077,26,0.5532,0.042
2015->2025,all,linear,d_pts,COL,47,-2.2435,-12.2503,410.0927,7.2605,-9.504,13,0.2766,0.0893
2015->2025,all,linear,d_pts,CRI,47,0.317,-6.751,415.783,4.4615,-4.1445,21,0.4468,0.0748
2015->2025,all,linear,d_pts,CZE,47,10.5593,-12.2073,490.8017,0.2047,10.3546,38,0.8085,0.0248
2015->2025,all,linear,d_pts,DEU,47,-10.4015,-36.5357,508.072,8.2928,-18.6943,4,0.0851,0.051
2015->2025,all,linear,d_pts,DNK,47,1.3336,-34.8873,504.28,7.3425,-6.0089,18,0.383,0.0461
2015->2025,all,linear,d_pts,ESP,47,12.362,-29.4243,491.4017,5.97,6.3919,32,0.6809,0.0334
2015->2025,all,linear,d_pts,EST,47,-2.3273,-12.8697,524.2887,-1.748,-0.5793,24,0.5106,0.0546
2015->2025,all,linear,d_pts,FIN,47,-7.2001,-40.2663,522.721,8.585,-15.785,6,0.1277,0.068
2015->2025,all,linear,d_pts,FRA,47,13.9465,-29.931,495.7347,5.7506,8.196,36,0.766,0.0346
2015->2025,all,linear,d_pts,GBR,47,-14.4561,-2.1707,499.891,-3.0401,-11.416,11,0.234,0.0463
2015->2025,all,linear,d_pts,GRC,47,15.5337,-31.5663,458.4997,8.9647,6.569,33,0.7021,0.0542
2015->2025,all,linear,d_pts,HKG,47,17.506,-33.4757,532.6277,3.6123,13.8937,41,0.8723,0.0645
2015->2025,all,linear,d_pts,HRV,47,-14.4194,-13.7713,475.4313,2.4801,-16.8995,5,0.1064,0.0216
2015->2025,all,linear,d_pts,HUN,47,14.3094,-10.465,474.3673,0.7775,13.5319,40,0.8511,0.0228
2015->2025,all,linear,d_pts,ISL,47,14.675,-43.1313,480.9297,11.2916,3.3834,28,0.5957,0.0746
2015->2025,all,linear,d_pts,ISR,47,-9.4581,-34.6537,471.7277,10.4098,-19.8678,3,0.0638,0.0518
2015->2025,all,linear,d_pts,ITA,47,2.8142,-9.9997,485.0113,0.0808,2.7334,27,0.5745,0.0245
2015->2025,all,linear,d_pts,JPN,47,-8.202,-7.0387,528.931,-3.7504,-4.4516,19,0.4043,0.0727
2015->2025,all,linear,d_pts,KOR,47,-18.4274,-2.7963,519.1177,-3.7793,-14.6481,7,0.1489,0.0678
2015->2025,all,linear,d_pts,LTU,47,26.45,-1.305,475.3997,-3.0706,29.5206,46,0.9787,0.0343
2015->2025,all,linear,d_pts,LUX,47,20.3919,-24.957,483.3387,4.8601,15.5318,42,0.8936,0.027
2015->2025,all,linear,d_pts,LVA,47,36.8228,-33.9163,486.7627,6.7323,30.0905,47,1.0,0.0431
2015->2025,all,linear,d_pts,MAC,47,13.8012,3.3737,527.0163,-9.8055,23.6067,44,0.9362,0.101
2015->2025,all,linear,d_pts,MEX,47,15.4198,-12.6397,415.6697,5.3354,10.0844,37,0.7872,0.079
2015->2025,all,linear,d_pts,MNE,47,-12.7675,2.827,418.7107,1.8179,-14.5854,8,0.1702,0.0747
2015->2025,all,linear,d_pts,NLD,47,6.7058,-37.907,507.929,7.872,-1.1662,22,0.4681,0.0543
2015->2025,all,linear,d_pts,NOR,47,15.4014,-46.203,504.4673,10.4465,4.9549,30,0.6383,0.0797
2015->2025,all,linear,d_pts,NZL,47,-11.4762,-10.579,505.9327,-0.808,-10.6682,12,0.2553,0.0364
2015->2025,all,linear,d_pts,PER,47,2.8988,-0.87,393.5953,3.9362,-1.0375,23,0.4894,0.1183
2015->2025,all,linear,d_pts,PRT,47,12.1072,-29.0567,496.952,5.4286,6.6786,34,0.7234,0.0334
2015->2025,all,linear,d_pts,SGP,47,-20.653,0.9277,551.6217,-6.3197,-14.3333,9,0.1915,0.1459
2015->2025,all,linear,d_pts,SVK,47,14.1213,1.1393,462.8397,-2.5956,16.7169,43,0.9149,0.0385
2015->2025,all,linear,d_pts,SVN,47,10.6989,-46.5647,509.3333,10.5965,0.1024,25,0.5319,0.0816
2015->2025,all,linear,d_pts,SWE,47,-2.6589,-23.8993,495.832,4.1931,-6.852,16,0.3404,0.0271
2015->2025,all,linear,d_pts,THA,47,28.4462,-5.032,415.3103,1.5846,26.8616,45,0.9574,0.0754
2015->2025,all,linear,d_pts,TUR,47,-18.9031,51.2107,424.7597,-14.6667,-4.2364,20,0.4255,0.296
2015->2025,all,linear,d_pts,TWN,47,-3.9298,7.304,523.9223,-9.0809,5.1511,31,0.6596,0.111
2015->2025,all,linear,d_pts,URY,47,7.3682,-5.762,429.9757,2.5158,4.8523,29,0.617,0.0537
2015->2025,all,linear,d_pts,USA,47,-23.6399,-2.9517,487.6017,-1.6178,-22.022,2,0.0426,0.0357
2015->2025,all,quadratic,d_sd,ARE,47,0.2715,15.237,432.5853,-0.2842,0.5558,32,0.6809,0.0876
2015->2025,all,quadratic,d_sd,AUS,47,-1.5323,-9.765,502.2637,0.1089,-1.6412,2,0.0426,0.0344
2015->2025,all,quadratic,d_sd,AUT,47,-1.1698,-11.7753,492.215,0.0725,-1.2423,6,0.1277,0.0257
2015->2025,all,quadratic,d_sd,BEL,47,0.7997,-23.928,502.5027,0.1069,0.6928,37,0.7872,0.0298
2015->2025,all,quadratic,d_sd,BGR,47,-0.2249,-35.3877,439.56,0.0738,-0.2986,18,0.383,0.0919
2015->2025,all,quadratic,d_sd,BRA,47,-1.0408,2.7383,395.0337,-0.1507,-0.8901,11,0.234,0.1163
2015->2025,all,quadratic,d_sd,CAN,47,0.0156,-28.267,523.34,0.2064,-0.1909,20,0.4255,0.0488
2015->2025,all,quadratic,d_sd,CHL,47,-0.3666,-15.8453,442.7327,-0.0354,-0.3312,16,0.3404,0.042
2015->2025,all,quadratic,d_sd,COL,47,-0.2938,-12.2503,410.0927,-0.1266,-0.1672,21,0.4468,0.0893
2015->2025,all,quadratic,d_sd,CRI,47,-0.646,-6.751,415.783,-0.1182,-0.5278,14,0.2979,0.0748
2015->2025,all,quadratic,d_sd,CZE,47,0.2179,-12.2073,490.8017,0.035,0.1829,25,0.5319,0.0248
2015->2025,all,quadratic,d_sd,DEU,47,-1.1647,-36.5357,508.072,0.28,-1.4448,4,0.0851,0.051
2015->2025,all,quadratic,d_sd,DNK,47,-0.5371,-34.8873,504.28,0.2242,-0.7613,12,0.2553,0.0461
2015->2025,all,quadratic,d_sd,ESP,47,0.313,-29.4243,491.4017,0.1252,0.1878,26,0.5532,0.0334
2015->2025,all,quadratic,d_sd,EST,47,0.3589,-12.8697,524.2887,0.1044,0.2545,27,0.5745,0.0546
2015->2025,all,quadratic,d_sd,FIN,47,-0.3651,-40.2663,522.721,0.3044,-0.6695,13,0.2766,0.068
2015->2025,all,quadratic,d_sd,FRA,47,0.7596,-29.931,495.7347,0.1218,0.6378,33,0.7021,0.0346
2015->2025,all,quadratic,d_sd,GBR,47,-1.3381,-2.1707,499.891,0.0725,-1.4106,5,0.1064,0.0463
2015->2025,all,quadratic,d_sd,GRC,47,0.5725,-31.5663,458.4997,0.0399,0.5325,31,0.6596,0.0542
2015->2025,all,quadratic,d_sd,HKG,47,1.5985,-33.4757,532.6277,0.1521,1.4464,44,0.9362,0.0645
2015->2025,all,quadratic,d_sd,HRV,47,-0.9561,-13.7713,475.4313,0.0346,-0.9907,8,0.1702,0.0216
2015->2025,all,quadratic,d_sd,HUN,47,0.6469,-10.465,474.3673,-0.0218,0.6687,35,0.7447,0.0228
2015->2025,all,quadratic,d_sd,ISL,47,-0.264,-43.1313,480.9297,0.2158,-0.4798,15,0.3191,0.0746
2015->2025,all,quadratic,d_sd,ISR,47,-0.7481,-34.6537,471.7277,0.1618,-0.9099,10,0.2128,0.0518
2015->2025,all,quadratic,d_sd,ITA,47,0.344,-9.9997,485.0113,0.0067,0.3373,28,0.5957,0.0245
2015->2025,all,quadratic,d_sd,JPN,47,-0.1592,-7.0387,528.931,0.1182,-0.2774,19,0.4043,0.0727
2015->2025,all,quadratic,d_sd,KOR,47,-0.9157,-2.7963,519.1177,0.1242,-1.0399,7,0.1489,0.0678
2015->2025,all,quadratic,d_sd,LTU,47,1.6447,-1.305,475.3997,-0.1127,1.7574,45,0.9574,0.0343
2015->2025,all,quadratic,d_sd,LUX,47,0.5701,-24.957,483.3387,0.0765,0.4936,30,0.6383,0.027
2015->2025,all,quadratic,d_sd,LVA,47,1.9,-33.9163,486.7627,0.0656,1.8344,46,0.9787,0.0431
2015->2025,all,quadratic,d_sd,MAC,47,1.8781,3.3737,527.0163,-0.1677,2.0458,47,1.0,0.101
2015->2025,all,quadratic,d_sd,MEX,47,0.5858,-12.6397,415.6697,-0.1881,0.7738,39,0.8298,0.079
2015->2025,all,quadratic,d_sd,MNE,47,-0.3084,2.827,418.7107,-0.1929,-0.1155,23,0.4894,0.0747
2015->2025,all,quadratic,d_sd,NLD,47,0.0722,-37.907,507.929,0.2213,-0.1491,22,0.4681,0.0543
2015->2025,all,quadratic,d_sd,NOR,47,0.931,-46.203,504.4673,0.19,0.741,38,0.8085,0.0797
2015->2025,all,quadratic,d_sd,NZL,47,-1.4396,-10.579,505.9327,0.1219,-1.5615,3,0.0638,0.0364
2015->2025,all,quadratic,d_sd,PER,47,0.3259,-0.87,393.5953,-0.3142,0.64,34,0.7234,0.1183
2015->2025,all,quadratic,d_sd,PRT,47,0.5674,-29.0567,496.952,0.1273,0.4401,29,0.617,0.0334
2015->2025,all,quadratic,d_sd,SGP,47,1.1139,0.9277,551.6217,-0.0648,1.1787,42,0.8936,0.1459
2015->2025,all,quadratic,d_sd,SVK,47,0.5527,1.1393,462.8397,-0.1193,0.672,36,0.766,0.0385
2015->2025,all,quadratic,d_sd,SVN,47,0.988,-46.5647,509.3333,0.1974,0.7907,40,0.8511,0.0816
2015->2025,all,quadratic,d_sd,SWE,47,-0.7804,-23.8993,495.832,0.1373,-0.9176,9,0.1915,0.0271
2015->2025,all,quadratic,d_sd,THA,47,1.147,-5.032,415.3103,-0.275,1.4221,43,0.9149,0.0754
2015->2025,all,quadratic,d_sd,TUR,47,-0.6709,51.2107,424.7597,-0.3462,-0.3248,17,0.3617,0.296
2015->2025,all,quadratic,d_sd,TWN,47,1.0043,7.304,523.9223,-0.1126,1.1169,41,0.8723,0.111
2015->2025,all,quadratic,d_sd,URY,47,-0.0812,-5.762,429.9757,-0.1338,0.0526,24,0.5106,0.0537
2015->2025,all,quadratic,d_sd,USA,47,-2.7083,-2.9517,487.6017,0.0832,-2.7916,1,0.0213,0.0357
2015->2025,all,quadratic,d_pts,ARE,47,-0.1135,15.237,432.5853,-4.7636,4.6501,32,0.6809,0.0876
2015->2025,all,quadratic,d_pts,AUS,47,-11.1262,-9.765,502.2637,1.3113,-12.4376,11,0.234,0.0344
2015->2025,all,quadratic,d_pts,AUT,47,-12.8667,-11.7753,492.215,1.049,-13.9156,9,0.1915,0.0257
2015->2025,all,quadratic,d_pts,BEL,47,7.2923,-23.928,502.5027,2.1589,5.1333,35,0.7447,0.0298
2015->2025,all,quadratic,d_pts,BGR,47,-6.7386,-35.3877,439.56,1.7693,-8.5079,15,0.3191,0.0919
2015->2025,all,quadratic,d_pts,BRA,47,-20.3252,2.7383,395.0337,-2.5065,-17.8187,6,0.1277,0.1163
2015->2025,all,quadratic,d_pts,CAN,47,0.7978,-28.267,523.34,3.7066,-2.9087,18,0.383,0.0488
2015->2025,all,quadratic,d_pts,CHL,47,-1.4269,-15.8453,442.7327,-0.8196,-0.6073,20,0.4255,0.042
2015->2025,all,quadratic,d_pts,COL,47,-1.4293,-12.2503,410.0927,-2.5908,1.1615,23,0.4894,0.0893
2015->2025,all,quadratic,d_pts,CRI,47,-1.9535,-6.751,415.783,-2.8839,0.9305,22,0.4681,0.0748
2015->2025,all,quadratic,d_pts,CZE,47,4.9802,-12.2073,490.8017,0.5692,4.4111,30,0.6383,0.0248
2015->2025,all,quadratic,d_pts,DEU,47,-14.6847,-36.5357,508.072,4.7867,-19.4714,4,0.0851,0.051
2015->2025,all,quadratic,d_pts,DNK,47,-3.8842,-34.8873,504.28,3.8347,-7.7189,16,0.3404,0.0461
2015->2025,all,quadratic,d_pts,ESP,47,4.5785,-29.4243,491.4017,2.352,2.2265,25,0.5319,0.0334
2015->2025,all,quadratic,d_pts,EST,47,5.9322,-12.8697,524.2887,1.8364,4.0957,29,0.617,0.0546
2015->2025,all,quadratic,d_pts,FIN,47,-6.6068,-40.2663,522.721,5.5707,-12.1775,12,0.2553,0.068
2015->2025,all,quadratic,d_pts,FRA,47,7.07,-29.931,495.7347,2.4886,4.5814,31,0.6596,0.0346
2015->2025,all,quadratic,d_pts,GBR,47,-14.8509,-2.1707,499.891,0.7524,-15.6034,7,0.1489,0.0463
2015->2025,all,quadratic,d_pts,GRC,47,5.8572,-31.5663,458.4997,1.0904,4.7668,33,0.7021,0.0542
2015->2025,all,quadratic,d_pts,HKG,47,24.469,-33.4757,532.6277,3.0715,21.3975,44,0.9362,0.0645
2015->2025,all,quadratic,d_pts,HRV,47,-23.3277,-13.7713,475.4313,0.7508,-24.0784,2,0.0426,0.0216
2015->2025,all,quadratic,d_pts,HUN,47,5.6015,-10.465,474.3673,-0.2757,5.8771,36,0.766,0.0228
2015->2025,all,quadratic,d_pts,ISL,47,4.8797,-43.1313,480.9297,3.2674,1.6123,24,0.5106,0.0746
2015->2025,all,quadratic,d_pts,ISR,47,-19.5913,-34.6537,471.7277,3.3653,-22.9566,3,0.0638,0.0518
2015->2025,all,quadratic,d_pts,ITA,47,-3.8654,-9.9997,485.0113,0.333,-4.1983,17,0.3617,0.0245
2015->2025,all,quadratic,d_pts,JPN,47,4.7851,-7.0387,528.931,1.4134,3.3717,28,0.5957,0.0727
2015->2025,all,quadratic,d_pts,KOR,47,-9.8054,-2.7963,519.1177,1.6233,-11.4287,13,0.2766,0.0678
2015->2025,all,quadratic,d_pts,LTU,47,19.1069,-1.305,475.3997,-1.7337,20.8407,43,0.9149,0.0343
2015->2025,all,quadratic,d_pts,LUX,47,11.5823,-24.957,483.3387,1.3864,10.1959,38,0.8085,0.027
2015->2025,all,quadratic,d_pts,LVA,47,27.8681,-33.9163,486.7627,1.5604,26.3077,45,0.9574,0.0431
2015->2025,all,quadratic,d_pts,MAC,47,29.4881,3.3737,527.0163,-2.7133,32.2013,47,1.0,0.101
2015->2025,all,quadratic,d_pts,MEX,47,14.0218,-12.6397,415.6697,-3.6224,17.6442,42,0.8936,0.079
2015->2025,all,quadratic,d_pts,MNE,47,-16.9569,2.827,418.7107,-2.5848,-14.3721,8,0.1702,0.0747
2015->2025,all,quadratic,d_pts,NLD,47,2.1876,-37.907,507.929,4.0246,-1.837,19,0.4043,0.0543
2015->2025,all,quadratic,d_pts,NOR,47,9.0066,-46.203,504.4673,4.2396,4.7669,34,0.7234,0.0797
2015->2025,all,quadratic,d_pts,NZL,47,-11.5282,-10.579,505.9327,1.5877,-13.1159,10,0.2128,0.0364
2015->2025,all,quadratic,d_pts,PER,47,9.4854,-0.87,393.5953,-6.12,15.6054,41,0.8723,0.1183
2015->2025,all,quadratic,d_pts,PRT,47,5.6377,-29.0567,496.952,2.5026,3.1351,26,0.5532,0.0334
2015->2025,all,quadratic,d_pts,SGP,47,12.6225,0.9277,551.6217,-0.1049,12.7274,40,0.8511,0.1459
2015->2025,all,quadratic,d_pts,SVK,47,5.3867,1.1393,462.8397,-2.0423,7.4291,37,0.7872,0.0385
2015->2025,all,quadratic,d_pts,SVN,47,5.566,-46.5647,509.3333,4.7832,0.7828,21,0.4468,0.0816
2015->2025,all,quadratic,d_pts,SWE,47,-8.7253,-23.8993,495.832,2.3474,-11.0727,14,0.2979,0.0271
2015->2025,all,quadratic,d_pts,THA,47,26.1288,-5.032,415.3103,-5.3814,31.5102,46,0.9787,0.0754
2015->2025,all,quadratic,d_pts,TUR,47,-21.9631,51.2107,424.7597,-2.5081,-19.455,5,0.1064,0.296
2015->2025,all,quadratic,d_pts,TWN,47,11.3033,7.304,523.9223,-1.3832,12.6865,39,0.8298,0.111
2015->2025,all,quadratic,d_pts,URY,47,0.8284,-5.762,429.9757,-2.5365,3.3649,27,0.5745,0.0537
2015->2025,all,quadratic,d_pts,USA,47,-28.3977,-2.9517,487.6017,0.6621,-29.0598,1,0.0213,0.0357
2015->2025,oecd,linear,d_sd,AUS,35,-0.6421,-9.765,502.2637,-0.1249,-0.5171,13,0.3714,0.0541
2015->2025,oecd,linear,d_sd,AUT,35,-0.7225,-11.7753,492.215,-0.0936,-0.6289,11,0.3143,0.0375
2015->2025,oecd,linear,d_sd,BEL,35,0.9481,-23.928,502.5027,0.1579,0.7902,29,0.8286,0.0369
2015->2025,oecd,linear,d_sd,CAN,35,0.0073,-28.267,523.34,0.3404,-0.3331,15,0.4286,0.0702
2015->2025,oecd,linear,d_sd,CHL,35,-0.2366,-15.8453,442.7327,-0.0661,-0.1705,16,0.4571,0.0884
2015->2025,oecd,linear,d_sd,COL,35,-1.5654,-12.2503,410.0927,0.1543,-1.7198,3,0.0857,0.2107
2015->2025,oecd,linear,d_sd,CRI,35,-1.1154,-6.751,415.783,-0.1667,-0.9487,7,0.2,0.1751
2015->2025,oecd,linear,d_sd,CZE,35,0.9001,-12.2073,490.8017,-0.146,1.0461,30,0.8571,0.0358
2015->2025,oecd,linear,d_sd,DEU,35,-1.0553,-36.5357,508.072,0.5923,-1.6476,4,0.1143,0.0583
2015->2025,oecd,linear,d_sd,DNK,35,-0.0058,-34.8873,504.28,0.4772,-0.483,14,0.4,0.0519
2015->2025,oecd,linear,d_sd,ESP,35,0.8206,-29.4243,491.4017,0.2847,0.5359,26,0.7429,0.0379
2015->2025,oecd,linear,d_sd,EST,35,0.2633,-12.8697,524.2887,-0.0845,0.3478,23,0.6571,0.0962
2015->2025,oecd,linear,d_sd,FIN,35,-0.5995,-40.2663,522.721,0.715,-1.3145,5,0.1429,0.0844
2015->2025,oecd,linear,d_sd,FRA,35,0.9897,-29.931,495.7347,0.2956,0.6942,28,0.8,0.0389
2015->2025,oecd,linear,d_sd,GBR,35,-1.0728,-2.1707,499.891,-0.2778,-0.7949,8,0.2286,0.0757
2015->2025,oecd,linear,d_sd,GRC,35,0.5093,-31.5663,458.4997,0.2969,0.2124,22,0.6286,0.0875
2015->2025,oecd,linear,d_sd,HUN,35,0.9373,-10.465,474.3673,-0.2119,1.1492,31,0.8857,0.0358
2015->2025,oecd,linear,d_sd,ISL,35,0.7571,-43.1313,480.9297,0.6066,0.1505,19,0.5429,0.094
2015->2025,oecd,linear,d_sd,ISR,35,-1.6677,-34.6537,471.7277,0.5645,-2.2321,1,0.0286,0.071
2015->2025,oecd,linear,d_sd,ITA,35,0.0144,-9.9997,485.0113,-0.1757,0.19,21,0.6,0.0364
2015->2025,oecd,linear,d_sd,JPN,35,-0.0513,-7.0387,528.931,-0.2058,0.1545,20,0.5714,0.1338
2015->2025,oecd,linear,d_sd,KOR,35,-1.1341,-2.7963,519.1177,-0.1846,-0.9494,6,0.1714,0.1205
2015->2025,oecd,linear,d_sd,LTU,35,2.1802,-1.305,475.3997,-0.5388,2.719,35,1.0,0.055
2015->2025,oecd,linear,d_sd,LUX,35,1.5163,-24.957,483.3387,0.1424,1.3739,32,0.9143,0.0331
2015->2025,oecd,linear,d_sd,LVA,35,2.9214,-33.9163,486.7627,0.2735,2.6479,34,0.9714,0.0504
2015->2025,oecd,linear,d_sd,MEX,35,0.1608,-12.6397,415.6697,-0.2715,0.4323,25,0.7143,0.1846
2015->2025,oecd,linear,d_sd,NLD,35,0.4773,-37.907,507.929,0.5324,-0.0551,18,0.5143,0.0618
2015->2025,oecd,linear,d_sd,NOR,35,1.0409,-46.203,504.4673,0.6919,0.349,24,0.6857,0.0911
2015->2025,oecd,linear,d_sd,NZL,35,-0.7625,-10.579,505.9327,-0.0896,-0.6729,10,0.2857,0.0583
2015->2025,oecd,linear,d_sd,PRT,35,0.8681,-29.0567,496.952,0.2809,0.5872,27,0.7714,0.0378
2015->2025,oecd,linear,d_sd,SVK,35,0.9038,1.1393,462.8397,-0.5595,1.4633,33,0.9429,0.0656
2015->2025,oecd,linear,d_sd,SVN,35,0.6443,-46.5647,509.3333,0.7481,-0.1038,17,0.4857,0.0935
2015->2025,oecd,linear,d_sd,SWE,35,-0.3767,-23.8993,495.832,0.1965,-0.5732,12,0.3429,0.0322
2015->2025,oecd,linear,d_sd,TUR,35,-2.1317,51.2107,424.7597,-1.3686,-0.763,9,0.2571,0.4496
2015->2025,oecd,linear,d_sd,USA,35,-2.0608,-2.9517,487.6017,-0.2321,-1.8288,2,0.0571,0.0561
2015->2025,oecd,linear,d_pts,AUS,35,-8.1986,-9.765,502.2637,-1.367,-6.8316,11,0.3143,0.0541
2015->2025,oecd,linear,d_pts,AUT,35,-8.2455,-11.7753,492.215,-1.0509,-7.1946,10,0.2857,0.0375
2015->2025,oecd,linear,d_pts,BEL,35,10.925,-23.928,502.5027,1.6664,9.2586,29,0.8286,0.0369
2015->2025,oecd,linear,d_pts,CAN,35,-0.0664,-28.267,523.34,3.6553,-3.7217,15,0.4286,0.0702
2015->2025,oecd,linear,d_pts,CHL,35,-2.8851,-15.8453,442.7327,-0.6124,-2.2727,16,0.4571,0.0884
2015->2025,oecd,linear,d_pts,COL,35,-17.4612,-12.2503,410.0927,1.9524,-19.4136,3,0.0857,0.2107
2015->2025,oecd,linear,d_pts,CRI,35,-13.0631,-6.751,415.783,-1.501,-11.5621,6,0.1714,0.1751
2015->2025,oecd,linear,d_pts,CZE,35,9.7569,-12.2073,490.8017,-1.6302,11.387,30,0.8571,0.0358
2015->2025,oecd,linear,d_pts,DEU,35,-11.7562,-36.5357,508.072,6.4655,-18.2217,4,0.1143,0.0583
2015->2025,oecd,linear,d_pts,DNK,35,-0.4518,-34.8873,504.28,5.2191,-5.6709,14,0.4,0.0519
2015->2025,oecd,linear,d_pts,ESP,35,9.0938,-29.4243,491.4017,3.1065,5.9873,26,0.7429,0.0379
2015->2025,oecd,linear,d_pts,EST,35,2.7496,-12.8697,524.2887,-1.0271,3.7767,23,0.6571,0.0962
2015->2025,oecd,linear,d_pts,FIN,35,-6.497,-40.2663,522.721,7.761,-14.258,5,0.1429,0.0844
2015->2025,oecd,linear,d_pts,FRA,35,11.3762,-29.931,495.7347,3.1987,8.1776,28,0.8,0.0389
2015->2025,oecd,linear,d_pts,GBR,35,-12.1361,-2.1707,499.891,-3.086,-9.0501,8,0.2286,0.0757
2015->2025,oecd,linear,d_pts,GRC,35,6.0715,-31.5663,458.4997,3.2772,2.7943,21,0.6,0.0875
2015->2025,oecd,linear,d_pts,HUN,35,10.8333,-10.465,474.3673,-2.3433,13.1766,31,0.8857,0.0358
2015->2025,oecd,linear,d_pts,ISL,35,7.4891,-43.1313,480.9297,6.7671,0.722,19,0.5429,0.094
2015->2025,oecd,linear,d_pts,ISR,35,-17.02,-34.6537,471.7277,6.1335,-23.1536,1,0.0286,0.071
2015->2025,oecd,linear,d_pts,ITA,35,1.3079,-9.9997,485.0113,-1.993,3.3009,22,0.6286,0.0364
2015->2025,oecd,linear,d_pts,JPN,35,-1.425,-7.0387,528.931,-2.2635,0.8385,20,0.5714,0.1338
2015->2025,oecd,linear,d_pts,KOR,35,-12.7684,-2.7963,519.1177,-2.0991,-10.6693,7,0.2,0.1205
2015->2025,oecd,linear,d_pts,LTU,35,24.527,-1.305,475.3997,-5.9574,30.4844,35,1.0,0.055
2015->2025,oecd,linear,d_pts,LUX,35,16.3518,-24.957,483.3387,1.5711,14.7807,32,0.9143,0.0331
2015->2025,oecd,linear,d_pts,LVA,35,32.0552,-33.9163,486.7627,3.0022,29.053,34,0.9714,0.0504
2015->2025,oecd,linear,d_pts,MEX,35,1.1396,-12.6397,415.6697,-2.6752,3.8148,24,0.6857,0.1846
2015->2025,oecd,linear,d_pts,NLD,35,5.1207,-37.907,507.929,5.8067,-0.686,17,0.4857,0.0618
2015->2025,oecd,linear,d_pts,NOR,35,11.9586,-46.203,504.4673,7.5117,4.4468,25,0.7143,0.0911
2015->2025,oecd,linear,d_pts,NZL,35,-9.3341,-10.579,505.9327,-0.9935,-8.3406,9,0.2571,0.0583
2015->2025,oecd,linear,d_pts,PRT,35,9.8849,-29.0567,496.952,3.0412,6.8437,27,0.7714,0.0378
2015->2025,oecd,linear,d_pts,SVK,35,10.3213,1.1393,462.8397,-6.1513,16.4726,33,0.9429,0.0656
2015->2025,oecd,linear,d_pts,SVN,35,8.0707,-46.5647,509.3333,8.0678,0.0029,18,0.5143,0.0935
2015->2025,oecd,linear,d_pts,SWE,35,-4.3105,-23.8993,495.832,2.1315,-6.4421,12,0.3429,0.0322
2015->2025,oecd,linear,d_pts,TUR,35,-22.0191,51.2107,424.7597,-16.0583,-5.9609,13,0.3714,0.4496
2015->2025,oecd,linear,d_pts,USA,35,-23.6305,-2.9517,487.6017,-2.5223,-21.1082,2,0.0571,0.0561
2015->2025,oecd,quadratic,d_sd,AUS,35,-0.8568,-9.765,502.2637,-0.081,-0.7758,8,0.2286,0.0541
2015->2025,oecd,quadratic,d_sd,AUT,35,-1.0106,-11.7753,492.215,-0.0639,-0.9468,5,0.1429,0.0375
2015->2025,oecd,quadratic,d_sd,BEL,35,1.0122,-23.928,502.5027,0.1619,0.8503,29,0.8286,0.0369
2015->2025,oecd,quadratic,d_sd,CAN,35,0.6052,-28.267,523.34,0.3137,0.2915,21,0.6,0.0702
2015->2025,oecd,quadratic,d_sd,CHL,35,-0.4859,-15.8453,442.7327,-0.0773,-0.4087,14,0.4,0.0884
2015->2025,oecd,quadratic,d_sd,COL,35,-0.9794,-12.2503,410.0927,-0.0713,-0.908,6,0.1714,0.2107
2015->2025,oecd,quadratic,d_sd,CRI,35,-0.7263,-6.751,415.783,-0.2983,-0.428,13,0.3714,0.1751
2015->2025,oecd,quadratic,d_sd,CZE,35,0.6477,-12.2073,490.8017,-0.1202,0.7679,27,0.7714,0.0358
2015->2025,oecd,quadratic,d_sd,DEU,35,-0.9343,-36.5357,508.072,0.5742,-1.5085,3,0.0857,0.0583
2015->2025,oecd,quadratic,d_sd,DNK,35,0.0096,-34.8873,504.28,0.4652,-0.4555,12,0.3429,0.0519
2015->2025,oecd,quadratic,d_sd,ESP,35,0.6298,-29.4243,491.4017,0.2791,0.3507,22,0.6286,0.0379
2015->2025,oecd,quadratic,d_sd,EST,35,0.7904,-12.8697,524.2887,-0.092,0.8825,30,0.8571,0.0962
2015->2025,oecd,quadratic,d_sd,FIN,35,0.046,-40.2663,522.721,0.6516,-0.6056,11,0.3143,0.0844
2015->2025,oecd,quadratic,d_sd,FRA,35,0.9263,-29.931,495.7347,0.2881,0.6382,25,0.7143,0.0389
2015->2025,oecd,quadratic,d_sd,GBR,35,-1.2989,-2.1707,499.891,-0.2154,-1.0836,4,0.1143,0.0757
2015->2025,oecd,quadratic,d_sd,GRC,35,0.1317,-31.5663,458.4997,0.2838,-0.1522,16,0.4571,0.0875
2015->2025,oecd,quadratic,d_sd,HUN,35,0.6197,-10.465,474.3673,-0.1956,0.8152,28,0.8,0.0358
2015->2025,oecd,quadratic,d_sd,ISL,35,0.2961,-43.1313,480.9297,0.6049,-0.3088,15,0.4286,0.094
2015->2025,oecd,quadratic,d_sd,ISR,35,-2.0016,-34.6537,471.7277,0.5485,-2.55,1,0.0286,0.071
2015->2025,oecd,quadratic,d_sd,ITA,35,-0.1904,-9.9997,485.0113,-0.1529,-0.0375,18,0.5143,0.0364
2015->2025,oecd,quadratic,d_sd,JPN,35,0.4987,-7.0387,528.931,-0.224,0.7228,26,0.7429,0.1338
2015->2025,oecd,quadratic,d_sd,KOR,35,-0.9065,-2.7963,519.1177,-0.1517,-0.7547,9,0.2571,0.1205
2015->2025,oecd,quadratic,d_sd,LTU,35,1.8811,-1.305,475.3997,-0.4994,2.3806,34,0.9714,0.055
2015->2025,oecd,quadratic,d_sd,LUX,35,1.1874,-24.957,483.3387,0.1411,1.0463,32,0.9143,0.0331
2015->2025,oecd,quadratic,d_sd,LVA,35,2.69,-33.9163,486.7627,0.2603,2.4297,35,1.0,0.0504
2015->2025,oecd,quadratic,d_sd,MEX,35,0.5506,-12.6397,415.6697,-0.4217,0.9723,31,0.8857,0.1846
2015->2025,oecd,quadratic,d_sd,NLD,35,0.6339,-37.907,507.929,0.5088,0.1251,19,0.5429,0.0618
2015->2025,oecd,quadratic,d_sd,NOR,35,1.1913,-46.203,504.4673,0.6444,0.5469,24,0.6857,0.0911
2015->2025,oecd,quadratic,d_sd,NZL,35,-0.8774,-10.579,505.9327,-0.0488,-0.8286,7,0.2,0.0583
2015->2025,oecd,quadratic,d_sd,PRT,35,0.8079,-29.0567,496.952,0.2759,0.532,23,0.6571,0.0378
2015->2025,oecd,quadratic,d_sd,SVK,35,0.5762,1.1393,462.8397,-0.5216,1.0978,33,0.9429,0.0656
2015->2025,oecd,quadratic,d_sd,SVN,35,0.9766,-46.5647,509.3333,0.6854,0.2913,20,0.5714,0.0935
2015->2025,oecd,quadratic,d_sd,SWE,35,-0.5503,-23.8993,495.832,0.2028,-0.7532,10,0.2857,0.0322
2015->2025,oecd,quadratic,d_sd,TUR,35,-1.6879,51.2107,424.7597,-1.6131,-0.0749,17,0.4857,0.4496
2015->2025,oecd,quadratic,d_sd,USA,35,-2.5405,-2.9517,487.6017,-0.1733,-2.3672,2,0.0571,0.0561
2015->2025,oecd,quadratic,d_pts,AUS,35,-9.0225,-9.765,502.2637,-0.8764,-8.1461,8,0.2286,0.0541
2015->2025,oecd,quadratic,d_pts,AUT,35,-10.7969,-11.7753,492.215,-0.6873,-10.1096,5,0.1429,0.0375
2015->2025,oecd,quadratic,d_pts,BEL,35,10.81,-23.928,502.5027,1.7539,9.0561,29,0.8286,0.0369
2015->2025,oecd,quadratic,d_pts,CAN,35,6.4831,-28.267,523.34,3.3939,3.0893,21,0.6,0.0702
2015->2025,oecd,quadratic,d_pts,CHL,35,-5.1641,-15.8453,442.7327,-0.85,-4.314,14,0.4,0.0884
2015->2025,oecd,quadratic,d_pts,COL,35,-10.5698,-12.2503,410.0927,-0.7866,-9.7832,6,0.1714,0.2107
2015->2025,oecd,quadratic,d_pts,CRI,35,-7.7332,-6.751,415.783,-3.252,-4.4812,13,0.3714,0.1751
2015->2025,oecd,quadratic,d_pts,CZE,35,7.014,-12.2073,490.8017,-1.2926,8.3066,27,0.7714,0.0358
2015->2025,oecd,quadratic,d_pts,DEU,35,-10.028,-36.5357,508.072,6.1887,-16.2167,3,0.0857,0.0583
2015->2025,oecd,quadratic,d_pts,DNK,35,0.1714,-34.8873,504.28,5.0119,-4.8404,12,0.3429,0.0519
2015->2025,oecd,quadratic,d_pts,ESP,35,6.7874,-29.4243,491.4017,3.0086,3.7788,22,0.6286,0.0379
2015->2025,oecd,quadratic,d_pts,EST,35,8.4658,-12.8697,524.2887,-0.9718,9.4376,30,0.8571,0.0962
2015->2025,oecd,quadratic,d_pts,FIN,35,0.4336,-40.2663,522.721,7.0345,-6.6009,11,0.3143,0.0844
2015->2025,oecd,quadratic,d_pts,FRA,35,9.8996,-29.931,495.7347,3.1092,6.7904,25,0.7143,0.0389
2015->2025,oecd,quadratic,d_pts,GBR,35,-13.9073,-2.1707,499.891,-2.3186,-11.5887,4,0.1143,0.0757
2015->2025,oecd,quadratic,d_pts,GRC,35,1.37,-31.5663,458.4997,3.054,-1.6839,16,0.4571,0.0875
2015->2025,oecd,quadratic,d_pts,HUN,35,6.6161,-10.465,474.3673,-2.1051,8.7212,28,0.8,0.0358
2015->2025,oecd,quadratic,d_pts,ISL,35,3.3575,-43.1313,480.9297,6.4957,-3.1382,15,0.4286,0.094
2015->2025,oecd,quadratic,d_pts,ISR,35,-21.7076,-34.6537,471.7277,5.9148,-27.6225,1,0.0286,0.071
2015->2025,oecd,quadratic,d_pts,ITA,35,-2.2074,-9.9997,485.0113,-1.6386,-0.5688,18,0.5143,0.0364
2015->2025,oecd,quadratic,d_pts,JPN,35,5.4269,-7.0387,528.931,-2.4046,7.8315,26,0.7429,0.1338
2015->2025,oecd,quadratic,d_pts,KOR,35,-9.7453,-2.7963,519.1177,-1.6227,-8.1226,9,0.2571,0.1205
2015->2025,oecd,quadratic,d_pts,LTU,35,20.1778,-1.305,475.3997,-5.374,25.5518,34,0.9714,0.055
2015->2025,oecd,quadratic,d_pts,LUX,35,12.8584,-24.957,483.3387,1.5178,11.3406,32,0.9143,0.0331
2015->2025,oecd,quadratic,d_pts,LVA,35,28.9728,-33.9163,486.7627,2.8037,26.1691,35,1.0,0.0504
2015->2025,oecd,quadratic,d_pts,MEX,35,5.9694,-12.6397,415.6697,-4.5715,10.5409,31,0.8857,0.1846
2015->2025,oecd,quadratic,d_pts,NLD,35,6.8348,-37.907,507.929,5.4863,1.3485,19,0.5429,0.0618
2015->2025,oecd,quadratic,d_pts,NOR,35,12.7315,-46.203,504.4673,6.9554,5.7761,24,0.6857,0.0911
2015->2025,oecd,quadratic,d_pts,NZL,35,-9.2833,-10.579,505.9327,-0.527,-8.7563,7,0.2,0.0583
2015->2025,oecd,quadratic,d_pts,PRT,35,8.6495,-29.0567,496.952,2.9772,5.6723,23,0.6571,0.0378
2015->2025,oecd,quadratic,d_pts,SVK,35,6.1724,1.1393,462.8397,-5.6187,11.7911,33,0.9429,0.0656
2015->2025,oecd,quadratic,d_pts,SVN,35,10.3331,-46.5647,509.3333,7.407,2.9261,20,0.5714,0.0935
2015->2025,oecd,quadratic,d_pts,SWE,35,-5.8724,-23.8993,495.832,2.187,-8.0593,10,0.2857,0.0322
2015->2025,oecd,quadratic,d_pts,TUR,35,-18.4089,51.2107,424.7597,-17.2027,-1.2061,17,0.4857,0.4496
2015->2025,oecd,quadratic,d_pts,USA,35,-27.1349,-2.9517,487.6017,-1.8758,-25.2591,2,0.0571,0.0561
2003->2025,all,linear,d_sd,AUS,36,0.8453,-32.4172,524.9158,0.1664,0.6789,28,0.7778,0.0495
2003->2025,all,linear,d_sd,AUT,36,-0.827,-15.3233,495.7629,0.1126,-0.9397,6,0.1667,0.0344
2003->2025,all,linear,d_sd,BEL,36,-0.4065,-36.4596,515.0342,0.4015,-0.808,7,0.1944,0.0446
2003->2025,all,linear,d_sd,BRA,36,-1.6901,14.9614,382.8106,0.9163,-2.6064,1,0.0278,0.2096
2003->2025,all,linear,d_sd,CAN,36,0.5981,-31.3088,526.3818,0.1413,0.4567,26,0.7222,0.0513
2003->2025,all,linear,d_sd,CHE,36,-0.2578,-22.7374,512.8834,0.1105,-0.3683,11,0.3056,0.0404
2003->2025,all,linear,d_sd,CZE,36,0.2649,-30.8227,509.417,0.2944,-0.0295,16,0.4444,0.0362
2003->2025,all,linear,d_sd,DEU,36,-1.3651,-27.357,498.8933,0.3596,-1.7247,3,0.0833,0.0306
2003->2025,all,linear,d_sd,DNK,36,-1.8098,-24.5519,493.9446,0.3504,-2.1602,2,0.0556,0.0286
2003->2025,all,linear,d_sd,ESP,36,0.6885,-22.2689,484.2462,0.3092,0.3793,23,0.6389,0.0286
2003->2025,all,linear,d_sd,FIN,36,0.7581,-62.8709,545.3256,0.6572,0.101,18,0.5,0.1378
2003->2025,all,linear,d_sd,FRA,36,-0.7721,-40.2676,506.0712,0.5881,-1.3603,4,0.1111,0.0511
2003->2025,all,linear,d_sd,GRC,36,1.8896,-39.1337,466.067,0.713,1.1766,32,0.8889,0.0928
2003->2025,all,linear,d_sd,HKG,36,0.312,-33.9866,533.1386,0.1562,0.1558,20,0.5556,0.0603
2003->2025,all,linear,d_sd,HUN,36,-0.6782,-27.818,491.7203,0.409,-1.0873,5,0.1389,0.0311
2003->2025,all,linear,d_sd,IDN,36,1.2544,-6.3369,378.9305,0.7114,0.543,27,0.75,0.2513
2003->2025,all,linear,d_sd,IRL,36,0.9645,-14.5964,507.9027,-0.0843,1.0488,30,0.8333,0.0477
2003->2025,all,linear,d_sd,ISL,36,1.143,-62.7353,500.5336,1.0133,0.1297,19,0.5278,0.1649
2003->2025,all,linear,d_sd,ITA,36,-0.13,-0.915,475.9267,-0.0552,-0.0748,15,0.4167,0.055
2003->2025,all,linear,d_sd,JPN,36,-1.0262,-4.7343,526.6266,-0.306,-0.7202,8,0.2222,0.1222
2003->2025,all,linear,d_sd,KOR,36,-0.6138,-21.9266,538.2479,-0.0833,-0.5305,9,0.25,0.086
2003->2025,all,linear,d_sd,LUX,36,0.1168,-26.75,485.1317,0.4164,-0.2996,12,0.3333,0.0322
2003->2025,all,linear,d_sd,LVA,36,1.9869,-34.8411,487.6875,0.4861,1.5008,35,0.9722,0.0461
2003->2025,all,linear,d_sd,MAC,36,-0.402,13.8587,516.5313,-0.7822,0.3802,24,0.6667,0.2136
2003->2025,all,linear,d_sd,MEX,36,0.7873,6.4179,396.6121,0.3671,0.4202,25,0.6944,0.1638
2003->2025,all,linear,d_sd,NLD,36,1.7589,-55.0817,525.1037,0.5536,1.2053,33,0.9167,0.0993
2003->2025,all,linear,d_sd,NOR,36,0.788,-34.7713,493.0356,0.4978,0.2902,21,0.5833,0.0424
2003->2025,all,linear,d_sd,NZL,36,-0.0391,-26.6271,521.9808,0.1098,-0.1489,14,0.3889,0.0479
2003->2025,all,linear,d_sd,POL,36,0.6728,-7.9664,494.8747,-0.1047,0.7776,29,0.8056,0.0491
2003->2025,all,linear,d_sd,PRT,36,0.052,-2.5448,470.4402,0.0181,0.0338,17,0.4722,0.0488
2003->2025,all,linear,d_sd,SVK,36,-0.1398,-23.4213,487.4003,0.3319,-0.4717,10,0.2778,0.0285
2003->2025,all,linear,d_sd,SWE,36,0.7844,-37.88,509.8127,0.4215,0.3629,22,0.6111,0.0455
2003->2025,all,linear,d_sd,THA,36,0.4672,-11.7061,421.9844,0.6254,-0.1582,13,0.3611,0.1092
2003->2025,all,linear,d_sd,TUR,36,0.1207,43.0991,432.8713,-0.9304,1.051,31,0.8611,0.2865
2003->2025,all,linear,d_sd,URY,36,1.7574,-7.3606,431.5742,0.3226,1.4348,34,0.9444,0.0809
2003->2025,all,linear,d_sd,USA,36,1.4765,-5.1274,489.7774,-0.1704,1.6469,36,1.0,0.0523
2003->2025,all,linear,d_pts,AUS,36,13.28,-32.4172,524.9158,3.3802,9.8999,29,0.8056,0.0495
2003->2025,all,linear,d_pts,AUT,36,-7.5382,-15.3233,495.7629,1.9726,-9.5108,7,0.1944,0.0344
2003->2025,all,linear,d_pts,BEL,36,-3.3178,-36.4596,515.0342,7.4807,-10.7985,6,0.1667,0.0446
2003->2025,all,linear,d_pts,BRA,36,-26.0554,14.9614,382.8106,16.0449,-42.1004,1,0.0278,0.2096
2003->2025,all,linear,d_pts,CAN,36,6.0483,-31.3088,526.3818,3.051,2.9973,21,0.5833,0.0513
2003->2025,all,linear,d_pts,CHE,36,-1.9641,-22.7374,512.8834,2.0789,-4.043,13,0.3611,0.0404
2003->2025,all,linear,d_pts,CZE,36,7.2775,-30.8227,509.417,5.5844,1.6931,18,0.5,0.0362
2003->2025,all,linear,d_pts,DEU,36,-14.0557,-27.357,498.8933,6.5401,-20.5958,2,0.0556,0.0306
2003->2025,all,linear,d_pts,DNK,36,-12.7366,-24.5519,493.9446,6.1108,-18.8474,3,0.0833,0.0286
2003->2025,all,linear,d_pts,ESP,36,10.7525,-22.2689,484.2462,6.04,4.7125,25,0.6944,0.0286
2003->2025,all,linear,d_pts,FIN,36,4.709,-62.8709,545.3256,14.0067,-9.2977,8,0.2222,0.1378
2003->2025,all,linear,d_pts,FRA,36,-5.5413,-40.2676,506.0712,10.7244,-16.2657,4,0.1111,0.0511
2003->2025,all,linear,d_pts,GRC,36,20.7513,-39.1337,466.067,15.1329,5.6185,26,0.7222,0.0928
2003->2025,all,linear,d_pts,HKG,36,11.9426,-33.9866,533.1386,2.6535,9.2891,28,0.7778,0.0603
2003->2025,all,linear,d_pts,HUN,36,-4.9419,-27.818,491.7203,7.5961,-12.5381,5,0.1389,0.0311
2003->2025,all,linear,d_pts,IDN,36,25.6854,-6.3369,378.9305,13.0556,12.6298,31,0.8611,0.2513
2003->2025,all,linear,d_pts,IRL,36,3.4047,-14.5964,507.9027,-0.7224,4.127,24,0.6667,0.0477
2003->2025,all,linear,d_pts,ISL,36,23.0212,-62.7353,500.5336,18.9521,4.069,23,0.6389,0.1649
2003->2025,all,linear,d_pts,ITA,36,-8.2815,-0.915,475.9267,-0.5384,-7.7431,10,0.2778,0.055
2003->2025,all,linear,d_pts,JPN,36,-6.3389,-4.7343,526.6266,-7.4618,1.1229,17,0.4722,0.1222
2003->2025,all,linear,d_pts,KOR,36,-9.7827,-21.9266,538.2479,-1.6405,-8.1422,9,0.25,0.086
2003->2025,all,linear,d_pts,LUX,36,10.8781,-26.75,485.1317,7.7046,3.1735,22,0.6111,0.0322
2003->2025,all,linear,d_pts,LVA,36,31.8127,-34.8411,487.6875,9.5786,22.234,36,1.0,0.0461
2003->2025,all,linear,d_pts,MAC,36,2.5786,13.8587,516.5313,-17.356,19.9345,35,0.9722,0.2136
2003->2025,all,linear,d_pts,MEX,36,18.8751,6.4179,396.6121,6.4077,12.4674,30,0.8333,0.1638
2003->2025,all,linear,d_pts,NLD,36,20.3016,-55.0817,525.1037,11.9599,8.3417,27,0.75,0.0993
2003->2025,all,linear,d_pts,NOR,36,9.616,-34.7713,493.0356,9.7525,-0.1365,14,0.3889,0.0424
2003->2025,all,linear,d_pts,NZL,36,3.0703,-26.6271,521.9808,1.9877,1.0826,16,0.4444,0.0479
2003->2025,all,linear,d_pts,POL,36,1.5863,-7.9664,494.8747,-1.2608,2.8471,20,0.5556,0.0491
2003->2025,all,linear,d_pts,PRT,36,2.6333,-2.5448,470.4402,0.4229,2.2104,19,0.5278,0.0488
2003->2025,all,linear,d_pts,SVK,36,0.9651,-23.4213,487.4003,6.2922,-5.3271,11,0.3056,0.0285
2003->2025,all,linear,d_pts,SWE,36,8.3988,-37.88,509.8127,8.369,0.0298,15,0.4167,0.0455
2003->2025,all,linear,d_pts,THA,36,24.1069,-11.7061,421.9844,10.1423,13.9646,32,0.8889,0.1092
2003->2025,all,linear,d_pts,TUR,36,-15.3704,43.0991,432.8713,-10.1679,-5.2025,12,0.3333,0.2865
2003->2025,all,linear,d_pts,URY,36,21.3955,-7.3606,431.5742,7.3256,14.0699,33,0.9167,0.0809
2003->2025,all,linear,d_pts,USA,36,13.6592,-5.1274,489.7774,-2.2843,15.9435,34,0.9444,0.0523
2003->2025,all,quadratic,d_sd,AUS,36,0.9604,-32.4172,524.9158,0.1118,0.8486,28,0.7778,0.0495
2003->2025,all,quadratic,d_sd,AUT,36,-1.0248,-15.3233,495.7629,0.0779,-1.1027,6,0.1667,0.0344
2003->2025,all,quadratic,d_sd,BEL,36,-0.5396,-36.4596,515.0342,0.3055,-0.845,7,0.1944,0.0446
2003->2025,all,quadratic,d_sd,BRA,36,-1.7137,14.9614,382.8106,0.6529,-2.3666,1,0.0278,0.2096
2003->2025,all,quadratic,d_sd,CAN,36,0.7144,-31.3088,526.3818,0.0973,0.617,26,0.7222,0.0513
2003->2025,all,quadratic,d_sd,CHE,36,-0.2765,-22.7374,512.8834,0.0805,-0.357,11,0.3056,0.0404
2003->2025,all,quadratic,d_sd,CZE,36,0.1366,-30.8227,509.417,0.2123,-0.0756,14,0.3889,0.0362
2003->2025,all,quadratic,d_sd,DEU,36,-1.6405,-27.357,498.8933,0.2688,-1.9092,3,0.0833,0.0306
2003->2025,all,quadratic,d_sd,DNK,36,-2.0649,-24.5519,493.9446,0.2591,-2.324,2,0.0556,0.0286
2003->2025,all,quadratic,d_sd,ESP,36,0.3376,-22.2689,484.2462,0.2037,0.1338,20,0.5556,0.0286
2003->2025,all,quadratic,d_sd,FIN,36,0.8367,-62.8709,545.3256,0.4696,0.3671,23,0.6389,0.1378
2003->2025,all,quadratic,d_sd,FRA,36,-1.038,-40.2676,506.0712,0.4494,-1.4874,4,0.1111,0.0511
2003->2025,all,quadratic,d_sd,GRC,36,1.4446,-39.1337,466.067,0.4735,0.9712,29,0.8056,0.0928
2003->2025,all,quadratic,d_sd,HKG,36,0.6124,-33.9866,533.1386,0.1048,0.5075,24,0.6667,0.0603
2003->2025,all,quadratic,d_sd,HUN,36,-1.0127,-27.818,491.7203,0.2956,-1.3082,5,0.1389,0.0311
2003->2025,all,quadratic,d_sd,IDN,36,1.7809,-6.3369,378.9305,0.0799,1.7011,36,1.0,0.2513
2003->2025,all,quadratic,d_sd,IRL,36,0.8958,-14.5964,507.9027,-0.081,0.9768,30,0.8333,0.0477
2003->2025,all,quadratic,d_sd,ISL,36,0.845,-62.7353,500.5336,0.7321,0.1129,19,0.5278,0.1649
2003->2025,all,quadratic,d_sd,ITA,36,-0.4981,-0.915,475.9267,-0.0562,-0.4419,10,0.2778,0.055
2003->2025,all,quadratic,d_sd,JPN,36,-0.4172,-4.7343,526.6266,-0.2661,-0.1511,13,0.3611,0.1222
2003->2025,all,quadratic,d_sd,KOR,36,-0.0998,-21.9266,538.2479,-0.0762,-0.0236,15,0.4167,0.086
2003->2025,all,quadratic,d_sd,LUX,36,-0.196,-26.75,485.1317,0.288,-0.484,9,0.25,0.0322
2003->2025,all,quadratic,d_sd,LVA,36,1.6722,-34.8411,487.6875,0.3225,1.3497,34,0.9444,0.0461
2003->2025,all,quadratic,d_sd,MAC,36,0.3476,13.8587,516.5313,-0.7563,1.1039,31,0.8611,0.2136
2003->2025,all,quadratic,d_sd,MEX,36,0.7875,6.4179,396.6121,0.106,0.6815,27,0.75,0.1638
2003->2025,all,quadratic,d_sd,NLD,36,1.6226,-55.0817,525.1037,0.3811,1.2415,33,0.9167,0.0993
2003->2025,all,quadratic,d_sd,NOR,36,0.4216,-34.7713,493.0356,0.3529,0.0687,18,0.5,0.0424
2003->2025,all,quadratic,d_sd,NZL,36,0.0861,-26.6271,521.9808,0.0789,0.0073,17,0.4722,0.0479
2003->2025,all,quadratic,d_sd,POL,36,0.4841,-7.9664,494.8747,-0.0981,0.5823,25,0.6944,0.0491
2003->2025,all,quadratic,d_sd,PRT,36,-0.2963,-2.5448,470.4402,-0.0129,-0.2834,12,0.3333,0.0488
2003->2025,all,quadratic,d_sd,SVK,36,-0.4826,-23.4213,487.4003,0.2293,-0.712,8,0.2222,0.0285
2003->2025,all,quadratic,d_sd,SWE,36,0.5607,-37.88,509.8127,0.3053,0.2554,21,0.5833,0.0455
2003->2025,all,quadratic,d_sd,THA,36,0.3507,-11.7061,421.9844,0.369,-0.0183,16,0.4444,0.1092
2003->2025,all,quadratic,d_sd,TUR,36,-0.2906,43.0991,432.8713,-0.6397,0.3491,22,0.6111,0.2865
2003->2025,all,quadratic,d_sd,URY,36,1.3879,-7.3606,431.5742,0.1497,1.2383,32,0.8889,0.0809
2003->2025,all,quadratic,d_sd,USA,36,1.2808,-5.1274,489.7774,-0.1626,1.4433,35,0.9722,0.0523
2003->2025,all,quadratic,d_pts,AUS,36,13.951,-32.4172,524.9158,2.1644,11.7866,29,0.8056,0.0495
2003->2025,all,quadratic,d_pts,AUT,36,-10.6903,-15.3233,495.7629,1.2296,-11.9199,8,0.2222,0.0344
2003->2025,all,quadratic,d_pts,BEL,36,-6.0065,-36.4596,515.0342,5.1974,-11.2039,9,0.25,0.0446
2003->2025,all,quadratic,d_pts,BRA,36,-26.8209,14.9614,382.8106,10.7418,-37.5628,1,0.0278,0.2096
2003->2025,all,quadratic,d_pts,CAN,36,7.4202,-31.3088,526.3818,2.0478,5.3724,25,0.6944,0.0513
2003->2025,all,quadratic,d_pts,CHE,36,-2.4781,-22.7374,512.8834,1.4142,-3.8923,12,0.3333,0.0404
2003->2025,all,quadratic,d_pts,CZE,36,4.3245,-30.8227,509.417,3.683,0.6414,18,0.5,0.0362
2003->2025,all,quadratic,d_pts,DEU,36,-18.5366,-27.357,498.8933,4.4283,-22.9649,2,0.0556,0.0306
2003->2025,all,quadratic,d_pts,DNK,36,-17.6722,-24.5519,493.9446,4.0466,-21.7188,3,0.0833,0.0286
2003->2025,all,quadratic,d_pts,ESP,36,4.7065,-22.2689,484.2462,3.6544,1.0521,20,0.5556,0.0286
2003->2025,all,quadratic,d_pts,FIN,36,4.6866,-62.8709,545.3256,9.6785,-4.9919,11,0.3056,0.1378
2003->2025,all,quadratic,d_pts,FRA,36,-10.4891,-40.2676,506.0712,7.4192,-17.9083,4,0.1111,0.0511
2003->2025,all,quadratic,d_pts,GRC,36,13.6154,-39.1337,466.067,9.3753,4.2401,24,0.6667,0.0928
2003->2025,all,quadratic,d_pts,HKG,36,14.7788,-33.9866,533.1386,1.6382,13.1406,30,0.8333,0.0603
2003->2025,all,quadratic,d_pts,HUN,36,-10.6044,-27.818,491.7203,4.9726,-15.577,5,0.1389,0.0311
2003->2025,all,quadratic,d_pts,IDN,36,31.0408,-6.3369,378.9305,1.4033,29.6374,35,0.9722,0.2513
2003->2025,all,quadratic,d_pts,IRL,36,3.3855,-14.5964,507.9027,-0.6468,4.0323,23,0.6389,0.0477
2003->2025,all,quadratic,d_pts,ISL,36,16.273,-62.7353,500.5336,12.2886,3.9843,22,0.6111,0.1649
2003->2025,all,quadratic,d_pts,ITA,36,-12.7906,-0.915,475.9267,-0.554,-12.2365,7,0.1944,0.055
2003->2025,all,quadratic,d_pts,JPN,36,3.1268,-4.7343,526.6266,-5.8277,8.9545,26,0.7222,0.1222
2003->2025,all,quadratic,d_pts,KOR,36,-1.4712,-21.9266,538.2479,-1.1937,-0.2775,17,0.4722,0.086
2003->2025,all,quadratic,d_pts,LUX,36,4.5174,-26.75,485.1317,4.801,-0.2836,16,0.4444,0.0322
2003->2025,all,quadratic,d_pts,LVA,36,25.1062,-34.8411,487.6875,5.8162,19.29,34,0.9444,0.0461
2003->2025,all,quadratic,d_pts,MAC,36,14.68,13.8587,516.5313,-15.1208,29.8008,36,1.0,0.2136
2003->2025,all,quadratic,d_pts,MEX,36,16.2737,6.4179,396.6121,1.475,14.7987,33,0.9167,0.1638
2003->2025,all,quadratic,d_pts,NLD,36,16.8543,-55.0817,525.1037,7.8344,9.0198,27,0.75,0.0993
2003->2025,all,quadratic,d_pts,NOR,36,3.4463,-34.7713,493.0356,6.3335,-2.8871,13,0.3611,0.0424
2003->2025,all,quadratic,d_pts,NZL,36,4.2504,-26.6271,521.9808,1.3367,2.9137,21,0.5833,0.0479
2003->2025,all,quadratic,d_pts,POL,36,-0.3379,-7.9664,494.8747,-1.0853,0.7474,19,0.5278,0.0491
2003->2025,all,quadratic,d_pts,PRT,36,-2.9376,-2.5448,470.4402,-0.1717,-2.766,14,0.3889,0.0488
2003->2025,all,quadratic,d_pts,SVK,36,-4.8009,-23.4213,487.4003,3.9581,-8.759,10,0.2778,0.0285
2003->2025,all,quadratic,d_pts,SWE,36,4.4122,-37.88,509.8127,5.5929,-1.1807,15,0.4167,0.0455
2003->2025,all,quadratic,d_pts,THA,36,19.203,-11.7061,421.9844,4.8707,14.3324,32,0.8889,0.1092
2003->2025,all,quadratic,d_pts,TUR,36,-19.387,43.0991,432.8713,-4.887,-14.4999,6,0.1667,0.2865
2003->2025,all,quadratic,d_pts,URY,36,14.871,-7.3606,431.5742,3.5125,11.3586,28,0.7778,0.0809
2003->2025,all,quadratic,d_pts,USA,36,11.1306,-5.1274,489.7774,-2.0342,13.1649,31,0.8611,0.0523
2003->2025,oecd,linear,d_sd,AUS,30,1.3492,-32.4172,524.9158,0.0984,1.2508,28,0.9333,0.0647
2003->2025,oecd,linear,d_sd,AUT,30,-1.009,-15.3233,495.7629,-0.099,-0.91,6,0.2,0.0418
2003->2025,oecd,linear,d_sd,BEL,30,-0.5285,-36.4596,515.0342,0.3865,-0.915,5,0.1667,0.0483
2003->2025,oecd,linear,d_sd,CAN,30,0.7459,-31.3088,526.3818,0.0957,0.6502,25,0.8333,0.0699
2003->2025,oecd,linear,d_sd,CHE,30,-0.227,-22.7374,512.8834,-0.0124,-0.2146,12,0.4,0.0512
2003->2025,oecd,linear,d_sd,CZE,30,0.4763,-30.8227,509.417,0.2064,0.2699,17,0.5667,0.0394
2003->2025,oecd,linear,d_sd,DEU,30,-1.7842,-27.357,498.8933,0.2466,-2.0308,2,0.0667,0.0342
2003->2025,oecd,linear,d_sd,DNK,30,-1.8372,-24.5519,493.9446,0.1955,-2.0326,1,0.0333,0.0341
2003->2025,oecd,linear,d_sd,ESP,30,0.5525,-22.2689,484.2462,0.0954,0.4572,21,0.7,0.0415
2003->2025,oecd,linear,d_sd,FIN,30,0.5623,-62.8709,545.3256,0.9761,-0.4138,9,0.3,0.1629
2003->2025,oecd,linear,d_sd,FRA,30,-1.0068,-40.2676,506.0712,0.5819,-1.5887,3,0.1,0.0553
2003->2025,oecd,linear,d_sd,GRC,30,1.1155,-39.1337,466.067,0.5815,0.534,22,0.7333,0.1717
2003->2025,oecd,linear,d_sd,HUN,30,-1.0062,-27.818,491.7203,0.2776,-1.2838,4,0.1333,0.039
2003->2025,oecd,linear,d_sd,IRL,30,0.5446,-14.5964,507.9027,-0.2722,0.8168,26,0.8667,0.0629
2003->2025,oecd,linear,d_sd,ISL,30,1.367,-62.7353,500.5336,1.0815,0.2854,18,0.6,0.2064
2003->2025,oecd,linear,d_sd,ITA,30,-1.0288,-0.915,475.9267,-0.3797,-0.649,7,0.2333,0.0753
2003->2025,oecd,linear,d_sd,JPN,30,-0.2879,-4.7343,526.6266,-0.6638,0.376,20,0.6667,0.1959
2003->2025,oecd,linear,d_sd,KOR,30,-0.5006,-21.9266,538.2479,-0.123,-0.3776,11,0.3667,0.1481
2003->2025,oecd,linear,d_sd,LUX,30,0.3693,-26.75,485.1317,0.2261,0.1431,15,0.5,0.0465
2003->2025,oecd,linear,d_sd,LVA,30,2.4582,-34.8411,487.6875,0.3033,2.1549,30,1.0,0.0642
2003->2025,oecd,linear,d_sd,MEX,30,0.1322,6.4179,396.6121,-0.4881,0.6203,24,0.8,0.4433
2003->2025,oecd,linear,d_sd,NLD,30,1.8328,-55.0817,525.1037,0.6761,1.1567,27,0.9,0.108
2003->2025,oecd,linear,d_sd,NOR,30,0.4623,-34.7713,493.0356,0.4087,0.0536,13,0.4333,0.0533
2003->2025,oecd,linear,d_sd,NZL,30,0.3343,-26.6271,521.9808,0.0148,0.3196,19,0.6333,0.0655
2003->2025,oecd,linear,d_sd,POL,30,0.194,-7.9664,494.8747,-0.3696,0.5636,23,0.7667,0.0623
2003->2025,oecd,linear,d_sd,PRT,30,-0.2225,-2.5448,470.4402,-0.3655,0.143,14,0.4667,0.0734
2003->2025,oecd,linear,d_sd,SVK,30,-0.4069,-23.4213,487.4003,0.1509,-0.5578,8,0.2667,0.0385
2003->2025,oecd,linear,d_sd,SWE,30,0.6071,-37.88,509.8127,0.3988,0.2083,16,0.5333,0.0481
2003->2025,oecd,linear,d_sd,TUR,30,-1.6555,43.0991,432.8713,-1.2574,-0.3981,10,0.3333,0.3871
2003->2025,oecd,linear,d_sd,USA,30,1.321,-5.1274,489.7774,-0.5077,1.8286,29,0.9667,0.0667
2003->2025,oecd,linear,d_pts,AUS,30,14.0003,-32.4172,524.9158,1.0742,12.9261,28,0.9333,0.0647
2003->2025,oecd,linear,d_pts,AUT,30,-9.4678,-15.3233,495.7629,-1.1354,-8.3324,6,0.2,0.0418
2003->2025,oecd,linear,d_pts,BEL,30,-4.9656,-36.4596,515.0342,4.1111,-9.0767,5,0.1667,0.0483
2003->2025,oecd,linear,d_pts,CAN,30,7.196,-31.3088,526.3818,1.0705,6.1255,23,0.7667,0.0699
2003->2025,oecd,linear,d_pts,CHE,30,-1.9453,-22.7374,512.8834,-0.1768,-1.7685,12,0.4,0.0512
2003->2025,oecd,linear,d_pts,CZE,30,5.4692,-30.8227,509.417,2.1959,3.2733,19,0.6333,0.0394
2003->2025,oecd,linear,d_pts,DEU,30,-17.2247,-27.357,498.8933,2.578,-19.8026,1,0.0333,0.0342
2003->2025,oecd,linear,d_pts,DNK,30,-16.3699,-24.5519,493.9446,1.9791,-18.349,2,0.0667,0.0341
2003->2025,oecd,linear,d_pts,ESP,30,5.7291,-22.2689,484.2462,1.0365,4.6926,22,0.7333,0.0415
2003->2025,oecd,linear,d_pts,FIN,30,4.522,-62.8709,545.3256,10.7808,-6.2588,9,0.3,0.1629
2003->2025,oecd,linear,d_pts,FRA,30,-9.3582,-40.2676,506.0712,6.1713,-15.5296,3,0.1,0.0553
2003->2025,oecd,linear,d_pts,GRC,30,9.9624,-39.1337,466.067,6.7047,3.2577,18,0.6,0.1717
2003->2025,oecd,linear,d_pts,HUN,30,-9.4603,-27.818,491.7203,2.9306,-12.3909,4,0.1333,0.039
2003->2025,oecd,linear,d_pts,IRL,30,3.7509,-14.5964,507.9027,-2.8056,6.5565,25,0.8333,0.0629
2003->2025,oecd,linear,d_pts,ISL,30,14.8583,-62.7353,500.5336,11.6117,3.2466,17,0.5667,0.2064
2003->2025,oecd,linear,d_pts,ITA,30,-11.5991,-0.915,475.9267,-4.047,-7.5521,7,0.2333,0.0753
2003->2025,oecd,linear,d_pts,JPN,30,-1.1765,-4.7343,526.6266,-7.6522,6.4757,24,0.8,0.1959
2003->2025,oecd,linear,d_pts,KOR,30,-5.1148,-21.9266,538.2479,-1.4086,-3.7062,11,0.3667,0.1481
2003->2025,oecd,linear,d_pts,LUX,30,5.3431,-26.75,485.1317,2.369,2.9741,16,0.5333,0.0465
2003->2025,oecd,linear,d_pts,LVA,30,25.5249,-34.8411,487.6875,3.332,22.1928,30,1.0,0.0642
2003->2025,oecd,linear,d_pts,MEX,30,2.4943,6.4179,396.6121,-6.0328,8.5271,26,0.8667,0.4433
2003->2025,oecd,linear,d_pts,NLD,30,17.6686,-55.0817,525.1037,7.5141,10.1545,27,0.9,0.108
2003->2025,oecd,linear,d_pts,NOR,30,4.2934,-34.7713,493.0356,4.4383,-0.1449,13,0.4333,0.0533
2003->2025,oecd,linear,d_pts,NZL,30,4.1319,-26.6271,521.9808,0.1,4.0319,20,0.6667,0.0655
2003->2025,oecd,linear,d_pts,POL,30,0.5975,-7.9664,494.8747,-3.8912,4.4887,21,0.7,0.0623
2003->2025,oecd,linear,d_pts,PRT,30,-1.9073,-2.5448,470.4402,-3.9712,2.0639,15,0.5,0.0734
2003->2025,oecd,linear,d_pts,SVK,30,-3.6675,-23.4213,487.4003,1.5949,-5.2624,10,0.3333,0.0385
2003->2025,oecd,linear,d_pts,SWE,30,5.6066,-37.88,509.8127,4.3305,1.2761,14,0.4667,0.0481
2003->2025,oecd,linear,d_pts,TUR,30,-19.7969,43.0991,432.8713,-12.2745,-7.5224,8,0.2667,0.3871
2003->2025,oecd,linear,d_pts,USA,30,12.1847,-5.1274,489.7774,-5.3287,17.5134,29,0.9667,0.0667
2003->2025,oecd,quadratic,d_sd,AUS,30,1.2864,-32.4172,524.9158,0.1028,1.1836,28,0.9333,0.0647
2003->2025,oecd,quadratic,d_sd,AUT,30,-0.9298,-15.3233,495.7629,-0.1035,-0.8262,6,0.2,0.0418
2003->2025,oecd,quadratic,d_sd,BEL,30,-0.4829,-36.4596,515.0342,0.401,-0.8839,5,0.1667,0.0483
2003->2025,oecd,quadratic,d_sd,CAN,30,0.6687,-31.3088,526.3818,0.0981,0.5706,24,0.8,0.0699
2003->2025,oecd,quadratic,d_sd,CHE,30,-0.2281,-22.7374,512.8834,-0.0173,-0.2107,12,0.4,0.0512
2003->2025,oecd,quadratic,d_sd,CZE,30,0.522,-30.8227,509.417,0.2169,0.3051,21,0.7,0.0394
2003->2025,oecd,quadratic,d_sd,DEU,30,-1.6739,-27.357,498.8933,0.2593,-1.9332,1,0.0333,0.0342
2003->2025,oecd,quadratic,d_sd,DNK,30,-1.7096,-24.5519,493.9446,0.2075,-1.917,2,0.0667,0.0341
2003->2025,oecd,quadratic,d_sd,ESP,30,0.654,-22.2689,484.2462,0.1131,0.5409,23,0.7667,0.0415
2003->2025,oecd,quadratic,d_sd,FIN,30,0.4788,-62.8709,545.3256,1.03,-0.5512,8,0.2667,0.1629
2003->2025,oecd,quadratic,d_sd,FRA,30,-0.908,-40.2676,506.0712,0.6086,-1.5166,3,0.1,0.0553
2003->2025,oecd,quadratic,d_sd,GRC,30,1.1193,-39.1337,466.067,0.6607,0.4585,22,0.7333,0.1717
2003->2025,oecd,quadratic,d_sd,HUN,30,-0.8879,-27.818,491.7203,0.2972,-1.1851,4,0.1333,0.039
2003->2025,oecd,quadratic,d_sd,IRL,30,0.5159,-14.5964,507.9027,-0.2848,0.8008,26,0.8667,0.0629
2003->2025,oecd,quadratic,d_sd,ISL,30,1.4133,-62.7353,500.5336,1.1617,0.2516,18,0.6,0.2064
2003->2025,oecd,quadratic,d_sd,ITA,30,-0.9326,-0.915,475.9267,-0.3945,-0.5381,9,0.3,0.0753
2003->2025,oecd,quadratic,d_sd,JPN,30,-0.5556,-4.7343,526.6266,-0.6577,0.1021,14,0.4667,0.1959
2003->2025,oecd,quadratic,d_sd,KOR,30,-0.7584,-21.9266,538.2479,-0.1132,-0.6452,7,0.2333,0.1481
2003->2025,oecd,quadratic,d_sd,LUX,30,0.481,-26.75,485.1317,0.2499,0.2311,16,0.5333,0.0465
2003->2025,oecd,quadratic,d_sd,LVA,30,2.5342,-34.8411,487.6875,0.3396,2.1945,30,1.0,0.0642
2003->2025,oecd,quadratic,d_sd,MEX,30,-0.1929,6.4179,396.6121,-0.1294,-0.0635,13,0.4333,0.4433
2003->2025,oecd,quadratic,d_sd,NLD,30,1.8379,-55.0817,525.1037,0.7175,1.1203,27,0.9,0.108
2003->2025,oecd,quadratic,d_sd,NOR,30,0.5572,-34.7713,493.0356,0.4391,0.1181,15,0.5,0.0533
2003->2025,oecd,quadratic,d_sd,NZL,30,0.2784,-26.6271,521.9808,0.0114,0.267,20,0.6667,0.0655
2003->2025,oecd,quadratic,d_sd,POL,30,0.2223,-7.9664,494.8747,-0.3848,0.6071,25,0.8333,0.0623
2003->2025,oecd,quadratic,d_sd,PRT,30,-0.1156,-2.5448,470.4402,-0.3724,0.2568,19,0.6333,0.0734
2003->2025,oecd,quadratic,d_sd,SVK,30,-0.2945,-23.4213,487.4003,0.1674,-0.462,10,0.3333,0.0385
2003->2025,oecd,quadratic,d_sd,SWE,30,0.6618,-37.88,509.8127,0.4205,0.2414,17,0.5667,0.0481
2003->2025,oecd,quadratic,d_sd,TUR,30,-1.6204,43.0991,432.8713,-1.3435,-0.277,11,0.3667,0.3871
2003->2025,oecd,quadratic,d_sd,USA,30,1.3502,-5.1274,489.7774,-0.523,1.8732,29,0.9667,0.0667
2003->2025,oecd,quadratic,d_pts,AUS,30,13.5287,-32.4172,524.9158,1.1288,12.3999,28,0.9333,0.0647
2003->2025,oecd,quadratic,d_pts,AUT,30,-8.8279,-15.3233,495.7629,-1.1879,-7.64,6,0.2,0.0418
2003->2025,oecd,quadratic,d_pts,BEL,30,-4.5596,-36.4596,515.0342,4.3088,-8.8684,5,0.1667,0.0483
2003->2025,oecd,quadratic,d_pts,CAN,30,6.5292,-31.3088,526.3818,1.1015,5.4277,24,0.8,0.0699
2003->2025,oecd,quadratic,d_pts,CHE,30,-2.0073,-22.7374,512.8834,-0.2279,-1.7794,12,0.4,0.0512
2003->2025,oecd,quadratic,d_pts,CZE,30,5.9833,-30.8227,509.417,2.3321,3.6512,21,0.7,0.0394
2003->2025,oecd,quadratic,d_pts,DEU,30,-16.3553,-27.357,498.8933,2.7447,-19.1,1,0.0333,0.0342
2003->2025,oecd,quadratic,d_pts,DNK,30,-15.4047,-24.5519,493.9446,2.1369,-17.5416,2,0.0667,0.0341
2003->2025,oecd,quadratic,d_pts,ESP,30,6.846,-22.2689,484.2462,1.2392,5.6068,25,0.8333,0.0415
2003->2025,oecd,quadratic,d_pts,FIN,30,3.8957,-62.8709,545.3256,11.4179,-7.5222,7,0.2333,0.1629
2003->2025,oecd,quadratic,d_pts,FRA,30,-8.4919,-40.2676,506.0712,6.5234,-15.0153,3,0.1,0.0553
2003->2025,oecd,quadratic,d_pts,GRC,30,10.184,-39.1337,466.067,7.5992,2.5848,16,0.5333,0.1717
2003->2025,oecd,quadratic,d_pts,HUN,30,-8.4018,-27.818,491.7203,3.1747,-11.5765,4,0.1333,0.039
2003->2025,oecd,quadratic,d_pts,IRL,30,3.6003,-14.5964,507.9027,-2.9731,6.5734,26,0.8667,0.0629
2003->2025,oecd,quadratic,d_pts,ISL,30,15.4615,-62.7353,500.5336,12.5898,2.8717,17,0.5667,0.2064
2003->2025,oecd,quadratic,d_pts,ITA,30,-10.6861,-0.915,475.9267,-4.241,-6.4451,9,0.3,0.0753
2003->2025,oecd,quadratic,d_pts,JPN,30,-4.1576,-4.7343,526.6266,-7.6306,3.473,19,0.6333,0.1959
2003->2025,oecd,quadratic,d_pts,KOR,30,-7.8685,-21.9266,538.2479,-1.3238,-6.5447,8,0.2667,0.1481
2003->2025,oecd,quadratic,d_pts,LUX,30,6.4645,-26.75,485.1317,2.6534,3.8111,22,0.7333,0.0465
2003->2025,oecd,quadratic,d_pts,LVA,30,26.602,-34.8411,487.6875,3.7526,22.8494,30,1.0,0.0642
2003->2025,oecd,quadratic,d_pts,MEX,30,-0.8565,6.4179,396.6121,-2.3318,1.4753,14,0.4667,0.4433
2003->2025,oecd,quadratic,d_pts,NLD,30,18.0649,-55.0817,525.1037,8.0092,10.0557,27,0.9,0.108
2003->2025,oecd,quadratic,d_pts,NOR,30,5.3625,-34.7713,493.0356,4.8058,0.5567,13,0.4333,0.0533
2003->2025,oecd,quadratic,d_pts,NZL,30,3.5617,-26.6271,521.9808,0.0677,3.494,20,0.6667,0.0655
2003->2025,oecd,quadratic,d_pts,POL,30,0.968,-7.9664,494.8747,-4.0923,5.0603,23,0.7667,0.0623
2003->2025,oecd,quadratic,d_pts,PRT,30,-0.8509,-2.5448,470.4402,-4.0757,3.2249,18,0.6,0.0734
2003->2025,oecd,quadratic,d_pts,SVK,30,-2.58,-23.4213,487.4003,1.7916,-4.3716,11,0.3667,0.0385
2003->2025,oecd,quadratic,d_pts,SWE,30,6.303,-37.88,509.8127,4.602,1.701,15,0.5,0.0481
2003->2025,oecd,quadratic,d_pts,TUR,30,-19.4509,43.0991,432.8713,-13.4093,-6.0416,10,0.3333,0.3871
2003->2025,oecd,quadratic,d_pts,USA,30,12.7034,-5.1274,489.7774,-5.548,18.2514,29,0.9667,0.0667
