x,iso3,oecd,gamma_c,se_brr_rubin
PROG,ARE,False,-1.1534201669048536,1.586971422008961
PROG,ARG,False,4.162529653899732,3.455741420530022
PROG,AUS,True,5.546707470636721,1.5866525684590702
PROG,AUT,True,2.728901758580553,2.334138065865155
PROG,BEL,True,5.961928387813383,2.096003346163053
PROG,BGR,False,-0.3861208768372252,2.7142648786936068
PROG,BRN,False,-1.8752270234692712,1.7296937071417267
PROG,CHE,True,15.825179025446179,2.0421741850621093
PROG,DEU,True,15.171382863984515,2.5641890406739
PROG,DOM,False,-0.2422749092972391,2.2674058762880045
PROG,ESP,True,7.6871793792730205,1.265353630148532
PROG,EST,True,9.88008892093675,1.9438672567368087
PROG,FIN,True,11.13084359652229,1.9360229979033834
PROG,GEO,False,-1.4220939817492908,2.6695747622587995
PROG,GRC,True,6.323371818811784,1.9526976449739117
PROG,HKG,False,3.805173778643271,1.6272172026514822
PROG,HUN,True,7.287392329344404,1.7826376885199475
PROG,IRL,True,9.548042978959852,1.627531038327718
PROG,ISL,True,3.2178123622500294,2.942174902984899
PROG,ISR,True,2.4814794248876755,3.037422221909737
PROG,ITA,True,9.703412752234224,2.322088864966537
PROG,JOR,False,-1.5730575179738129,2.014330279705732
PROG,JPN,True,8.130726214976816,2.2005606395320156
PROG,KOR,True,-3.446064251780554,2.134063476220941
PROG,LBN,False,-6.554773904513604,4.2452927990653615
PROG,LUX,True,11.796890845260176,2.070427288580887
PROG,MAC,False,2.657152229076881,1.465422602834462
PROG,MAR,False,0.0018317001612713213,2.4480801749116243
PROG,MNG,False,3.50113042960418,1.6051793245513784
PROG,MYS,False,5.570961496268479,1.452300485456752
PROG,NLD,True,-2.447750467053648,3.244175840642373
PROG,NZL,True,17.401729811256008,2.861676835295034
PROG,POL,True,-1.5268296396906047,1.8786747928059362
PROG,QAT,False,-6.718811118470258,2.265550412268745
PROG,QCI,False,3.6039245480920483,0.9827533705726191
PROG,QUA,False,1.8280640625691018,1.8077279001832371
PROG,ROU,False,5.431507339237682,1.9871747373430817
PROG,SGP,False,7.353172445186239,2.1666530125844203
PROG,SVN,True,-5.63434840939542,2.8193018641204177
PROG,TUR,True,4.964313183385366,1.7273083838154555
PROG,TWN,False,4.427320843757143,1.7986577128906913
PROG,URY,False,3.394033590233659,2.434698858472289
PROG,USA,True,5.657546830519874,3.7907919818249747
ICTSCH,ARE,False,0.18601225192084497,0.4443429303045179
ICTSCH,ARG,False,1.7553796244297697,1.3694443323341752
ICTSCH,AUS,True,-0.06815711097481354,0.8134283230986589
ICTSCH,AUT,True,-0.7170736780232406,1.1903517913000563
ICTSCH,BEL,True,-0.23288923444693005,1.0234615015781319
ICTSCH,BGR,False,0.826346580357253,1.2517775680567393
ICTSCH,BRN,False,0.14167595516512857,0.37967475441232074
ICTSCH,CHE,True,1.4016700819193384,1.3561194440367519
ICTSCH,DEU,True,-1.591993467832372,1.182676677021392
ICTSCH,DOM,False,-1.5035253205660233,0.7188203721645908
ICTSCH,ESP,True,1.9924990598124392,0.7723469161392023
ICTSCH,EST,True,-0.8949246151026825,1.0630245149941706
ICTSCH,FIN,True,-0.1898334872079288,1.241041091950808
ICTSCH,GEO,False,2.1633918492939324,1.2696949853116994
ICTSCH,GRC,True,0.7427261091912251,1.0299668694028516
ICTSCH,HKG,False,-1.5663034929563833,0.8922806143690055
ICTSCH,HUN,True,3.976995568959731,0.8045046240290186
ICTSCH,IRL,True,-1.395891742150771,0.7976537692370124
ICTSCH,ISL,True,-0.2891649600522302,1.592334915804035
ICTSCH,ISR,True,2.075587910431812,1.3214681438639033
ICTSCH,ITA,True,-1.8152078129216875,1.0842605976757584
ICTSCH,JOR,False,1.804658971913944,0.6904989665453848
ICTSCH,JPN,True,-0.9307510111476901,0.8781030334701554
ICTSCH,KOR,True,1.331627453532612,1.2683393903484255
ICTSCH,LBN,False,-0.08235955179496685,1.6176265732869457
ICTSCH,LUX,True,1.1404295301032517,1.4513159195678396
ICTSCH,MAC,False,-1.5870430999074236,0.5773426814472591
ICTSCH,MAR,False,3.7133628236143132,0.9052678820256455
ICTSCH,MNG,False,0.17149266073940775,0.8493082621192651
ICTSCH,MYS,False,0.6447295077449978,0.4051729294162416
ICTSCH,NLD,True,-0.7835879793690378,1.0321013691952208
ICTSCH,NZL,True,-0.8006846554155013,1.1859792846846429
ICTSCH,POL,True,-1.9044666369949812,0.891222590306872
ICTSCH,QAT,False,-1.0103593809125726,0.8682875621955789
ICTSCH,QCI,False,-0.7582196492739781,0.2182359343001341
ICTSCH,QUA,False,0.052652528692582544,0.8093632776266443
ICTSCH,ROU,False,0.18621950654593722,1.2697367726303583
ICTSCH,SGP,False,0.010282639000353876,0.8405206668785661
ICTSCH,SVN,True,-0.9051995976632204,1.2424469039847092
ICTSCH,TUR,True,0.10830463874510628,0.6597316644853665
ICTSCH,TWN,False,-1.2135822917546393,0.7993280748114603
ICTSCH,URY,False,0.9068915423733894,1.3919423975746819
ICTSCH,USA,True,-0.6111676609380293,1.5709377231048371
ICTSCH_school,ARE,False,1.9751228964426044,1.6711924118364814
ICTSCH_school,ARG,False,5.953275870542647,4.851449516445527
ICTSCH_school,AUS,True,1.682242288327456,3.2053791086486125
ICTSCH_school,AUT,True,-6.9825412972914025,5.122770396927327
ICTSCH_school,BEL,True,12.022758659685703,6.670915185407885
ICTSCH_school,BGR,False,-2.3634629314653943,4.803137266336276
ICTSCH_school,BRN,False,3.2938880973676574,1.3540692948887656
ICTSCH_school,CHE,True,0.4015870451660519,4.079962938919701
ICTSCH_school,DEU,True,-0.4823494573812198,5.9872780321125845
ICTSCH_school,DOM,False,-2.954344934876773,2.383829548585184
ICTSCH_school,ESP,True,5.384217987281215,2.7200226940946552
ICTSCH_school,EST,True,1.672760266637485,4.840907071833022
ICTSCH_school,FIN,True,-5.024822284143317,5.5459952530095284
ICTSCH_school,GEO,False,-4.891067104473276,5.133441484052754
ICTSCH_school,GRC,True,4.190904544827042,6.723738657294902
ICTSCH_school,HKG,False,-1.8068720477981135,4.879689823070214
ICTSCH_school,HUN,True,7.046085269380162,3.3915572305438686
ICTSCH_school,IRL,True,-13.502192169911874,6.03507454980769
ICTSCH_school,ISL,True,,
ICTSCH_school,ISR,True,6.324783246664131,3.162534861679002
ICTSCH_school,ITA,True,-5.26857493267562,5.7908901099408485
ICTSCH_school,JOR,False,1.2787631011852878,2.5100427727529775
ICTSCH_school,JPN,True,7.355857014154371,4.974154869039647
ICTSCH_school,KOR,True,-1.6121213146724647,6.651282683961616
ICTSCH_school,LBN,False,4.50995246825137,3.5207165848773814
ICTSCH_school,LUX,True,,
ICTSCH_school,MAC,False,,
ICTSCH_school,MAR,False,7.103489486138757,7.823705534156865
ICTSCH_school,MNG,False,1.2728685695271982,5.26468566903595
ICTSCH_school,MYS,False,2.382137340941174,2.4592406246423573
ICTSCH_school,NLD,True,8.306225350017854,6.710533411601136
ICTSCH_school,NZL,True,-12.25971163034264,6.4455633471715545
ICTSCH_school,POL,True,-1.4990798637782152,4.645451027630595
ICTSCH_school,QAT,False,2.4614827073099237,2.882103374750017
ICTSCH_school,QCI,False,1.1540459450628955,1.0374657184851304
ICTSCH_school,QUA,False,-0.7681504999530995,3.8190753446845367
ICTSCH_school,ROU,False,2.5476465579425462,3.487609101395923
ICTSCH_school,SGP,False,-2.08519377768028,4.286367591615347
ICTSCH_school,SVN,True,4.614279339275316,5.213997569988516
ICTSCH_school,TUR,True,-5.1138931211520084,3.3662823413402028
ICTSCH_school,TWN,False,0.2087732490543031,4.692273006005311
ICTSCH_school,URY,False,7.0559107996501265,4.451117497228355
ICTSCH_school,USA,True,-3.486177613430435,7.130815350982431
ROBOT,ARE,False,-6.077885776175225,2.128108381230468
ROBOT,ARG,False,7.402767251573425,3.9820243991438344
ROBOT,AUS,True,2.0847953817412277,1.5992173470195887
ROBOT,AUT,True,-3.7178883042013156,2.7151451510731395
ROBOT,BEL,True,5.38285570261178,2.781201670838768
ROBOT,BGR,False,-1.2703566893100855,3.252304498985724
ROBOT,BRN,False,-0.9844820600969362,2.2001485880286866
ROBOT,CHE,True,5.8879976315499905,2.20713299189074
ROBOT,DEU,True,12.872921769166698,2.4382810302852023
ROBOT,DOM,False,2.5507283216671657,2.575662537889033
ROBOT,ESP,True,8.746206044426776,1.6207204809343587
ROBOT,EST,True,8.141096566389518,2.244146786508171
ROBOT,FIN,True,8.726395585253988,2.1443017972604883
ROBOT,GEO,False,3.0615709133799633,3.9203788951722762
ROBOT,GRC,True,7.292217792594871,2.4109653817308403
ROBOT,HKG,False,-1.903435168589968,2.394705535762425
ROBOT,HUN,True,3.0270036895554737,2.5162223185799797
ROBOT,IRL,True,-0.17435005494591396,1.7862343017943036
ROBOT,ISL,True,0.3545220305881083,3.3813450784939705
ROBOT,ISR,True,-7.34110578378305,3.1121160485195207
ROBOT,ITA,True,4.656472306370555,2.7502881955409437
ROBOT,JOR,False,5.720225123897583,2.7750574096152314
ROBOT,JPN,True,8.304947114286055,2.6333777386299015
ROBOT,KOR,True,-1.8153677680481866,2.7203625445341157
ROBOT,LBN,False,0.2759247299812795,5.377698718455652
ROBOT,LUX,True,9.081404385468051,2.3095658990210324
ROBOT,MAC,False,-0.40748801196269796,1.3221199920055104
ROBOT,MAR,False,-6.949686848787273,2.709092733362034
ROBOT,MNG,False,6.211970896353527,1.8501626735933079
ROBOT,MYS,False,4.481257946388562,1.3544640048104373
ROBOT,NLD,True,6.620989011421992,3.2234887147965634
ROBOT,NZL,True,9.77556972239081,3.065828247980421
ROBOT,POL,True,-4.320328023757709,2.414965774268527
ROBOT,QAT,False,-5.310199645309159,3.0324312923944836
ROBOT,QCI,False,6.4319046020835895,1.1729619190755964
ROBOT,QUA,False,1.977827711637206,2.132576399550922
ROBOT,ROU,False,5.610958847732093,2.311943039881074
ROBOT,SGP,False,3.0984178043446837,2.4074895465967363
ROBOT,SVN,True,-11.12244272078376,3.3466117581029677
ROBOT,TUR,True,5.098551105539068,1.911520118561453
ROBOT,TWN,False,0.7272024840614623,2.17293253885627
ROBOT,URY,False,0.47737153928539566,2.6951873697251947
ROBOT,USA,True,5.458696367755128,4.4784907929565
