model,x,set,tur_included,n_systems,gamma,se_jk_rubin,lo95,hi95
PROG,PROG,ict44,True,43,4.0457,0.8869,2.3073,5.7841
PROG,PROG,ict44,False,42,3.984,0.9052,2.2097,5.7582
PROG,PROG,ict_oecd,True,23,6.4841,1.2304,4.0725,8.8957
PROG,PROG,ict_oecd,False,22,6.4829,1.2909,3.9527,9.013
ICTSCH,ICTSCH,ict44,True,43,0.1168,0.2605,-0.3937,0.6274
ICTSCH,ICTSCH,ict44,False,42,0.1064,0.2696,-0.4221,0.6348
ICTSCH,ICTSCH,ict_oecd,True,23,0.1216,0.4166,-0.695,0.9382
ICTSCH,ICTSCH,ict_oecd,False,22,0.0823,0.4536,-0.8067,0.9714
ICTSCH_school,ICTSCH_school,ict44,True,40,2.4049,0.9423,0.558,4.2518
ICTSCH_school,ICTSCH_school,ict44,False,39,2.462,0.9573,0.5858,4.3382
ICTSCH_school,ICTSCH_school,ict_oecd,True,21,2.1271,1.4918,-0.7969,5.0511
ICTSCH_school,ICTSCH_school,ict_oecd,False,20,2.2522,1.5624,-0.8101,5.3145
ROBOT,ROBOT,ict44,True,43,1.9215,0.927,0.1045,3.7385
ROBOT,ROBOT,ict44,False,42,1.8379,0.942,-0.0083,3.6842
ROBOT,ROBOT,ict_oecd,True,23,3.4762,1.3093,0.9101,6.0424
ROBOT,ROBOT,ict_oecd,False,22,3.374,1.3719,0.6851,6.0628
ICTSCH+ICTSCH_school,ICTSCH,ict44,True,40,0.0596,0.2825,-0.494,0.6133
ICTSCH+ICTSCH_school,ICTSCH_school,ict44,True,40,1.5362,1.1805,-0.7776,3.85
ICTSCH+ICTSCH_school,ICTSCH,ict44,False,39,0.0443,0.2921,-0.5282,0.6168
ICTSCH+ICTSCH_school,ICTSCH_school,ict44,False,39,1.6064,1.2006,-0.7468,3.9596
ICTSCH+ICTSCH_school,ICTSCH,ict_oecd,True,21,0.0928,0.4182,-0.7269,0.9125
ICTSCH+ICTSCH_school,ICTSCH_school,ict_oecd,True,21,0.6676,1.4767,-2.2268,3.562
ICTSCH+ICTSCH_school,ICTSCH,ict_oecd,False,20,0.0425,0.4567,-0.8526,0.9375
ICTSCH+ICTSCH_school,ICTSCH_school,ict_oecd,False,20,0.8128,1.5764,-2.277,3.9026
PROG,PROG,all_valid,True,83,2.9575,0.5908,1.7996,4.1155
PROG,PROG,all_valid,False,82,2.9129,0.5949,1.7469,4.079
ROBOT,ROBOT,all_valid,True,83,1.4099,0.7202,-0.0017,2.8214
ROBOT,ROBOT,all_valid,False,82,1.3636,0.7249,-0.0572,2.7843
