cycle,pool,slicing,slice,n_students,estimate,se,lo95,hi95,resid_sd_unit,estimate_sd,escs_missing_share_w
2003,all,tüm örneklem,all,4855,-25.4766,0.9,-27.2407,-23.7126,42.6708,-0.5971,0.0021
2003,all,escs,top30,1490,-26.7876,2.3143,-31.3237,-22.2514,42.6708,-0.6278,0.0021
2003,all,escs,top40,1990,-26.3931,1.8706,-30.0595,-22.7267,42.6708,-0.6185,0.0021
2003,all,escs,top49,2439,-26.1913,1.8159,-29.7504,-22.6322,42.6708,-0.6138,0.0021
2003,all,escs,top60,2970,-25.3596,1.5154,-28.3298,-22.3893,42.6708,-0.5943,0.0021
2003,all,escs,top70,3440,-25.0512,1.2017,-27.4066,-22.6958,42.6708,-0.5871,0.0021
2003,all,escs,top80,3934,-25.0112,1.0614,-27.0916,-22.9308,42.6708,-0.5861,0.0021
2003,all,escs,top90,4399,-25.0396,0.9375,-26.877,-23.2022,42.6708,-0.5868,0.0021
2003,all,escs,top100,4845,-25.4892,0.8958,-27.245,-23.7334,42.6708,-0.5973,0.0021
2003,all,escs,decile1,446,-29.5377,3.1255,-35.6637,-23.4118,42.6708,-0.6922,0.0021
2003,all,escs,decile2,465,-25.2696,3.1853,-31.5127,-19.0264,42.6708,-0.5922,0.0021
2003,all,escs,decile3,494,-24.7331,2.5298,-29.6915,-19.7747,42.6708,-0.5796,0.0021
2003,all,escs,decile4,470,-23.1761,3.4694,-29.976,-16.3762,42.6708,-0.5431,0.0021
2003,all,escs,decile5,487,-22.5431,3.0114,-28.4455,-16.6408,42.6708,-0.5283,0.0021
2003,all,escs,decile6,493,-24.0889,3.4428,-30.8368,-17.3411,42.6708,-0.5645,0.0021
2003,all,escs,decile7,500,-25.2108,2.4538,-30.0202,-20.4014,42.6708,-0.5908,0.0021
2003,all,escs,decile8,505,-27.2982,3.6447,-34.4418,-20.1545,42.6708,-0.6397,0.0021
2003,all,escs,decile9,511,-27.2209,2.6293,-32.3743,-22.0675,42.6708,-0.6379,0.0021
2003,all,escs,decile10,474,-25.8423,3.0861,-31.8912,-19.7935,42.6708,-0.6056,0.0021
2003,all,escs,gradient,4845,0.1472,4.4692,-8.6124,8.9069,42.6708,0.0035,0.0021
2003,all,loo_school,top30,1589,-27.8273,1.7502,-31.2578,-24.3969,42.6708,-0.6521,0.0021
2003,all,loo_school,top40,2089,-26.7455,1.5236,-29.7317,-23.7593,42.6708,-0.6268,0.0021
2003,all,loo_school,top49,2527,-26.5489,1.4181,-29.3284,-23.7694,42.6708,-0.6222,0.0021
2003,all,loo_school,top60,3107,-26.0323,1.2381,-28.4591,-23.6056,42.6708,-0.6101,0.0021
2003,all,loo_school,top70,3547,-26.254,1.2497,-28.7035,-23.8045,42.6708,-0.6153,0.0021
2003,all,loo_school,top80,3974,-25.7263,0.9229,-27.5352,-23.9173,42.6708,-0.6029,0.0021
2003,all,loo_school,top90,4478,-25.5636,0.8388,-27.2078,-23.9195,42.6708,-0.5991,0.0021
2003,all,loo_school,top100,4855,-25.4766,0.9,-27.2407,-23.7126,42.6708,-0.5971,0.0021
2003,all,loo_school,gradient,4855,-5.0189,4.1718,-13.1956,3.1579,42.6708,-0.1176,0.0021
2003,oecd,tüm örneklem,all,4855,-25.6456,0.8913,-27.3926,-23.8985,40.7598,-0.6292,0.0021
2003,oecd,escs,top30,1490,-26.9011,2.2969,-31.403,-22.3993,40.7598,-0.66,0.0021
2003,oecd,escs,top40,1990,-26.5511,1.8535,-30.1839,-22.9183,40.7598,-0.6514,0.0021
2003,oecd,escs,top49,2439,-26.3676,1.7998,-29.8951,-22.84,40.7598,-0.6469,0.0021
2003,oecd,escs,top60,2970,-25.5353,1.5109,-28.4966,-22.574,40.7598,-0.6265,0.0021
2003,oecd,escs,top70,3440,-25.2365,1.1927,-27.5741,-22.8988,40.7598,-0.6192,0.0021
2003,oecd,escs,top80,3934,-25.197,1.0529,-27.2607,-23.1332,40.7598,-0.6182,0.0021
2003,oecd,escs,top90,4399,-25.2115,0.9283,-27.0309,-23.3921,40.7598,-0.6185,0.0021
2003,oecd,escs,top100,4845,-25.6576,0.8876,-27.3973,-23.9179,40.7598,-0.6295,0.0021
2003,oecd,escs,decile1,446,-29.6738,3.1421,-35.8323,-23.5154,40.7598,-0.728,0.0021
2003,oecd,escs,decile2,465,-25.3294,3.2018,-31.605,-19.0538,40.7598,-0.6214,0.0021
2003,oecd,escs,decile3,494,-24.9224,2.5462,-29.9129,-19.9319,40.7598,-0.6114,0.0021
2003,oecd,escs,decile4,470,-23.4191,3.4677,-30.2157,-16.6224,40.7598,-0.5746,0.0021
2003,oecd,escs,decile5,487,-22.7644,3.0412,-28.7252,-16.8036,40.7598,-0.5585,0.0021
2003,oecd,escs,decile6,493,-24.2893,3.4516,-31.0543,-17.5242,40.7598,-0.5959,0.0021
2003,oecd,escs,decile7,500,-25.502,2.4426,-30.2895,-20.7145,40.7598,-0.6257,0.0021
2003,oecd,escs,decile8,505,-27.6543,3.6686,-34.8447,-20.4639,40.7598,-0.6785,0.0021
2003,oecd,escs,decile9,511,-27.5492,2.6334,-32.7106,-22.3877,40.7598,-0.6759,0.0021
2003,oecd,escs,decile10,474,-25.498,2.9908,-31.3599,-19.6361,40.7598,-0.6256,0.0021
2003,oecd,escs,gradient,4845,0.2559,4.4506,-8.4672,8.979,40.7598,0.0063,0.0021
2003,oecd,loo_school,top30,1589,-27.9394,1.7087,-31.2885,-24.5903,40.7598,-0.6855,0.0021
2003,oecd,loo_school,top40,2089,-26.9547,1.4943,-29.8836,-24.0258,40.7598,-0.6613,0.0021
2003,oecd,loo_school,top49,2527,-26.8027,1.4043,-29.5551,-24.0503,40.7598,-0.6576,0.0021
2003,oecd,loo_school,top60,3107,-26.3,1.2296,-28.71,-23.8899,40.7598,-0.6452,0.0021
2003,oecd,loo_school,top70,3547,-26.5186,1.2523,-28.9731,-24.0642,40.7598,-0.6506,0.0021
2003,oecd,loo_school,top80,3974,-25.9782,0.9169,-27.7752,-24.1811,40.7598,-0.6373,0.0021
2003,oecd,loo_school,top90,4478,-25.7829,0.8301,-27.4099,-24.156,40.7598,-0.6326,0.0021
2003,oecd,loo_school,top100,4855,-25.6456,0.8913,-27.3926,-23.8985,40.7598,-0.6292,0.0021
2003,oecd,loo_school,gradient,4855,-5.1627,4.082,-13.1635,2.838,40.7598,-0.1267,0.0021
2025,all,tüm örneklem,all,7702,-26.699,0.9191,-28.5003,-24.8976,67.0437,-0.3982,0.0322
2025,all,escs,top30,2243,-33.3195,1.6182,-36.4911,-30.1479,67.0437,-0.497,0.0322
2025,all,escs,top40,2986,-32.154,1.3399,-34.7803,-29.5278,67.0437,-0.4796,0.0322
2025,all,escs,top49,3658,-30.9213,1.1692,-33.2129,-28.6297,67.0437,-0.4612,0.0322
2025,all,escs,top60,4463,-29.9781,1.0699,-32.0752,-27.8811,67.0437,-0.4471,0.0322
2025,all,escs,top70,5195,-28.9069,1.035,-30.9355,-26.8783,67.0437,-0.4312,0.0322
2025,all,escs,top80,5925,-28.1504,0.9922,-30.095,-26.2058,67.0437,-0.4199,0.0322
2025,all,escs,top90,6669,-27.6223,0.9548,-29.4938,-25.7509,67.0437,-0.412,0.0322
2025,all,escs,top100,7449,-27.2617,0.9287,-29.0821,-25.4414,67.0437,-0.4066,0.0322
2025,all,escs,decile1,780,-24.0189,2.8518,-29.6084,-18.4294,67.0437,-0.3583,0.0322
2025,all,escs,decile2,744,-23.3943,2.8854,-29.0498,-17.7389,67.0437,-0.3489,0.0322
2025,all,escs,decile3,730,-22.8556,2.7697,-28.2842,-17.427,67.0437,-0.3409,0.0322
2025,all,escs,decile4,732,-22.4779,2.9026,-28.167,-16.7888,67.0437,-0.3353,0.0322
2025,all,escs,decile5,731,-25.334,2.8733,-30.9658,-19.7023,67.0437,-0.3779,0.0322
2025,all,escs,decile6,746,-25.9196,2.542,-30.9019,-20.9372,67.0437,-0.3866,0.0322
2025,all,escs,decile7,743,-28.6586,2.9316,-34.4045,-22.9127,67.0437,-0.4275,0.0322
2025,all,escs,decile8,747,-31.7866,3.0282,-37.7219,-25.8513,67.0437,-0.4741,0.0322
2025,all,escs,decile9,762,-33.2469,2.6141,-38.3706,-28.1232,67.0437,-0.4959,0.0322
2025,all,escs,decile10,734,-34.9242,2.9794,-40.7638,-29.0845,67.0437,-0.5209,0.0322
2025,all,escs,gradient,7449,-13.7707,2.8513,-19.3592,-8.1822,67.0437,-0.2054,0.0322
2025,all,loo_school,top30,2521,-41.0784,1.7095,-44.4289,-37.7278,67.0437,-0.6127,0.0322
2025,all,loo_school,top40,3263,-39.2533,1.4061,-42.0093,-36.4972,67.0437,-0.5855,0.0322
2025,all,loo_school,top49,3882,-37.5278,1.3575,-40.1885,-34.867,67.0437,-0.5598,0.0322
2025,all,loo_school,top60,4649,-35.5726,1.1595,-37.8453,-33.2999,67.0437,-0.5306,0.0322
2025,all,loo_school,top70,5365,-33.0956,1.0618,-35.1767,-31.0145,67.0437,-0.4936,0.0322
2025,all,loo_school,top80,6074,-30.881,1.0165,-32.8734,-28.8886,67.0437,-0.4606,0.0322
2025,all,loo_school,top90,6839,-28.5839,0.9589,-30.4633,-26.7045,67.0437,-0.4263,0.0322
2025,all,loo_school,top100,7701,-26.7111,0.9182,-28.5108,-24.9114,67.0437,-0.3984,0.0322
2025,all,loo_school,gradient,7701,-40.4286,3.4782,-47.2457,-33.6114,67.0437,-0.603,0.0322
2025,oecd,tüm örneklem,all,7702,-32.5165,0.8727,-34.2269,-30.8061,60.9644,-0.5334,0.0322
2025,oecd,escs,top30,2243,-38.1096,1.6233,-41.2914,-34.9279,60.9644,-0.6251,0.0322
2025,oecd,escs,top40,2986,-37.1324,1.3299,-39.739,-34.5257,60.9644,-0.6091,0.0322
2025,oecd,escs,top49,3658,-36.0023,1.1618,-38.2795,-33.7251,60.9644,-0.5905,0.0322
2025,oecd,escs,top60,4463,-35.1205,1.0513,-37.181,-33.06,60.9644,-0.5761,0.0322
2025,oecd,escs,top70,5195,-34.1421,0.9991,-36.1003,-32.1838,60.9644,-0.56,0.0322
2025,oecd,escs,top80,5925,-33.4989,0.9613,-35.383,-31.6148,60.9644,-0.5495,0.0322
2025,oecd,escs,top90,6669,-33.0625,0.9256,-34.8767,-31.2483,60.9644,-0.5423,0.0322
2025,oecd,escs,top100,7449,-32.8813,0.8906,-34.627,-31.1357,60.9644,-0.5394,0.0322
2025,oecd,escs,decile1,780,-31.2517,2.7602,-36.6617,-25.8418,60.9644,-0.5126,0.0322
2025,oecd,escs,decile2,744,-29.5688,2.7897,-35.0365,-24.1011,60.9644,-0.485,0.0322
2025,oecd,escs,decile3,730,-28.9974,2.7414,-34.3705,-23.6243,60.9644,-0.4756,0.0322
2025,oecd,escs,decile4,732,-28.27,2.8048,-33.7673,-22.7726,60.9644,-0.4637,0.0322
2025,oecd,escs,decile5,731,-30.7899,2.8389,-36.3541,-25.2257,60.9644,-0.505,0.0322
2025,oecd,escs,decile6,746,-31.4046,2.5239,-36.3513,-26.4578,60.9644,-0.5151,0.0322
2025,oecd,escs,decile7,743,-34.2012,2.8765,-39.8392,-28.5633,60.9644,-0.561,0.0322
2025,oecd,escs,decile8,747,-36.8978,2.9771,-42.733,-31.0627,60.9644,-0.6052,0.0322
2025,oecd,escs,decile9,762,-37.8526,2.6384,-43.024,-32.6813,60.9644,-0.6209,0.0322
2025,oecd,escs,decile10,734,-39.5776,2.8938,-45.2494,-33.9057,60.9644,-0.6492,0.0322
2025,oecd,escs,gradient,7449,-11.3366,2.8489,-16.9205,-5.7527,60.9644,-0.186,0.0322
2025,oecd,loo_school,top30,2521,-44.6573,1.7282,-48.0446,-41.27,60.9644,-0.7325,0.0322
2025,oecd,loo_school,top40,3263,-42.7825,1.4197,-45.5651,-39.9999,60.9644,-0.7018,0.0322
2025,oecd,loo_school,top49,3882,-41.1093,1.3403,-43.7363,-38.4823,60.9644,-0.6743,0.0322
2025,oecd,loo_school,top60,4649,-39.4037,1.1485,-41.6547,-37.1526,60.9644,-0.6463,0.0322
2025,oecd,loo_school,top70,5365,-37.2589,1.0482,-39.3134,-35.2044,60.9644,-0.6112,0.0322
2025,oecd,loo_school,top80,6074,-35.4919,0.9958,-37.4436,-33.5401,60.9644,-0.5822,0.0322
2025,oecd,loo_school,top90,6839,-33.6619,0.9391,-35.5024,-31.8213,60.9644,-0.5522,0.0322
2025,oecd,loo_school,top100,7701,-32.527,0.8721,-34.2362,-30.8177,60.9644,-0.5335,0.0322
2025,oecd,loo_school,gradient,7701,-31.7505,3.4487,-38.51,-24.991,60.9644,-0.5208,0.0322
