cycle,pool,pv,b0,b1,b2,b3,b4,b5,b6,b7,b8,b9
2003,all,1,501.05774817533745,65.33813862954848,33.15958180152314,-1.8289812678775603,-0.3149885693370271,-0.9324591582385123,0.35161333393863453,-2.1194246551583484,1.1066891781937525,2.297851406866644
2003,all,2,500.9447785145455,65.31377319999555,33.604287015383605,-2.1382320127306964,-0.13196025570591702,-0.34303162923977826,0.5326479331567407,-2.703775862901169,1.4684766338840483,1.4557059862867727
2003,all,3,500.8773431793291,65.16079987855396,33.37179587167587,-1.959554336157729,-0.15978620426859533,-0.6305874897398493,0.3478073148857159,-2.3903600085972836,1.097470681951254,2.0951449512134395
2003,all,4,501.05507870584177,65.45042573101296,33.5287264583463,-2.3950738584041473,-0.25695384279091577,-1.4124191264903736,0.23194806517110841,-1.9001590543055997,0.7915776928851487,3.00609708526668
2003,all,5,501.1204540917255,65.5748801023898,33.37336454425265,-2.3213250901978277,-0.9330151093857543,-0.823835307960313,0.4287918818394572,-1.8105135736589846,1.7288292259929579,1.914601509169514
2003,oecd,1,501.3652134177541,64.12669834847975,32.83852657094197,-0.6917573607392606,0.08724038148713503,0.1919532474299183,1.1629563169417119,-2.5721028204747856,-0.18029445363986085,1.086061724402287
2003,oecd,2,501.4116579775522,64.25978709527995,33.409668357071375,-1.3112358014427867,-0.03621888286393727,0.6009247961964932,0.41639154065383466,-3.8858970662246755,1.0852820393710136,1.472452042177239
2003,oecd,3,501.1227784962674,63.90219454428434,33.067115274978384,-0.769764334655245,0.11059946754469553,0.7262519728415205,1.1342266118378614,-2.8284670415774573,0.11840851984542045,0.5103153479011788
2003,oecd,4,501.24323061919966,64.1709202391104,33.24774400955429,-1.2103030776682926,0.10243050798001085,0.45049123304592903,1.133984983977921,-2.7420197205039156,-0.1783455463919047,1.0390490341227394
2003,oecd,5,501.28631366778654,64.20222908747363,33.26098617619165,-1.165729415470369,-0.5214428463702072,0.5429490686630748,1.03966934634487,-2.3594677151635093,0.6521691681955856,0.6717656830038918
2025,all,1,525.103848232197,33.67981995886955,9.886354654157872,37.8618787590947,-3.1907549525413463,-2.8893367307510105,-4.637353287989613,-1.0826873728259545,1.2029681727899195,3.2777726948963695
2025,all,2,524.9385898743409,33.68967152974396,10.042051525535461,37.71700447651388,-2.736899897267046,-2.406591620569837,-4.011337453531081,-1.0595295881222078,0.16536313547906423,2.7206073891635425
2025,all,3,525.0132270200778,34.03199391879606,9.898515265202239,37.68359235814357,-2.9422073621116844,-2.729888682121057,-4.011694618059747,-0.0829456974523825,-0.06393763352722713,2.5717703102840046
2025,all,4,525.0166784979391,34.11633905881654,9.626245152193805,37.66286793913632,-2.8964516629416175,-2.906688592172538,-4.6571374540212,-1.3084052795402639,0.8693262423291634,3.5339765729525756
2025,all,5,525.1440925071639,34.19647802360115,10.085156642654908,37.10250704496549,-2.7783083768173067,-2.638460722670375,-3.6853629943910637,-0.5987730996372993,-0.11247607949522553,2.4245941937245914
2025,all,6,525.0114286264468,34.282686768961256,9.971122545667576,37.279789252420876,-3.4456024685413644,-2.671096711981794,-4.013392856831075,-0.11402119111549781,0.769984875819144,2.180011020461238
2025,all,7,525.1517206973646,34.38874399018879,9.548491711337936,37.50373586150429,-2.8604836491156043,-2.9725080077364687,-4.0835375246249335,-0.4736315971871699,0.1825448453803892,2.8417931115051545
2025,all,8,524.9484656012008,34.175350712772506,9.588080300717609,37.61318019846765,-3.1515515339661184,-2.7385748054347356,-3.631734958568963,-0.2158510804553526,0.24899919639619253,2.1071816800867107
2025,all,9,524.7830658118202,33.93998111392477,9.691821158275836,37.852770007411785,-2.806362135571865,-2.644356063756602,-4.067881559087917,-0.6214500743271745,0.37625023584022654,2.5185001447734923
2025,all,10,524.7115858217348,34.35217867583621,9.632987478539537,37.33871936188756,-3.000253233458658,-3.060377720553649,-3.6656526226786776,0.009305956251126552,0.1530960951928452,2.311347337838809
2025,oecd,1,527.4085363226835,35.911530761847004,3.931124831270631,37.84392406950926,-1.5409690793136412,-1.434620154353578,-4.675515961166861,-4.934885303544306,3.480905535325104,4.447303027032074
2025,oecd,2,527.0540522474213,35.49791413899985,4.343681735236902,37.86446016503378,-0.8041490972279774,-1.1620086057951966,-3.8376763216398397,-4.960955713895747,1.9434578964225921,4.127725495272486
2025,oecd,3,527.2123453074607,36.33895430744164,3.886624626043705,37.77878205814942,-0.7854079863297957,-1.3820156363056264,-3.728767385500427,-3.8648980104859856,1.2446853344614708,3.874829742226441
2025,oecd,4,527.3633264723254,36.086468837439256,3.872328495619213,37.81565191053229,-1.2924638148293368,-1.465054180710312,-4.993395583695621,-5.0522538391664,3.234452233386807,4.804870410975116
2025,oecd,5,527.4617107325746,36.048327034004444,4.024965994742596,37.62039784683336,-1.349013538460498,-1.270267946098378,-4.261982521455155,-4.612323203397074,2.7418856895835932,3.9490375455157247
2025,oecd,6,527.4059333851759,36.303942506525686,3.7724641763752516,37.714224585162015,-1.674940371550349,-1.2551585176499405,-4.505918023139267,-4.250962069626339,3.4280050915581524,3.567588223114437
2025,oecd,7,527.6013548319876,36.30255711781482,3.6613756698067927,37.90943319212951,-1.7081973942466184,-1.7364796165912573,-4.869842194964927,-4.424732408134774,3.674287421899637,4.284292061064787
2025,oecd,8,527.4614567118002,36.32019592449707,3.5496112638143895,37.767990413808796,-2.0209099659959557,-1.5812600890143498,-3.837571385718814,-3.495764039074277,2.6770602495643177,3.342673620591206
2025,oecd,9,527.0314993925682,35.992293996710785,3.6055624352540834,38.21305390836062,-1.377585746740473,-1.2027123007297589,-4.562095400225645,-4.807464206217575,3.526572944336919,3.8505675578939313
2025,oecd,10,527.0151721620109,36.65749885467289,3.192477146093964,37.78006069160729,-1.0821536400444494,-1.8742843357537924,-4.1826106857133025,-4.250698564712952,2.2952195243524156,4.382549670371786
