iso3,scope,spec,residual,rank_low,year,resid_lo95,resid_hi95,resid_boot_se,rank_lo95,rank_hi95,rho_used,resid_lo95_script31_33,resid_hi95_script31_33
ARE,all,linear,-7.668317582196494,16.0,2015,-10.987391307959655,-4.3908353992897595,1.6528686864870175,10.0,18.0,0.7567907297018515,,
AUS,all,linear,20.216442672570224,46.0,2015,17.237988158572303,23.347534716231298,1.558123522763821,45.0,47.0,0.5946876239591724,,
AUT,all,linear,8.077149843132077,36.0,2015,4.370975831689142,11.83584974848769,1.893270768056037,30.0,41.0,0.7374369066196108,,
BEL,all,linear,-10.488751995618316,12.0,2015,-13.014187844100015,-7.954719285970485,1.2935131354752787,6.0,15.0,0.8463019471571902,,
BGR,all,linear,-5.665530222289817,18.0,2015,-8.700092409771235,-2.7322649194090167,1.5576509942291479,14.0,20.0,0.9329501494515884,,
BRA,all,linear,5.642251718933949,32.0,2015,2.4708006880833056,8.521309931635926,1.5425883503997655,27.0,37.0,0.770369502221594,,
CAN,all,linear,3.5926881124804595,29.0,2015,0.17076550561504006,7.036203711075651,1.787231728751905,23.0,34.0,0.6579042511923584,,
CHL,all,linear,4.29386233398759,30.0,2015,0.6405104678169934,7.900728938208675,1.8845377052718277,24.0,36.0,0.7303965526957229,,
COL,all,linear,8.555660213173155,37.0,2015,6.085869941308337,10.899244580168606,1.2182159874594944,32.0,40.0,0.8708429758416152,,
CRI,all,linear,14.788567698489658,44.0,2015,11.136016572198184,18.43817799512044,1.8616101073318614,40.0,45.0,0.657829245992013,,
CZE,all,linear,-1.299041418906711,22.0,2015,-4.705122546517435,2.1008999353282864,1.7375618716414798,18.0,26.0,0.7126138792035477,,
DEU,all,linear,7.82061063273602,35.0,2015,4.192362896381249,11.496265546030267,1.8921390595574976,29.0,41.0,0.7637123593385349,,
DNK,all,linear,6.597735271118268,33.0,2015,3.2037060297239264,9.710740932630454,1.6611039465358888,28.0,39.0,0.743964913368682,,
ESP,all,linear,-4.007914107619229,19.0,2015,-7.024955593966366,-1.0339094626025218,1.545722574919353,16.0,22.0,0.7220404560948038,,
EST,all,linear,2.488642069981438,27.0,2015,-0.6032683335272253,5.784788695731495,1.6039226170381513,22.0,32.0,0.7611707838864961,,
FIN,all,linear,2.6713550331321585,28.0,2015,-0.7236726471824426,6.27318465726955,1.7883608142322762,22.0,33.0,0.7260871638513545,,
FRA,all,linear,-10.769038726182488,11.0,2015,-14.013703674548402,-7.3263654064080175,1.771990204284058,4.0,16.0,0.6913653646280696,,
GBR,all,linear,10.386370476085744,40.0,2015,5.446146421216708,14.897446435492688,2.411573131516032,32.0,43.0,0.5811266391604509,,
GRC,all,linear,-9.465761775132762,14.0,2015,-13.00232700094916,-5.955323994939765,1.8434124623756876,6.0,17.0,0.8812983382983615,,
HKG,all,linear,-0.1088441945530576,23.0,2015,-3.6220636807678006,3.5315281693295266,1.8210391148437948,19.0,29.0,0.800894511748021,,
HRV,all,linear,-11.912092167938567,7.0,2015,-14.870137557844163,-9.141456110546264,1.4692213709307034,3.0,14.0,0.8314918346762799,,
HUN,all,linear,-11.66214762027596,8.0,2015,-14.359526490777316,-8.839062973772975,1.4057476653409997,4.0,14.0,0.8271311568531353,,
ISL,all,linear,9.1491057965261,38.0,2015,5.817309037256225,12.547201864849844,1.7124998861301726,32.0,42.0,0.6511434569767685,,
ISR,all,linear,-11.99014695523789,6.0,2015,-15.216211819647956,-8.668793244471063,1.6574494101877202,3.0,14.0,0.8872145007974858,,
ITA,all,linear,-16.427140235389572,2.0,2015,-20.58120487754567,-12.2267603343714,2.170993262811652,1.0,7.0,0.6246253235039129,,
JPN,all,linear,14.399279558567514,43.0,2015,11.160520413331923,17.775556109089347,1.6854169350579165,40.0,45.0,0.822771206931725,,
KOR,all,linear,10.59933074501464,41.0,2015,6.113688265626683,15.083319728645582,2.272542614625206,33.0,44.0,0.7290734918950991,,
LTU,all,linear,-17.378164876861263,1.0,2015,-20.0350199540295,-14.497919551303712,1.4199568618596607,1.0,4.0,0.8347216828535614,,
LUX,all,linear,-1.543905760350924,21.0,2015,-4.615634335101125,1.5244364998895128,1.578096391003239,18.0,25.0,0.3483880378853683,,
LVA,all,linear,-11.20526855929984,9.0,2015,-13.616516291325018,-8.74385296353798,1.2372322600804155,5.0,14.0,0.8334275963930934,,
MAC,all,linear,-1.6289761451326967,20.0,2015,-3.5671813502231005,0.49088297828489985,1.0569129148697725,19.0,24.0,0.6296102773972532,,
MEX,all,linear,6.799954562361108,34.0,2015,4.036851720865952,9.574411432785645,1.4145091970071886,30.0,39.0,0.8007347243340985,,
MNE,all,linear,-13.576480526887735,4.0,2015,-16.02580317690025,-11.133048630275297,1.2968633763371267,2.0,10.0,0.5053581085654004,,
NLD,all,linear,0.8390652848609079,24.0,2015,-2.2885505803961737,3.7687620885757336,1.5564788204456081,20.0,29.0,0.768366754388245,,
NOR,all,linear,-11.01958471223088,10.0,2015,-14.856035811393605,-7.165007147961757,1.967604751700645,3.0,16.0,0.6630598525224625,,
NZL,all,linear,18.08756496058038,45.0,2015,14.706717027078124,21.51568246251642,1.777839437119805,43.0,46.0,0.7140434097362856,,
PER,all,linear,13.125258467191372,42.0,2015,10.095193875680511,16.014923510287115,1.499490457344717,39.0,44.0,0.7952965031117546,,
PRT,all,linear,-7.969297778764997,15.0,2015,-12.362870487566045,-3.869164578654399,2.21347697538813,7.0,19.0,0.6207040324950424,,
SGP,all,linear,1.946866829998953,25.0,2015,-0.041649862549877514,4.240072269285343,1.1034635445644811,23.0,30.0,0.666665397252212,,
SVK,all,linear,-9.756653519811834,13.0,2015,-13.526305861778038,-6.195488191370306,1.8670032917564274,5.0,17.0,0.7256858767981237,,
SVN,all,linear,-16.055345247278012,3.0,2015,-19.013370024107513,-13.118743377024645,1.51467143482812,1.0,6.0,0.5497867864533281,,
SWE,all,linear,4.762574487362372,31.0,2015,1.198784059237171,8.055857511750224,1.7634536778047905,25.0,36.0,0.8587464916599589,,
TWN,all,linear,-5.749084443665993,17.0,2015,-9.450305002997379,-1.8124626716985286,1.955971001071512,13.0,21.0,0.6957525436724161,,
THA,all,linear,9.58602703780798,39.0,2015,5.901799655564628,12.928145061038736,1.8242034203367377,32.0,42.0,0.8414487685259832,,
TUR,all,linear,-12.850873359725426,5.0,2015,-16.045817012176954,-9.974122153528391,1.5696276329997572,2.0,12.0,0.9151228442417926,,
URY,all,linear,2.310420686636689,26.0,2015,-0.9746715637237855,5.637346441430859,1.6923231706073067,22.0,32.0,0.7397780690549216,,
USA,all,linear,23.46157743862591,47.0,2015,19.207546333089027,27.422639458761505,2.102337090918848,46.0,47.0,0.8141776099947237,,
ARE,all,quadratic,-6.55154416728783,15.0,2015,-9.781739519708804,-3.593898694714785,1.5919386031599205,8.0,21.0,0.7567907297018515,,
AUS,all,quadratic,21.48467811976405,46.0,2015,18.18906312253129,24.651220491447592,1.6735628496098807,45.0,47.0,0.5946876239591724,,
AUT,all,quadratic,10.646571904144082,41.0,2015,6.684250598421743,14.63926288026161,2.01716985146718,35.0,44.0,0.7374369066196108,,
BEL,all,quadratic,-9.256893217655543,8.0,2015,-12.018758822759093,-6.318082555953483,1.4446960584751682,5.0,16.0,0.8463019471571902,,
BGR,all,quadratic,-3.5679559143569577,21.0,2015,-6.372797816287353,-1.0660067599656307,1.3823541515836013,16.0,24.0,0.9329501494515884,,
BRA,all,quadratic,-2.2134730020346183,22.0,2015,-4.730305467161694,0.5099668890779088,1.3475176092537038,19.0,26.0,0.770369502221594,,
CAN,all,quadratic,0.6833321397168675,26.0,2015,-3.043460164574262,4.825940139630996,2.003139771581718,22.0,32.0,0.6579042511923584,,
CHL,all,quadratic,6.766503072938576,34.0,2015,3.110430294525132,10.270859044289429,1.8304618211048773,30.0,40.0,0.7303965526957229,,
COL,all,quadratic,5.045980800198322,33.0,2015,2.7042042781631266,7.159114012131105,1.1384822065982185,29.0,36.0,0.8708429758416152,,
CRI,all,quadratic,12.660425490360865,44.0,2015,8.93333282165367,16.0184469080951,1.7849773814768572,39.0,44.0,0.657829245992013,,
CZE,all,quadratic,1.4176222811211687,28.0,2015,-2.0779501142424066,5.126889853376366,1.8522707401845284,22.0,33.0,0.7126138792035477,,
DEU,all,quadratic,8.13337108346343,38.0,2015,4.109769185061066,12.36227870844911,2.0590470253656568,31.0,42.0,0.7637123593385349,,
DNK,all,quadratic,7.551164655201887,37.0,2015,3.8980801904546993,11.084477886358552,1.8315096766358094,31.0,41.0,0.743964913368682,,
ESP,all,quadratic,-1.352681147288024,23.0,2015,-4.7241217829177415,1.9176507212840281,1.693796275417766,19.0,28.0,0.7220404560948038,,
EST,all,quadratic,-0.6548862035394905,24.0,2015,-4.052324006281145,2.736866386937689,1.7271159085570411,20.0,29.0,0.7611707838864961,,
FIN,all,quadratic,-0.087347357728845,25.0,2015,-3.7398100876164477,3.8885976013165213,1.9663129198063387,21.0,31.0,0.7260871638513545,,
FRA,all,quadratic,-8.6046333728778,10.0,2015,-12.287305810116397,-5.06615430097524,1.8788584351617104,5.0,19.0,0.6913653646280696,,
GBR,all,quadratic,12.00205230364304,42.0,2015,6.898920362308466,16.963287597745015,2.5918475142616573,36.0,44.0,0.5811266391604509,,
GRC,all,quadratic,-5.788533546595716,18.0,2015,-9.371696068031614,-2.4087032524758865,1.7857862962031419,9.0,22.0,0.8812983382983615,,
HKG,all,quadratic,-5.4818104572729,19.0,2015,-8.79440638135739,-1.519188847981148,1.8653126824700907,10.0,24.0,0.800894511748021,,
HRV,all,quadratic,-8.163739514186886,11.0,2015,-11.027146195724892,-5.305111230473145,1.4612370976367859,6.0,18.0,0.8314918346762799,,
HUN,all,quadratic,-7.880986409633579,14.0,2015,-10.89768424200848,-5.184331025398893,1.4315917529199373,6.0,18.0,0.8271311568531353,,
ISL,all,quadratic,12.648247964397283,43.0,2015,8.977662272667938,15.873049484332983,1.7282152542013434,39.0,44.0,0.6511434569767685,,
ISR,all,quadratic,-8.149177710086917,12.0,2015,-11.381167545712495,-4.985902549040402,1.6257714322179424,6.0,19.0,0.8872145007974858,,
ITA,all,quadratic,-13.199336484158437,4.0,2015,-17.832841624923017,-8.649418450027225,2.316549179669145,1.0,10.0,0.6246253235039129,,
JPN,all,quadratic,10.05251175290482,40.0,2015,5.8376631768521605,14.186487739890644,2.1112842076862846,34.0,44.0,0.822771206931725,,
KOR,all,quadratic,8.68402201157187,39.0,2015,3.1409652058498607,14.148228246951193,2.7982012431810124,30.0,44.0,0.7290734918950991,,
LTU,all,quadratic,-13.628763597265449,3.0,2015,-16.493513898620318,-10.924839339855652,1.454663072323155,1.0,6.0,0.8347216828535614,,
LUX,all,quadratic,1.8039894803608831,29.0,2015,-1.351557292547018,5.0748911314285765,1.6161501558912126,23.0,33.0,0.3483880378853683,,
LVA,all,quadratic,-8.116444690534252,13.0,2015,-10.74511234591746,-5.798730027838328,1.2598063816703575,6.975000000000001,18.0,0.8334275963930934,,
MAC,all,quadratic,-5.4679528881223405,20.0,2015,-7.5893873505271525,-3.0456466699048836,1.1790447016545063,13.0,22.0,0.6296102773972532,,
MEX,all,quadratic,4.64569211671926,31.0,2015,1.9206701603610128,7.480845447403836,1.4207252888600923,28.0,37.0,0.8007347243340985,,
MNE,all,quadratic,-15.049533427371216,2.0,2015,-17.181211275235132,-12.755949279791114,1.1479285350708224,1.0,5.0,0.5053581085654004,,
NLD,all,quadratic,1.177138131899369,27.0,2015,-2.1945727777342,4.473359267138596,1.7077057929416408,23.0,32.0,0.768366754388245,,
NOR,all,quadratic,-10.096314810696754,6.0,2015,-14.08012347417996,-5.813231888796737,2.0941077461061077,3.0,17.0,0.6630598525224625,,
NZL,all,quadratic,18.769578330970376,45.0,2015,14.885962103176919,22.65444727482441,1.9921084596482554,44.0,46.0,0.7140434097362856,,
PER,all,quadratic,4.802036179607285,32.0,2015,2.227855462238625,7.598615450231409,1.3558551562109091,28.0,37.0,0.7952965031117546,,
PRT,all,quadratic,-5.9577064100159305,16.0,2015,-10.607135230052549,-1.4592059148999785,2.3726153183381817,7.0,24.0,0.6207040324950424,,
SGP,all,quadratic,-9.650470915941696,7.0,2015,-11.888734581248585,-6.68544980708183,1.3494491176903058,5.0,16.0,0.666665397252212,,
SVK,all,quadratic,-5.940532027152358,17.0,2015,-9.435819265191373,-2.446817336225586,1.7644334536303352,9.0,22.0,0.7256858767981237,,
SVN,all,quadratic,-15.969764212159532,1.0,2015,-18.932939339113602,-12.885969878166506,1.5433264731867151,1.0,4.024999999999864,0.5497867864533281,,
SWE,all,quadratic,6.915002118208918,35.0,2015,3.129157213828016,10.524447140879458,1.9428345665857443,30.0,41.0,0.8587464916599589,,
TWN,all,quadratic,-8.801714648085635,9.0,2015,-13.206686090591976,-4.253905214923199,2.2792520612913107,4.0,20.0,0.6957525436724161,,
THA,all,quadratic,7.348573057138935,36.0,2015,3.586749770674159,11.126323020919786,1.8980163815694566,30.0,41.0,0.8414487685259832,,
TUR,all,quadratic,-13.090307151443938,5.0,2015,-15.784302587017885,-10.338106577175806,1.3835576330132653,1.0,7.0,0.9151228442417926,,
URY,all,quadratic,3.0049877974595347,30.0,2015,0.06143673709873667,6.028962954976806,1.5501878432576293,25.0,35.0,0.7397780690549216,,
USA,all,quadratic,26.479022488269152,47.0,2015,22.211961557653535,30.776716752329634,2.1226652798625043,46.0,47.0,0.8141776099947237,,
AUS,oecd,linear,19.34482272174182,34.0,2015,16.32042152822648,22.372983186539777,1.5772527193193147,32.0,35.0,0.5946876239591724,,
AUT,oecd,linear,7.497893263603089,25.0,2015,3.953874795699673,11.318749796384347,1.8841446931371457,21.0,30.0,0.7374369066196108,,
BEL,oecd,linear,-11.367325589955785,10.0,2015,-13.883401204932367,-8.697797037270405,1.3291390002783352,4.0,12.0,0.8463019471571902,,
CAN,oecd,linear,2.1078576659347164,20.0,2015,-1.2986166729134823,5.657821944775964,1.7961837826322051,16.0,23.0,0.6579042511923584,,
CHL,oecd,linear,5.154281511749446,22.0,2015,1.6197597627227567,8.711675218353815,1.8099865733418607,19.0,27.0,0.7303965526957229,,
COL,oecd,linear,10.365731793165535,30.0,2015,7.808666682186422,12.612421293010566,1.216404369861012,25.0,31.0,0.8708429758416152,,
CRI,oecd,linear,16.4330804941838,32.0,2015,12.782150657016647,19.6696190486568,1.7882677853818492,31.0,34.0,0.657829245992013,,
CZE,oecd,linear,-1.8371774287313087,16.0,2015,-5.319012730750695,1.6113550547478979,1.7975636807756517,14.0,19.0,0.7126138792035477,,
DEU,oecd,linear,6.779998717968965,24.0,2015,3.109251711979064,10.603625311674925,1.9269181921994931,20.0,29.0,0.7637123593385349,,
DNK,oecd,linear,5.667450620728005,23.0,2015,2.3646986022752117,9.124731303282339,1.748799488696148,20.0,28.0,0.743964913368682,,
ESP,oecd,linear,-4.563506963072939,14.0,2015,-7.631131975649845,-1.3473810862468336,1.6317477087810204,13.0,16.0,0.7220404560948038,,
EST,oecd,linear,0.9762104108463064,18.0,2015,-2.1547812649135607,3.9722593432854265,1.5968126224315782,15.0,21.0,0.7611707838864961,,
FIN,oecd,linear,1.204534232327319,19.0,2015,-2.1939661413000096,4.682933516550468,1.7741801407443545,15.0,22.0,0.7260871638513545,,
FRA,oecd,linear,-11.45069910182218,9.0,2015,-15.169998376235508,-7.823017038778359,1.8808277903692188,3.0,13.0,0.6913653646280696,,
GBR,oecd,linear,9.583782651473484,29.0,2015,5.066271492330181,14.166492980290707,2.35562870751911,22.0,31.0,0.5811266391604509,,
GRC,oecd,linear,-9.064079405764517,12.0,2015,-12.730551147095504,-5.348954861451516,1.9133228770661912,5.0,13.0,0.8812983382983615,,
HUN,oecd,linear,-11.722130930068149,6.0,2015,-14.573149005861934,-8.78219569382475,1.4841159213020676,4.0,12.0,0.8271311568531353,,
ISL,oecd,linear,8.898193086787956,27.0,2015,5.625247144304628,12.409950327674624,1.750917032735331,23.0,31.0,0.6511434569767685,,
ISR,oecd,linear,-11.973329842509033,4.0,2015,-15.368428123909947,-8.792961308579047,1.7170602984596954,3.0,12.0,0.8872145007974858,,
ITA,oecd,linear,-16.79680798664441,3.0,2015,-21.35274915936884,-12.395463625388478,2.2318162122188756,1.0,6.0,0.6246253235039129,,
JPN,oecd,linear,12.751780405499971,31.0,2015,9.5858199326168,16.147511634168524,1.6745187169712636,28.0,32.0,0.822771206931725,,
KOR,oecd,linear,9.237348000460884,28.0,2015,4.7375005644126045,13.659255349015254,2.309474813095624,22.0,31.0,0.7290734918950991,,
LTU,oecd,linear,-17.468183659383214,1.0,2015,-20.339558764159328,-14.720238016471125,1.4612059667117823,1.0,3.0,0.8347216828535614,,
LUX,oecd,linear,-1.8649077052904768,15.0,2015,-5.055810930272121,1.4316433548316954,1.6420442400211555,14.0,19.0,0.3483880378853683,,
LVA,oecd,linear,-11.625890903296863,7.0,2015,-14.190150935614747,-9.314498150815288,1.2395844438662231,4.0,12.0,0.8334275963930934,,
MEX,oecd,linear,8.447764762229781,26.0,2015,5.4093563001420675,11.103259371322721,1.4291936963566778,23.0,30.0,0.8007347243340985,,
NLD,oecd,linear,-0.1973860816978003,17.0,2015,-3.2919001177661698,2.992940832170679,1.625476872487316,15.0,21.0,0.768366754388245,,
NOR,oecd,linear,-11.955319777756472,5.0,2015,-15.686787126017654,-8.071796106884547,1.9542475066148133,3.0,13.0,0.6630598525224625,,
NZL,oecd,linear,17.109196398729182,33.0,2015,13.691775817543967,20.63067911243562,1.8045574415151373,31.0,34.0,0.7140434097362856,,
PRT,oecd,linear,-8.686376154536731,13.0,2015,-13.086656113370644,-4.154014382166592,2.2664120924578204,5.0,14.0,0.6207040324950424,,
SVK,oecd,linear,-9.481242333828504,11.0,2015,-13.278148158591884,-5.983660825896929,1.8718369179157783,5.0,13.0,0.7256858767981237,,
SVN,oecd,linear,-17.13265533085672,2.0,2015,-19.978795048928326,-14.22342770079537,1.4978207485200816,1.0,4.0,0.5497867864533281,,
SWE,oecd,linear,4.078082223431807,21.0,2015,0.6240388494421097,7.5244504706668165,1.7731301560147932,18.0,26.0,0.8587464916599589,,
TUR,oecd,linear,-11.467534371139834,8.0,2015,-14.605603160396914,-8.450601466442938,1.593258137865837,4.0,12.0,0.9151228442417926,,
USA,oecd,linear,23.016544605490598,35.0,2015,19.012708688302205,27.187652075565396,2.1128791015033035,34.0,35.0,0.8141776099947237,,
AUS,oecd,quadratic,19.97778263675434,34.0,2015,16.56002732803814,23.306834243334617,1.7351342122562468,33.0,34.0,0.5946876239591724,,
AUT,oecd,quadratic,10.435494428000652,30.0,2015,6.100939065137884,14.110739086867591,2.0801490794822706,26.0,32.0,0.7374369066196108,,
BEL,oecd,quadratic,-10.799283023578198,6.0,2015,-13.914107437105617,-7.61602396824801,1.6090201672228777,3.0,9.0,0.8463019471571902,,
CAN,oecd,quadratic,-4.788549980701873,14.0,2015,-8.782100888395444,-0.402835792287607,2.201293549240721,8.0,18.0,0.6579042511923584,,
CHL,oecd,quadratic,7.3363333987999795,28.0,2015,3.8818158227245734,10.871193877712088,1.7752348783913767,23.975,30.0,0.7303965526957229,,
COL,oecd,quadratic,1.0351506162245985,19.0,2015,-1.3633459027184003,3.7598310005860416,1.2899349802430715,17.0,24.0,0.8708429758416152,,
CRI,oecd,quadratic,9.739704421933652,29.0,2015,6.500234781591914,12.939815773216695,1.6697280252004305,26.0,32.0,0.657829245992013,,
CZE,oecd,quadratic,1.358003462083616,20.0,2015,-2.6380694451357085,4.984522045342972,1.9368064960542015,16.0,25.0,0.7126138792035477,,
DEU,oecd,quadratic,5.702372606615086,25.0,2015,1.1899763713830738,10.378673173851746,2.361690475940511,20.0,30.0,0.7637123593385349,,
DNK,oecd,quadratic,5.738006994097304,26.0,2015,1.858595348119516,9.924256898583256,2.0312302535803552,21.0,30.0,0.743964913368682,,
ESP,oecd,quadratic,-1.47567073003637,17.0,2015,-4.93402943138845,1.8528386525334417,1.7671172653411016,13.0,21.0,0.7220404560948038,,
EST,oecd,quadratic,-6.344958017520071,12.0,2015,-9.718598694615745,-2.283538611082264,1.9274531426299117,7.0,17.0,0.7611707838864961,,
FIN,oecd,quadratic,-5.418706625423965,13.0,2015,-9.199264584370052,-0.8579556364930809,2.1522746581106618,7.0,18.0,0.7260871638513545,,
FRA,oecd,quadratic,-9.22590029544881,7.0,2015,-13.155771479625297,-5.305862365542008,2.00951470505682,4.0,13.0,0.6913653646280696,,
GBR,oecd,quadratic,10.835745639130778,31.0,2015,5.517481536844696,16.018556897009613,2.6868862637878106,25.0,33.0,0.5811266391604509,,
GRC,oecd,quadratic,-4.456941033315786,16.0,2015,-8.094948899688623,-1.3060114447471323,1.7129500730949452,9.0,18.0,0.8812983382983615,,
HUN,oecd,quadratic,-6.737045747000195,10.0,2015,-9.929777401909668,-3.9997754249272184,1.5337333538095062,6.0,15.0,0.8271311568531353,,
ISL,oecd,quadratic,13.43475748371236,32.0,2015,9.682276410814108,16.701874164967418,1.7846734910999715,29.0,33.0,0.6511434569767685,,
ISR,oecd,quadratic,-6.907639534731629,9.0,2015,-10.637825885475152,-3.7133054813172763,1.7335221466859323,6.0,16.0,0.8872145007974858,,
ITA,oecd,quadratic,-12.717735972182936,3.0,2015,-17.640766114276733,-8.551657844934082,2.38913524703087,1.0,8.0,0.6246253235039129,,
JPN,oecd,quadratic,3.245378234836153,23.0,2015,-1.353260297815956,8.92500808542935,2.5921297761461064,18.0,29.0,0.822771206931725,,
KOR,oecd,quadratic,4.141752964612692,24.0,2015,-2.1543496159673365,10.833062323694413,3.354645632845744,17.0,30.0,0.7290734918950991,,
LTU,oecd,quadratic,-12.530198276050951,4.0,2015,-15.720814620265513,-9.780437740194822,1.5570926625350565,2.0,7.0,0.8347216828535614,,
LUX,oecd,quadratic,2.4182019580140377,22.0,2015,-1.0923865553633318,5.5912519669244185,1.709323256756785,18.0,26.0,0.3483880378853683,,
LVA,oecd,quadratic,-7.785092874698535,8.0,2015,-10.460843477592364,-5.431242640999118,1.2763018413376221,6.0,13.0,0.8334275963930934,,
MEX,oecd,quadratic,1.7044611345710905,21.0,2015,-1.1201761576080316,4.609707934561571,1.4757250593696893,18.0,24.0,0.8007347243340985,,
NLD,oecd,quadratic,-1.229568975880852,18.0,2015,-5.030676704109084,2.5921690957739028,1.9375593828373103,13.0,22.0,0.768366754388245,,
NOR,oecd,quadratic,-11.938711454011925,5.0,2015,-16.25499909071614,-7.443299910353519,2.232462482773997,2.0,10.0,0.6630598525224625,,
NZL,oecd,quadratic,16.693868657103508,33.0,2015,12.668924819798047,20.909479851829005,2.1297689173561007,32.0,34.0,0.7140434097362856,,
PRT,oecd,quadratic,-6.731806493744216,11.0,2015,-11.887323962894456,-1.8049682113630394,2.5596837690443848,5.0,17.0,0.6207040324950424,,
SVK,oecd,quadratic,-4.56515384266902,15.0,2015,-8.441586651775687,-1.335540620448264,1.846114357135651,8.0,18.0,0.7256858767981237,,
SVN,oecd,quadratic,-18.618392450580075,1.0,2015,-21.743651376601154,-15.140282267719138,1.6553685569935306,1.0,2.0,0.5497867864533281,,
SWE,oecd,quadratic,6.281722480731958,27.0,2015,2.094562313634813,10.198672349306717,2.0464295335231757,21.0,30.0,0.8587464916599589,,
TUR,oecd,quadratic,-14.541645832774236,2.0,2015,-17.281507270622438,-11.812489805702961,1.3715510461735174,1.0,5.0,0.9151228442417926,,
USA,oecd,quadratic,26.7342640486317,35.0,2015,22.33721331596322,30.944137658257475,2.203949121284302,35.0,35.0,0.8141776099947237,,
ALB,all,linear,-16.025576808839844,15.0,2025,-18.418932767034423,-13.438931067917814,1.2598432275823594,13.0,16.0,0.8940146523135936,,
ARE,all,linear,-0.5468267385710419,33.0,2025,-1.7734450565626816,0.7102167479261167,0.6381513073736153,31.0,38.0,0.9586207945858207,,
ARG,all,linear,-6.918522812881122,23.0,2025,-9.47182796193455,-4.297887236811146,1.3102875710286657,20.0,28.0,0.9192255279743072,,
ARM,all,linear,-37.07585029184179,4.0,2025,-40.7188304732831,-33.41141602476609,1.880463674082775,3.0,4.0,0.7013721374539962,,
AUS,all,linear,10.409068865068209,65.0,2025,8.856813033892754,11.893696587604504,0.7723513889154473,61.0,67.0,0.9168547689697101,,
AUT,all,linear,0.317210608624805,36.0,2025,-1.557632316367301,2.3069337199590128,0.9836727526699416,31.0,44.0,0.9291255008029148,,
AZE,all,linear,-41.359674834750365,3.0,2025,-44.031847816087016,-38.75344257688918,1.3597650707669717,3.0,4.0,0.9224793031949552,,
BEL,all,linear,0.901204252520074,38.0,2025,-1.201159871976543,3.0347155395035132,1.076670289687867,32.0,47.0,0.9335117426901761,,
BGR,all,linear,-6.581259684400209,24.0,2025,-9.050380283698889,-4.07276720383659,1.2722646528417065,20.0,28.0,0.9481389076381769,,
BRA,all,linear,-19.855584625162976,12.0,2025,-21.582831696796962,-18.08028588178006,0.9012877753543415,10.0,14.0,0.8996251439942622,,
BRN,all,linear,34.80421378697628,81.0,2025,33.473368642662884,36.176521908404865,0.6988114766644244,81.0,82.0,0.6487052497521126,,
CAN,all,linear,0.9196161551839168,39.0,2025,-0.2527024905829677,2.1540680257618083,0.614703999474092,34.0,44.0,0.9492424170982798,,
CHE,all,linear,0.8410031168309615,37.0,2025,-1.2565434970388594,2.967129986785457,1.0898870179010525,32.0,46.0,0.9212875321113975,,
CHL,all,linear,11.336506738612629,66.0,2025,9.38239336609207,13.257175571708583,0.9910665224269021,62.0,70.0,0.9312077762722392,,
COL,all,linear,6.312177187372868,55.0,2025,4.163241108316157,8.547237338999752,1.10375893292738,50.0,60.0,0.9647659017293653,,
CRI,all,linear,15.10555294574283,72.0,2025,13.220240963281011,16.9668167281934,0.9958636404902309,70.0,74.0,0.9177193708297915,,
CYP,all,linear,-1.319852416570484,31.0,2025,-3.0646489796845016,0.2897360611811176,0.8542834343644233,30.0,37.0,0.9126645338288369,,
CZE,all,linear,9.260284569769397,62.0,2025,7.280054057497819,11.250042288572669,1.005912269842423,56.0,66.0,0.9264814385666965,,
DEU,all,linear,-2.5809126749421694,30.0,2025,-4.911013615941114,-0.33167937326968877,1.1398268848407263,27.0,34.0,0.9500366971853096,,
DNK,all,linear,7.931332744877409,58.0,2025,5.514265887008389,10.131182415718014,1.1709053643513614,53.0,64.0,0.8724917134573914,,
DOM,all,linear,3.361520052871242,48.0,2025,1.4562012888184441,5.202694856230056,0.9704430192418654,41.0,53.0,0.9593043427799902,,
ECU,all,linear,13.065462771121927,70.0,2025,11.279656827220034,14.904426460808367,0.9026170616032189,66.0,71.0,0.9341226546367355,,
ESP,all,linear,8.35406600709257,60.0,2025,7.121651103242965,9.656616624680934,0.6441348167232983,56.0,63.0,0.9454583856291171,,
EST,all,linear,0.1613211937298047,35.0,2025,-1.9036292471839544,2.4258999618905106,1.11220307204027,31.0,44.0,0.8987794175257686,,
FIN,all,linear,-4.528712818961765,28.0,2025,-6.308163525611799,-2.8297185140094294,0.8994111485480173,24.0,30.0,0.9132516783941054,,
FRA,all,linear,3.1775060359980216,47.0,2025,1.4743572286602373,4.994597203360593,0.8923100873615423,41.0,52.0,0.9613305880712695,,
GBR,all,linear,-4.069775716096956,29.0,2025,-5.945586815049512,-2.1008534156305942,0.9627239802208686,25.0,31.0,0.8891970102571828,,
GEO,all,linear,-21.97609463054397,9.0,2025,-24.476110517137062,-19.575858553699472,1.2740367444099183,9.0,12.0,0.8928724712643823,,
GRC,all,linear,6.06791493828058,53.0,2025,3.4524440012485855,8.52913873465769,1.2637869443268297,47.0,60.0,0.9117833441568914,,
GTM,all,linear,1.2881090333317502,40.0,2025,-1.3127091546112708,4.009152675854721,1.3476517385055464,32.0,50.0,0.9369570085407251,,
HKG,all,linear,17.39713890400492,75.0,2025,13.942195967997488,20.749055200608048,1.6754495331726096,71.0,76.0,0.8495434004551317,,
HRV,all,linear,-26.331518094964963,8.0,2025,-28.270289125005018,-24.230743902633847,1.0097527890199516,6.0,8.0,0.8589992972568686,,
HUN,all,linear,2.647300449720831,46.0,2025,0.8081456035446124,4.4908206071898045,0.9287472336456691,39.0,51.0,0.9254034619777957,,
IDN,all,linear,26.956673621776982,80.0,2025,25.206811528481637,28.693421916241164,0.8844280803110701,79.0,80.0,0.9428813062804096,,
IRL,all,linear,-10.739988614673962,17.0,2025,-12.79174108202491,-8.856303449624649,1.016405216080184,16.0,21.0,0.8690614642630795,,
ISL,all,linear,23.824134272906804,78.0,2025,21.19447477477801,26.368583504975962,1.3034779441634448,77.0,79.0,0.7191361146421865,,
ISR,all,linear,-21.448213682734945,11.0,2025,-24.302382706371546,-18.50069908709006,1.5124121179764884,9.0,13.0,0.894215854809028,,
ITA,all,linear,-13.612956952199111,16.0,2025,-15.93278937832625,-11.295768932979845,1.174542874747516,15.0,17.0,0.9019068968968771,,
JOR,all,linear,-5.383249903237299,25.0,2025,-7.196879439094744,-3.668823151010724,0.8944074649480442,23.0,29.0,0.921675999168679,,
JPN,all,linear,6.197246074661166,54.0,2025,3.409581812613763,9.005689824693645,1.4484209387233131,48.0,61.0,0.9405702510772636,,
KAZ,all,linear,15.094965380522808,71.0,2025,13.771001564636007,16.38682423620904,0.6744624572599348,70.0,74.0,0.91210984281847,,
KEN,all,linear,-75.86517387982508,1.0,2025,-78.23072231016144,-73.60728857746257,1.216904692868712,1.0,1.0,0.9491951732777046,,
KGZ,all,linear,3.811101317573957,49.0,2025,1.6008682273341974,5.805774249971361,1.0647758557705873,41.975,54.0,0.8894290407106721,,
KOR,all,linear,-7.828081759043698,22.0,2025,-10.533300261954547,-5.009702017646368,1.407885749465746,18.0,26.0,0.925220525690735,,
LBN,all,linear,-28.99150758309452,6.0,2025,-31.675047099435467,-26.467626221491674,1.3305672421577395,5.0,7.0,0.9472620003883926,,
LTU,all,linear,9.071840458767156,61.0,2025,7.182460037711411,11.016257348542974,0.9786809615995709,56.0,66.0,0.8456497913942448,,
LUX,all,linear,18.847991733043955,76.0,2025,17.021063246119596,20.690214684852226,0.938408970770269,74.0,76.0,0.6713788875411228,,
LVA,all,linear,25.617538372994773,79.0,2025,23.568996247219854,27.646253316549583,1.0534988972930726,78.0,80.0,0.8398345979197785,,
MAC,all,linear,12.1722550176778,68.0,2025,10.399229209368192,13.995938437885147,0.9374150637980998,65.0,70.0,0.6531212000907626,,
MAR,all,linear,2.3045525497566928,44.0,2025,-1.5038252814585404,5.920616182394817,1.932516065486643,31.0,54.0,0.8380342138882121,,
MDA,all,linear,12.526320985725192,69.0,2025,10.844751336310827,14.279984875470833,0.8920243530137435,65.0,71.0,0.9502737906961027,,
MEX,all,linear,22.219770023844436,77.0,2025,20.58393617391663,23.865166791548898,0.8564982682089503,77.0,78.0,0.9111667578847862,,
MKD,all,linear,-10.119214673298302,19.0,2025,-12.369715912112197,-7.925373504312712,1.1135355931535131,17.0,22.0,0.6348171765844856,,
MLT,all,linear,-0.9518316794353154,32.0,2025,-4.86087089845667,2.6856375822213647,1.9045610101581485,27.0,45.0,0.5276955383811274,,
MNE,all,linear,-26.34400193147229,7.0,2025,-28.234664252009075,-24.422700100994636,0.9808981214363969,6.0,8.0,0.7568335774643785,,
MNG,all,linear,9.619153191941791,63.0,2025,7.953041365028556,11.179985111885845,0.8327683122175538,58.0,66.0,0.9175846202521608,,
MYS,all,linear,53.28278252745122,84.0,2025,50.85824574460827,55.64424339777109,1.229844773857605,84.0,84.0,0.819736121763219,,
NLD,all,linear,7.544902896856911,57.0,2025,5.241979160831266,9.89284169722193,1.1705152274133095,52.0,63.0,0.9114564972036242,,
NOR,all,linear,4.38183458606477,52.0,2025,2.0552438394911405,6.633169959481403,1.1729381779353052,43.0,55.0,0.8274269667502179,,
NZL,all,linear,6.611338648810374,56.0,2025,3.8968768580706294,9.435935902375807,1.430045231337768,49.0,62.0,0.7971652482972635,,
PER,all,linear,16.024008541695707,73.0,2025,14.138872284405378,17.81416305311686,0.9314737703034717,71.0,75.0,0.9412490256472811,,
PHL,all,linear,36.87831509927548,82.0,2025,35.18896623109564,38.54577722734821,0.866378747799,81.0,83.0,0.9081206866095508,,
POL,all,linear,-9.010676907627383,21.0,2025,-11.242483398334672,-6.574695208734909,1.183037135667664,17.0,24.0,0.9136036376107242,,
PRT,all,linear,4.137929607858098,50.0,2025,1.6305363898523937,6.413385978021659,1.2060954825211376,42.0,55.0,0.9405816360043973,,
PRY,all,linear,-21.55387719396242,10.0,2025,-23.87324549831828,-19.342480287793148,1.1402033859251368,9.0,12.0,0.8954385051086121,,
PSE,all,linear,12.059798466725963,67.0,2025,9.902054456029713,14.190341439808282,1.0931211287557756,63.0,70.0,0.9014736478127416,,
QAT,all,linear,1.3662764024379612,42.0,2025,-0.785649790326552,3.4894639293550545,1.0879444920413013,33.0,48.0,0.7259398559327963,,
QCI,all,linear,-48.31980083508358,2.0,2025,-50.04082069421992,-46.555808932779534,0.8777701124408509,2.0,2.0,0.9523808130431995,,
QUA,all,linear,16.958644719850042,74.0,2025,15.242233945050355,18.89907138114361,0.9315509640711299,72.0,76.0,0.9300261129253187,,
ROU,all,linear,-4.681086073502058,27.0,2025,-6.715637813129836,-2.8369143466739746,0.9743932933543535,23.0,30.0,0.974797886252205,,
SAU,all,linear,1.3173960248493586,41.0,2025,-0.5963056099898466,3.091097340095965,0.9291432734272183,34.0,47.0,0.9453134505651413,,
SGP,all,linear,-18.706163116168568,13.0,2025,-20.609747576656645,-16.691315669698643,1.0105261873862048,11.0,14.0,0.8256247385089825,,
SLV,all,linear,8.339935314396143,59.0,2025,6.422551349882845,10.067269864529214,0.9304083050255976,55.0,64.0,0.9348789913768877,,
SRB,all,linear,-10.54263039073112,18.0,2025,-12.646849783210822,-8.39158320040778,1.108433043932308,17.0,21.0,0.9395346071285994,,
SVK,all,linear,4.364647449167421,51.0,2025,1.7449662325794564,6.970402428983259,1.3415552297645827,42.0,56.0,0.85018580742731,,
SVN,all,linear,-5.356448007314441,26.0,2025,-7.447772891511235,-3.2881321423772873,1.0741228240418355,22.0,30.0,0.6438077185358033,,
SWE,all,linear,2.103655074371318,43.0,2025,-0.6233176276640235,4.716358637261087,1.3622780350513193,34.0,51.0,0.887749699016468,,
THA,all,linear,38.03218525413882,83.0,2025,35.60373235217331,40.415745874141855,1.2656941715286443,82.0,83.0,0.9126645338288368,,
TUR,all,linear,-31.753957080857333,5.0,2025,-33.77777406741313,-29.6968800271931,1.0293733726267242,5.0,6.0,0.9098031948313828,,
TWN,all,linear,-9.678837931836595,20.0,2025,-12.106262039561079,-7.2063433731423165,1.2606709893086527,17.0,23.0,0.9187278707502126,,
URY,all,linear,9.67857072747472,64.0,2025,7.784480844499552,11.559045370527466,0.9546234843395143,57.0,67.0,0.8800326444797478,,
USA,all,linear,-0.178289608719524,34.0,2025,-2.74141641703705,2.3928887728368493,1.3179332226489164,30.0,44.0,0.9772982040509088,,
VNM,all,linear,2.614933902293444,45.0,2025,-0.11878830290788613,5.302686206703202,1.405607501003198,35.0,52.0,0.962674873082598,,
XKX,all,linear,-17.383058649276734,14.0,2025,-19.77210258599594,-15.144685115780762,1.1633510757733987,12.0,15.0,0.7530031821665996,,
ALB,all,quadratic,-21.920257568045656,11.0,2025,-24.55808207340157,-19.3090674212341,1.3400982019900811,9.0,11.0,0.8940146523135936,,
ARE,all,quadratic,-6.665049676744616,24.0,2025,-7.898657963173536,-5.42676073438994,0.6347292346203983,21.0,28.0,0.9586207945858207,,
ARG,all,quadratic,-6.4770959180818295,26.0,2025,-9.171128898400688,-3.8567479287101505,1.3665821085057899,20.0,30.0,0.9192255279743072,,
ARM,all,quadratic,-31.40844872049246,6.0,2025,-35.23631070836093,-27.57829399878052,1.9809865699864333,3.0,7.0,0.7013721374539962,,
AUS,all,quadratic,10.358443387912873,61.0,2025,8.947505420103406,11.79438387310671,0.719546173741519,61.0,65.0,0.9168547689697101,,
AUT,all,quadratic,-2.220094680869238,34.0,2025,-4.000781895413567,-0.27790349038192197,0.9538795934859365,30.0,42.0,0.9291255008029148,,
AZE,all,quadratic,-44.67294276351038,2.0,2025,-47.547429043914605,-41.751635411208945,1.498538215328068,2.0,2.0,0.9224793031949552,,
BEL,all,quadratic,-1.964635073133252,35.0,2025,-3.742460489025356,-0.14290590090015717,0.9338275467842804,31.0,43.0,0.9335117426901761,,
BGR,all,quadratic,-10.306589371429313,17.0,2025,-13.152140813105344,-7.511994142989078,1.449958070641145,14.0,22.0,0.9481389076381769,,
BRA,all,quadratic,-22.538669356419177,9.0,2025,-24.487842576491634,-20.390615196368017,1.0287433619689241,9.0,11.0,0.8996251439942622,,
BRN,all,quadratic,28.56594784887875,80.0,2025,27.08069803425208,30.04502115848924,0.7450646542597998,80.0,81.0,0.6487052497521126,,
CAN,all,quadratic,1.481147023674339,46.0,2025,0.4684652993195641,2.492561326406481,0.5124283281042541,44.0,48.0,0.9492424170982798,,
CHE,all,quadratic,0.2559497086194824,45.0,2025,-1.4435821257064874,2.013551468440246,0.8837238856154074,38.0,47.0,0.9212875321113975,,
CHL,all,quadratic,5.339598622567792,55.0,2025,3.344245439546236,7.322841348761294,1.000596849763512,50.0,59.0,0.9312077762722392,,
COL,all,quadratic,3.6166783300852217,51.0,2025,1.6482046893890883,5.6335051424637435,1.022832686040426,47.0,56.0,0.9647659017293653,,
CRI,all,quadratic,10.70696436779673,62.0,2025,8.470519249946076,12.916173356454753,1.1462384053392276,60.0,66.0,0.9177193708297915,,
CYP,all,quadratic,-4.517790006947905,29.0,2025,-6.081715452604191,-3.0038078372709127,0.7952723653671375,26.0,32.0,0.9126645338288369,,
CZE,all,quadratic,6.397831351011405,58.0,2025,4.733663349882963,8.244563916798059,0.8830033354292083,54.0,60.0,0.9264814385666965,,
DEU,all,quadratic,-6.55136095250009,25.0,2025,-8.286144866877905,-4.6628253745518835,0.9383821845300997,21.0,29.0,0.9500366971853096,,
DNK,all,quadratic,3.666935093114376,52.0,2025,1.505123998314876,5.866919351124762,1.1174385628509451,46.0,56.0,0.8724917134573914,,
DOM,all,quadratic,14.658949173370786,70.0,2025,12.902335449388712,16.480538439601936,0.9184380195489279,66.0,73.0,0.9593043427799902,,
ECU,all,quadratic,13.848317243382098,68.0,2025,12.15216413884302,15.578327974887413,0.9061592831417958,65.0,72.0,0.9341226546367355,,
ESP,all,quadratic,3.22582918637238,49.0,2025,2.046308972292766,4.501234490511211,0.6368800401295545,47.0,54.0,0.9454583856291171,,
EST,all,quadratic,5.27729603525529,54.0,2025,3.6734497416043097,6.7785516573649005,0.7967288401905855,51.0,59.0,0.8987794175257686,,
FIN,all,quadratic,-6.694186612659905,23.0,2025,-8.412914064336741,-5.000611041018337,0.8785266900042927,21.0,29.0,0.9132516783941054,,
FRA,all,quadratic,-1.5346262274083529,38.0,2025,-3.156296572949894,0.07145020379010394,0.8283500463552299,32.0,43.0,0.9613305880712695,,
GBR,all,quadratic,-2.8488948013565505,32.0,2025,-4.554438544526468,-1.2113989175147175,0.8623564564242286,29.0,40.0,0.8891970102571828,,
GEO,all,quadratic,-26.180663345587675,8.0,2025,-28.860998402041396,-23.585717917874707,1.3543613465667617,7.0,9.0,0.8928724712643823,,
GRC,all,quadratic,0.0686663882767675,44.0,2025,-2.397109569083301,2.6092821377701325,1.3218517544481012,34.0,48.0,0.9117833441568914,,
GTM,all,quadratic,15.644254193040185,73.0,2025,13.15642704082633,17.894937090605772,1.2035108107710646,67.0,74.0,0.9369570085407251,,
HKG,all,quadratic,18.98719734906649,76.0,2025,16.591118955044486,21.50808742978431,1.2530153462646438,73.0,78.0,0.8495434004551317,,
HRV,all,quadratic,-31.49142618918256,5.0,2025,-33.422260444413666,-29.453021197143745,1.0215683515087715,4.0,6.0,0.8589992972568686,,
HUN,all,quadratic,-2.279496669139576,33.0,2025,-4.047005539705428,-0.38628881727476116,0.9521382179255486,30.0,42.0,0.9254034619777957,,
IDN,all,quadratic,30.089725457304723,81.0,2025,28.01344441183227,32.001898077341465,0.9928422399721387,80.0,82.0,0.9428813062804096,,
IRL,all,quadratic,-10.60163686312876,15.0,2025,-12.219523310779975,-9.02226587755512,0.8340021839284031,14.0,20.0,0.8690614642630795,,
ISL,all,quadratic,17.52794438742211,74.0,2025,15.054724580120839,20.064605397668377,1.3209509288334074,71.0,77.0,0.7191361146421865,,
ISR,all,quadratic,-27.74046047603565,7.0,2025,-30.855163330517744,-24.74048413847295,1.533929556094238,6.0,8.0,0.894215854809028,,
ITA,all,quadratic,-17.064705097205035,12.0,2025,-18.892572813921852,-15.063130891488582,0.9830896156618405,12.0,13.0,0.9019068968968771,,
JOR,all,quadratic,-5.618754336339123,28.0,2025,-7.8574478583827245,-3.500099725454743,1.0992130163023819,21.0,31.0,0.921675999168679,,
JPN,all,quadratic,14.837611484216382,71.0,2025,12.737283282689484,16.92662307920162,1.0853810439036107,66.0,74.0,0.9405702510772636,,
KAZ,all,quadratic,11.10160152002345,64.0,2025,9.518060395093766,12.774284067290644,0.8269782858357023,61.0,66.0,0.91210984281847,,
KEN,all,quadratic,-55.251620262660765,1.0,2025,-58.17857911993061,-52.42870717433557,1.4814801335148715,1.0,1.0,0.9491951732777046,,
KGZ,all,quadratic,11.949854528465949,65.0,2025,9.111373420750049,14.571017740697602,1.3997608588932877,61.0,70.0,0.8894290407106721,,
KOR,all,quadratic,-1.121362814346071,40.0,2025,-3.2107171964773955,1.1605905176021223,1.1372353905494053,32.0,45.0,0.925220525690735,,
LBN,all,quadratic,-21.928004862767292,10.0,2025,-24.765850771172268,-19.110550361678534,1.436486293352816,9.0,11.0,0.9472620003883926,,
LTU,all,quadratic,5.478165023032261,56.0,2025,3.7729389679620438,7.19737598560802,0.8988487173058135,51.0,59.0,0.8456497913942448,,
LUX,all,quadratic,13.386332716612005,66.0,2025,11.589839494991745,15.272353612499446,0.9451847303479852,64.0,72.0,0.6713788875411228,,
LVA,all,quadratic,19.751679888883245,77.0,2025,17.712228679667888,21.78494103044026,1.0279416073884167,74.0,78.0,0.8398345979197785,,
MAC,all,quadratic,24.02011122697957,79.0,2025,22.515301338709516,25.548894619837743,0.7699620546320953,79.0,79.0,0.6531212000907626,,
MAR,all,quadratic,15.108227736086064,72.0,2025,10.389336658413919,19.779288735452354,2.347170517926597,63.0,77.0,0.8380342138882121,,
MDA,all,quadratic,7.775226978230478,60.0,2025,5.591591646627232,9.779724870743438,1.064340914637644,56.0,61.0,0.9502737906961027,,
MEX,all,quadratic,18.667497089167625,75.0,2025,16.843786368686573,20.573224521264482,0.9576476467416851,73.0,77.0,0.9111667578847862,,
MKD,all,quadratic,-6.7904614088339486,22.0,2025,-9.123692776611616,-4.560812870438721,1.1751735640870737,20.0,29.0,0.6348171765844856,,
MLT,all,quadratic,-7.226471057610638,21.0,2025,-10.864974205966169,-3.5375173675370633,1.876088175993771,16.0,31.0,0.5276955383811274,,
MNE,all,quadratic,-32.00642577035211,4.0,2025,-33.92434218640233,-30.142167679626493,1.0014238552301793,4.0,6.0,0.7568335774643785,,
MNG,all,quadratic,5.679320116024769,57.0,2025,3.8268104515042554,7.63082714981667,0.9492190483104099,52.0,59.0,0.9175846202521608,,
MYS,all,quadratic,49.714725827065706,84.0,2025,46.83252477986356,52.44714449310538,1.457591861233665,84.0,84.0,0.819736121763219,,
NLD,all,quadratic,3.36474543070824,50.0,2025,1.322968577880819,5.4135751916556,1.0427291553812752,46.0,55.0,0.9114564972036242,,
NOR,all,quadratic,-1.089764350305245,41.0,2025,-3.441865149112256,1.3155632759172582,1.2003972833144738,31.0,45.024999999999864,0.8274269667502179,,
NZL,all,quadratic,7.241339288355675,59.0,2025,5.040261625848376,9.299123131818584,1.071450547863473,55.0,60.0,0.7971652482972635,,
PER,all,quadratic,14.28741627727942,69.0,2025,12.119319779654314,16.48202734763571,1.1094636539726987,65.0,73.0,0.9412490256472811,,
PHL,all,quadratic,40.6802459199165,83.0,2025,38.12164669533727,43.044905943508354,1.2432785235999588,83.0,83.0,0.9081206866095508,,
POL,all,quadratic,-10.29212944961887,18.0,2025,-12.70870777794578,-7.863110215933872,1.2304463472923868,14.0,21.024999999999864,0.9136036376107242,,
PRT,all,quadratic,-0.3200227833500548,43.0,2025,-2.382598003727108,1.7205637498030433,1.0434496581196475,34.0,46.0,0.9405816360043973,,
PRY,all,quadratic,-9.729389346785808,20.0,2025,-12.09392000519371,-7.348326684099222,1.2240455986374978,15.0,22.024999999999864,0.8954385051086121,,
PSE,all,quadratic,21.128602634876813,78.0,2025,18.850621327933496,23.29238476096001,1.1486938279652383,75.0,78.0,0.9014736478127416,,
QAT,all,quadratic,-4.39054711530855,30.0,2025,-6.565540952807568,-2.180391993105401,1.12647114123314,24.0,36.0,0.7259398559327963,,
QCI,all,quadratic,-12.335705711156038,14.0,2025,-14.478274690051347,-10.363545147856746,1.041341384543761,14.0,17.0,0.9523808130431995,,
QUA,all,quadratic,10.743629243067517,63.0,2025,8.837041281154349,12.65247582830676,0.968500125724463,61.0,66.0,0.9300261129253187,,
ROU,all,quadratic,-10.135455447642926,19.0,2025,-12.142917481533042,-7.860883321317675,1.0705549157021836,14.0,22.0,0.974797886252205,,
SAU,all,quadratic,-1.2039871951649277,39.0,2025,-3.0839230982249246,0.6044550727299806,0.9461504095512256,32.0,44.024999999999864,0.9453134505651413,,
SGP,all,quadratic,2.9720531519141105,48.0,2025,1.2960120464438831,4.578197334868391,0.8434865454016447,46.0,54.0,0.8256247385089825,,
SLV,all,quadratic,13.515821097919796,67.0,2025,11.488115553126763,15.524574891071998,1.0201943354258436,64.0,72.0,0.9348789913768877,,
SRB,all,quadratic,-16.094880635590073,13.0,2025,-18.299516626218946,-13.816084239216055,1.139702197086007,12.0,13.0,0.9395346071285994,,
SVK,all,quadratic,-0.553795751966959,42.0,2025,-2.9019013880961935,1.947837774576444,1.2475141435049004,33.0,47.0,0.85018580742731,,
SVN,all,quadratic,-10.40381274646512,16.0,2025,-12.48904279174458,-8.281933975161285,1.073808082929108,14.0,21.0,0.6438077185358033,,
SWE,all,quadratic,-1.8102734597432573,37.0,2025,-3.9301452513049284,0.5084347019389279,1.1511987618861008,30.0,44.0,0.887749699016468,,
THA,all,quadratic,33.47735418257366,82.0,2025,30.633204165989465,36.36643267165376,1.4835414625884356,81.0,82.0,0.9126645338288368,,
TUR,all,quadratic,-35.053448164456995,3.0,2025,-36.60005701038991,-33.404908209223066,0.8368909499175458,3.0,4.0,0.9098031948313828,,
TWN,all,quadratic,2.501545075663671,47.0,2025,0.6345933790522735,4.459560878805126,0.9713547324325272,44.0,53.0,0.9187278707502126,,
URY,all,quadratic,3.833389939480981,53.0,2025,1.9226932490945075,5.857928952788835,1.011570980829788,47.0,57.0,0.8800326444797478,,
USA,all,quadratic,-1.91870557749246,36.0,2025,-4.026573420633747,0.3935386584185686,1.1073788701413196,30.0,44.0,0.9772982040509088,,
VNM,all,quadratic,-3.545469661747632,31.0,2025,-6.315669504201355,-0.5068125159768035,1.4971522081148332,25.0,41.0,0.962674873082598,,
XKX,all,quadratic,-6.434653247898325,27.0,2025,-9.103982050710801,-3.8915714173244353,1.3196842705519625,20.0,30.0,0.7530031821665996,,
AUS,oecd,linear,11.146227122753205,34.0,2025,9.800559169948988,12.51676857641617,0.6946513822752954,33.0,35.0,0.9168547689697101,,
AUT,oecd,linear,-0.7476461941957382,14.0,2025,-2.529626864283847,1.1399424548443133,0.9479946508707462,11.0,21.0,0.9291255008029148,,
BEL,oecd,linear,-0.4423454840298859,16.0,2025,-2.177464077356396,1.3516353473528657,0.9078278570676604,12.0,21.0,0.9335117426901761,,
CAN,oecd,linear,2.0414653024474774,23.0,2025,1.074449063314944,3.1016243885429815,0.5279198387002076,20.0,25.0,0.9492424170982798,,
CHE,oecd,linear,1.2265948461403011,22.0,2025,-0.5300451029159575,3.0472447711792356,0.9079092352110849,16.0,25.0,0.9212875321113975,,
CHL,oecd,linear,2.2691529466652014,24.0,2025,0.2199213317349944,4.300227117653432,1.0338483322273753,18.0,27.0,0.9312077762722392,,
COL,oecd,linear,-7.095464143539971,7.0,2025,-9.423768178224103,-4.665426785413027,1.2469983320136342,5.0,9.0,0.9647659017293653,,
CRI,oecd,linear,3.370019406136919,25.0,2025,1.4729403570545911,5.203114245532626,0.9672393201814742,22.0,28.0,0.9177193708297915,,
CZE,oecd,linear,7.9196736863186175,32.0,2025,6.252891142675091,9.628598052580532,0.8672602756751963,30.0,33.0,0.9264814385666965,,
DEU,oecd,linear,-4.976223143520087,9.0,2025,-6.689710102199166,-3.217416903054572,0.8881038271319299,7.0,11.0,0.9500366971853096,,
DNK,oecd,linear,5.215687288486492,29.0,2025,2.897193393619813,7.4577403355665055,1.12400908543149,25.0,31.0,0.8724917134573914,,
ESP,oecd,linear,4.530323499094095,27.0,2025,3.3079807802045336,5.717877508003106,0.6280615251155637,25.0,29.0,0.9454583856291171,,
EST,oecd,linear,3.725805566055442,26.0,2025,1.9255862903831087,5.484390792830444,0.9066322597487665,23.0,29.0,0.8987794175257686,,
FIN,oecd,linear,-5.292461706787833,8.0,2025,-6.974641556273509,-3.581940303872594,0.8720990619400839,7.0,11.0,0.9132516783941054,,
FRA,oecd,linear,-0.0744552054624705,18.0,2025,-1.7320434885645626,1.515755685938359,0.8256064838816491,13.0,22.0,0.9613305880712695,,
GBR,oecd,linear,-2.552327055039086,12.0,2025,-4.271800904582631,-0.8439405253511131,0.8850277228767967,10.0,15.0,0.8891970102571828,,
GRC,oecd,linear,-2.9925649260788987,11.0,2025,-5.409010744151447,-0.6018570679066816,1.209383144546366,8.0,16.0,0.9117833441568914,,
HUN,oecd,linear,-0.8887831320422492,13.0,2025,-2.713838388211761,0.9569163001056163,0.9659004994529152,11.0,21.0,0.9254034619777957,,
IRL,oecd,linear,-9.8821381356438,4.0,2025,-11.56203433034354,-8.138718127593322,0.8642928985033623,4.0,6.0,0.8690614642630795,,
ISL,oecd,linear,16.387246218182725,37.0,2025,13.78822274272523,18.772688476321274,1.2523041188401491,36.0,37.0,0.7191361146421865,,
ISR,oecd,linear,-28.99334119143475,2.0,2025,-31.710128842892704,-26.05853789014712,1.4403071565025192,2.0,2.0,0.894215854809028,,
ITA,oecd,linear,-15.4889372103994,3.0,2025,-17.436232489220405,-13.497272375628231,0.9823983366789018,3.0,3.0,0.9019068968968771,,
JPN,oecd,linear,11.326794249985484,35.0,2025,9.123505547901928,13.675332992208151,1.1597941185593725,33.0,35.0,0.9405702510772636,,
KOR,oecd,linear,-3.531025987905082,10.0,2025,-5.660016922951931,-1.3258326797064914,1.138082293424588,8.0,14.0,0.925220525690735,,
LTU,oecd,linear,7.058829948432901,30.0,2025,5.360026259669885,8.759680307074309,0.8966610437550672,29.0,32.0,0.8456497913942448,,
LUX,oecd,linear,14.48693721858632,36.0,2025,12.659665314393553,16.272213318412494,0.9235968487325275,36.0,37.0,0.6713788875411228,,
LVA,oecd,linear,20.429321238785462,38.0,2025,18.606587214799994,22.388102635892725,0.9805659145593366,38.0,38.0,0.8398345979197785,,
MEX,oecd,linear,9.587338367217685,33.0,2025,7.791508879109394,11.264383446889443,0.9026169205161719,31.0,35.0,0.9111667578847862,,
NLD,oecd,linear,4.923300739640467,28.0,2025,2.8388544900465376,6.953973541805225,1.0530517569112419,25.0,30.0,0.9114564972036242,,
NOR,oecd,linear,0.0032465751508539,19.0,2025,-2.170587819087973,2.1608888975692704,1.1089678957061595,12.0,23.0,0.8274269667502179,,
NZL,oecd,linear,7.775128716574386,31.0,2025,5.438176108678658,10.023530930577706,1.1784927245288064,29.0,33.0,0.7971652482972635,,
POL,oecd,linear,-9.10890009615798,5.0,2025,-11.395347960734052,-6.704250060320399,1.1871751981526897,4.0,7.0,0.9136036376107242,,
PRT,oecd,linear,1.1985328273719915,21.0,2025,-0.690464577197413,3.1566999093167163,0.9832910888849131,15.0,25.0,0.9405816360043973,,
SVK,oecd,linear,0.840020413384309,20.0,2025,-1.6372011577118273,3.117774655408329,1.2060941991649916,13.0,25.0,0.85018580742731,,
SVN,oecd,linear,-9.061939036372166,6.0,2025,-11.071105810825134,-6.956586620800801,1.046611991605324,4.0,7.0,0.6438077185358033,,
SWE,oecd,linear,-0.2324300325972785,17.0,2025,-2.40975829210243,1.9004625400403492,1.1219766305435765,12.0,23.0,0.887749699016468,,
TUR,oecd,linear,-33.4866807032389,1.0,2025,-35.056661005566184,-31.847510163211137,0.8299320869168995,1.0,1.0,0.9098031948313828,,
USA,oecd,linear,-0.6139827929634976,15.0,2025,-2.7470826599593607,1.4363523851907536,1.0743404886231411,11.0,21.024999999999864,0.9772982040509088,,
AUS,oecd,quadratic,10.955245451724863,35.0,2025,9.529141777714429,12.39194282113967,0.7224558296347878,34.0,35.0,0.9168547689697101,,
AUT,oecd,quadratic,-0.3613686458322149,14.0,2025,-2.1787123044535477,1.5020739683948916,0.9165021807970184,12.0,22.0,0.9291255008029148,,
BEL,oecd,quadratic,0.0106916264202254,16.0,2025,-1.8711786415167808,1.9612639224279862,0.9640898236211554,13.0,23.0,0.9335117426901761,,
CAN,oecd,quadratic,1.694586621180406,22.0,2025,0.599451890631633,2.8506158190483006,0.5802745853357179,18.0,26.0,0.9492424170982798,,
CHE,oecd,quadratic,1.1680353297450663,20.0,2025,-0.746857674152966,2.9905323188654127,0.948646871178833,14.0,26.0,0.9212875321113975,,
CHL,oecd,quadratic,2.1722646189964507,26.0,2025,-0.0038414208947401022,4.272035097459079,1.0984105941259483,16.0,27.0,0.9312077762722392,,
COL,oecd,quadratic,-9.534623742532574,5.0,2025,-11.540043915767804,-7.037023366440209,1.1557458990586789,4.0,7.0,0.9647659017293653,,
CRI,oecd,quadratic,2.0064696595595706,24.0,2025,-0.11960767665947003,4.215651471688606,1.09766774269378,16.0,27.0,0.9177193708297915,,
CZE,oecd,quadratic,8.372038277110335,33.0,2025,6.565899739458116,10.145343872033113,0.9152711545150441,30.0,34.0,0.9264814385666965,,
DEU,oecd,quadratic,-4.3255785563004,10.0,2025,-6.272668362495104,-2.4890058842546283,0.9652420739460438,8.0,12.0,0.9500366971853096,,
DNK,oecd,quadratic,5.909449879088584,29.0,2025,3.6568547476380915,8.06351855394986,1.1071445163084133,26.0,32.0,0.8724917134573914,,
ESP,oecd,quadratic,5.311775991163529,27.0,2025,3.979645689862882,6.565504372830144,0.6612051378734447,27.0,30.0,0.9454583856291171,,
EST,oecd,quadratic,2.1208714660959918,25.0,2025,0.08856938951966528,4.275051878443421,1.062228427535928,16.0,26.0,0.8987794175257686,,
FIN,oecd,quadratic,-4.985092319418584,9.0,2025,-6.60588202084886,-3.2980910272107327,0.8575612800088975,8.0,11.0,0.9132516783941054,,
FRA,oecd,quadratic,0.6736567413812509,18.0,2025,-0.9838568936038186,2.1362972947601966,0.8075352378190431,14.0,24.0,0.9613305880712695,,
GBR,oecd,quadratic,-3.071509909238671,12.0,2025,-4.897632732546484,-1.1565429259052533,0.9307712588984757,9.0,13.0,0.8891970102571828,,
GRC,oecd,quadratic,-3.0869040303610404,11.0,2025,-5.506662534786654,-0.6766996178793794,1.2268087417619538,8.0,14.0,0.9117833441568914,,
HUN,oecd,quadratic,-0.1209303610668826,15.0,2025,-2.032599690350571,1.679890823684566,0.9331423405165923,12.0,22.0,0.9254034619777957,,
IRL,oecd,quadratic,-10.120793399380544,4.0,2025,-11.835240732400202,-8.384721502048748,0.879290840381128,4.0,7.0,0.8690614642630795,,
ISL,oecd,quadratic,16.792229065909567,37.0,2025,14.353533599644212,19.187439137773886,1.2516091843629797,36.0,37.0,0.7191361146421865,,
ISR,oecd,quadratic,-28.615277397336115,2.0,2025,-31.33421217252327,-25.890174890152725,1.4217862322971835,2.0,2.0,0.894215854809028,,
ITA,oecd,quadratic,-14.925128681372373,3.0,2025,-16.934428966841715,-12.968762681469908,1.015878523690162,3.0,3.0,0.9019068968968771,,
JPN,oecd,quadratic,8.672230205197366,34.0,2025,6.033196955491812,11.803280186578938,1.441681078365236,29.0,35.0,0.9405702510772636,,
KOR,oecd,quadratic,-5.603587007757028,8.0,2025,-7.597541010431703,-3.1537982182053237,1.110773304533014,7.0,11.0,0.925220525690735,,
LTU,oecd,quadratic,7.647585223611031,31.0,2025,5.865211449863814,9.39329035321287,0.9167416970038749,28.0,34.0,0.8456497913942448,,
LUX,oecd,quadratic,15.276579901326556,36.0,2025,13.364873738308589,16.968459147409042,0.9210051765215977,36.0,37.0,0.6713788875411228,,
LVA,oecd,quadratic,21.187746095728244,38.0,2025,19.234515259102146,22.975946790579716,0.9512093426908426,38.0,38.0,0.8398345979197785,,
MEX,oecd,quadratic,7.673843178263326,32.0,2025,5.42976632481737,9.977592287792692,1.146404653524208,28.0,34.0,0.9111667578847862,,
NLD,oecd,quadratic,5.605231202241612,28.0,2025,3.522256882773951,7.555389208259566,1.0466254077349852,26.0,31.0,0.9114564972036242,,
NOR,oecd,quadratic,0.7927787575112575,19.0,2025,-1.3814902270972396,2.866933812761106,1.1021740746232997,13.0,25.0,0.8274269667502179,,
NZL,oecd,quadratic,7.410558551479085,30.0,2025,4.895927387778667,9.973387618694414,1.2826646395745414,27.0,34.0,0.7971652482972635,,
POL,oecd,quadratic,-9.000918640897112,6.0,2025,-11.248566712440628,-6.857491563102204,1.150903632940998,4.0,7.0,0.9136036376107242,,
PRT,oecd,quadratic,1.917685711905904,23.0,2025,-0.11060661533032456,3.820148202685671,1.0301562688978394,15.0,26.0,0.9405816360043973,,
SVK,oecd,quadratic,1.607198483611569,21.0,2025,-0.805985896797921,3.9505247486206954,1.2048080664503953,14.0,26.0,0.85018580742731,,
SVN,oecd,quadratic,-8.285299261603996,7.0,2025,-10.310317351733861,-6.268774002949039,1.0311051502204005,4.0,8.0,0.6438077185358033,,
SWE,oecd,quadratic,0.409369749327368,17.0,2025,-2.0357030824813136,2.783408196683759,1.2181521900902275,13.0,25.0,0.887749699016468,,
TUR,oecd,quadratic,-32.95051162585952,1.0,2025,-34.72985204408901,-31.15070803125846,0.8836205705089647,1.0,1.0,0.9098031948313828,,
USA,oecd,quadratic,-0.400598209583336,13.0,2025,-2.5598352735610916,1.6837787677095293,1.0845896891360964,12.0,22.0,0.9772982040509088,,
AUS,all,linear,-2.8709658761646324,14.0,2003,-4.4556107688303594,-1.049298172868891,0.8644812919469304,13.0,15.0,0.9525558126588932,-4.450572640226767,-1.2205688537926116
AUT,all,linear,7.855429737379836,29.0,2003,5.350945499906757,10.442412523643778,1.303631355657103,26.0,32.0,0.9677234668908731,5.412266253206624,10.29080969723458
BEL,all,linear,4.219016582172003,25.0,2003,2.0603010057973905,6.340638350716906,1.090799203922006,20.0,27.0,0.9429863630542745,2.161764424972848,6.40847706619582
BRA,all,linear,6.199856544203101,27.0,2003,3.303581534844979,8.851142958627054,1.3888747244560002,22.0,31.0,0.9551259472729512,3.347092403453253,8.721938668239364
CAN,all,linear,-5.128728229046146,13.0,2003,-6.345832452421519,-3.835970910737303,0.6519633802759606,9.0,13.0,0.9812960101486988,-6.385630348478583,-3.900839744524703
CHE,all,linear,2.805128930572323,21.0,2003,0.47808528315063376,5.175179609692147,1.2035433279377878,16.0,26.0,0.9822604594246966,0.4689495446512922,5.210209736536731
CZE,all,linear,1.982817723497988,20.0,2003,0.07197812284534565,4.0437916911043255,1.0082249866532165,16.0,24.0,0.9793672307684603,0.1098008086173479,3.9620715299109417
DEU,all,linear,11.474767214594294,33.0,2003,9.101887880559804,13.794016552294838,1.1944205648513162,31.0,35.0,0.9711736586735766,9.364703726123388,13.79773545392446
DNK,all,linear,20.66796335719323,36.0,2003,18.023007022483373,23.321314835817308,1.342008070609228,36.0,36.0,0.929526834737594,18.054907481987804,23.22627694867338
ESP,all,linear,-2.398448874809901,15.0,2003,-4.0942185262190804,-0.7893827824164132,0.8546032589249792,13.0,15.0,0.9609704638740051,-4.099286488509395,-0.7606183798665813
FIN,all,linear,-9.237671944723502,8.0,2003,-10.55361258682903,-7.7296702235893875,0.7219774768246198,7.0,9.0,0.9497596662593831,-10.555247138688388,-7.75908150112817
FRA,all,linear,8.718835538037183,31.0,2003,6.533805937861507,10.901365837407296,1.106588077224083,27.0,33.0,0.9426143251443629,6.487821081511234,10.871604753133408
GRC,all,linear,-14.683387725612022,2.0,2003,-17.64300658817729,-11.782197068923413,1.5042694255034255,1.0,6.0,0.9518937033147532,-17.600672896240035,-11.793578834633522
HKG,all,linear,5.454516040369072,26.0,2003,3.396883933117215,7.724063465832195,1.1021638833438854,23.0,29.0,0.9826574770131232,3.277328848074748,7.622904599167913
HUN,all,linear,7.589218309584396,28.0,2003,5.938064885602505,9.315776155304373,0.8534745039180996,27.0,32.0,0.9659765315348584,5.908462545583016,9.2671577524543
IDN,all,linear,1.2712698468894814,17.0,2003,-1.1131176972605659,3.3424694675939333,1.106130550701786,16.0,22.024999999999864,0.9742866769186268,-0.9715531294642404,3.328649463795721
IRL,all,linear,-14.144663699070293,3.0,2003,-16.22254789338666,-12.093915188213206,1.068995284376944,1.0,6.0,0.9535390076834002,-16.29796457122074,-12.08478516249954
ISL,all,linear,0.8029551915864204,16.0,2003,-1.076754154749213,2.7560634047201895,0.9656025109914901,16.0,21.0,0.8436343039546024,-0.9447658704523576,2.7055243738762043
ITA,all,linear,-5.331471931744318,11.0,2003,-7.359869518949535,-3.4270546715368146,1.002109147658637,9.0,14.0,0.9679375135009416,-7.324100234769733,-3.3305593255940957
JPN,all,linear,12.536162865257438,34.0,2003,10.261446797232239,14.94771687220133,1.1895696755439227,32.0,35.0,0.9772934145355419,10.242609388085052,14.973855097257657
KOR,all,linear,1.9546517493788544,19.0,2003,-0.008059462592663632,4.061950550746058,1.0599643762805133,16.0,24.0,0.978708904160194,-0.0853853723908571,4.107408708379851
LUX,all,linear,7.969920840562736,30.0,2003,6.217329823321822,9.775690027182621,0.9164007880329069,27.0,32.0,0.8076701792176479,6.141255016163747,9.797357965408017
LVA,all,linear,-6.195143032534816,10.0,2003,-8.85118733336802,-3.642807711619906,1.3485850164982023,8.0,13.0,0.9559469929197415,-8.725489333523068,-3.535018487574155
MAC,all,linear,9.593680123643368,32.0,2003,5.698903268659734,13.631647305769427,2.0391588871547164,26.0,35.0,0.7475318448836927,5.5938447506223925,13.494720591066445
MEX,all,linear,3.344666565768307,22.0,2003,1.3325662408741323,5.145479930415443,0.9782872554406615,18.0,26.0,0.9745803993600505,1.3276506637135328,5.182232712512278
NLD,all,linear,-12.756688126292715,5.0,2003,-15.025698354540278,-10.450551562069764,1.1403550492627506,2.0,7.0,0.9524367421342393,-14.9682579081347,-10.62373022348073
NOR,all,linear,-5.234158416373475,12.0,2003,-8.174093109063985,-2.5545695182978134,1.4369176262182526,9.0,14.0,0.8932982377140696,-8.03424712861545,-2.4461244873713035
NZL,all,linear,3.541028645984966,24.0,2003,1.6672255711217105,5.507839261159023,0.9889735152129397,19.0,26.0,0.9505474494349447,1.722416061724823,5.560882903753429
POL,all,linear,-10.59694908610436,7.0,2003,-12.540818915722777,-8.662983987575927,1.0013864813850604,5.0,8.0,0.9552980715652563,-12.42873469674334,-8.683278988822892
PRT,all,linear,1.5046192609599984,18.0,2003,0.09266190832079389,2.9088515218789874,0.727656161712718,16.0,22.0,0.9870684993764252,0.0318198342518101,2.8038961086491345
SVK,all,linear,3.3995845458291,23.0,2003,0.9864662347239843,5.781699429455759,1.2646889844750429,17.0,27.0,0.955900826837125,0.7391536451214563,5.790635483889257
SWE,all,linear,-6.295133025014138,9.0,2003,-8.842401310172315,-3.559605677311835,1.3485511783389685,8.0,13.0,0.8986154806259045,-8.848277165131341,-3.6837215171557407
THA,all,linear,13.925311933979003,35.0,2003,10.936218942186938,16.70137154823809,1.4754616254520088,33.0,35.0,0.8784409198165897,10.961745240344522,16.760245646466252
TUR,all,linear,-16.383588111796996,1.0,2003,-20.030620931400456,-12.906226049828467,1.811657265774361,1.0,4.0,0.9789950235125587,-19.87479173786708,-13.096017531883488
URY,all,linear,-11.716879407235922,6.0,2003,-14.333702568020147,-9.277468294104565,1.299985705733749,3.0,8.0,0.9370147116514519,-14.470660117847828,-9.310069409823615
USA,all,linear,-13.837524060927135,4.0,2003,-15.428113788539669,-12.109572019319923,0.8292020085042664,2.0,6.0,0.9790008922168181,-15.509681955061904,-12.13698072681938
AUS,all,quadratic,-3.592537625669479,14.0,2003,-5.321628039171739,-1.6119596905035907,0.954268207134377,11.0,15.0,0.9525558126588932,-5.345053185281435,-1.588604284789574
AUT,all,quadratic,8.47025135491134,29.0,2003,5.757766296814317,11.17289611139662,1.3772300865427027,28.0,33.0,0.9677234668908731,5.766033834885045,11.10655172027143
BEL,all,quadratic,4.041900031947534,24.0,2003,1.77040848938083,6.4180265438395505,1.1929079997378529,19.0,27.0,0.9429863630542745,1.786634698396395,6.541656692257464
BRA,all,quadratic,4.282266455163551,27.0,2003,2.0455774112499525,6.474052863821087,1.1499193619848014,20.0,27.0,0.9551259472729512,1.897910660182572,6.599253440126118
CAN,all,quadratic,-5.939064541646076,10.0,2003,-7.202789507529974,-4.381579293430684,0.7057079234778045,9.0,13.0,0.9812960101486988,-7.231048691113867,-4.428606187123223
CHE,all,quadratic,2.734089776688279,22.0,2003,0.17554373079329935,5.386030502567295,1.3483446793327936,17.0,27.0,0.9822604594246966,0.0316356185296371,5.386438086168322
CZE,all,quadratic,2.0733793133824747,19.0,2003,0.030614986783868404,4.189815961475283,1.0850536045602466,17.0,25.0,0.9793672307684603,-0.0409663932044566,4.224326360939608
DEU,all,quadratic,11.985219015898052,34.0,2003,9.4289599800281,14.380124074362495,1.2895580363078178,31.0,35.0,0.9711736586735766,9.58451907811758,14.394637943655892
DNK,all,quadratic,21.33908824359571,36.0,2003,18.528653693149803,23.962382263216206,1.3710284953416685,36.0,36.0,0.929526834737594,18.50668538763169,24.02452738530836
ESP,all,quadratic,-1.4806797957951972,15.0,2003,-3.3154052704024237,0.24802235019163366,0.9094088903290335,14.0,17.0,0.9609704638740051,-3.260523725074718,0.2082083904300128
FIN,all,quadratic,-11.380751969242056,6.0,2003,-12.807274136233037,-9.415916092183085,0.8729194947778277,4.0,8.0,0.9497596662593831,-12.796786591796817,-9.510311132394191
FRA,all,quadratic,8.954427881812308,31.0,2003,6.529070399741184,11.339212055367394,1.2218433496279442,28.0,33.0,0.9426143251443629,6.726024357094689,11.140466964445324
GRC,all,quadratic,-13.54673429518732,3.0,2003,-16.524664662271455,-10.742026837088416,1.455103841031067,1.0,7.0,0.9518937033147532,-16.52910556677771,-10.807361490957568
HKG,all,quadratic,4.208375246655123,25.0,2003,1.8932972006215125,7.016964696527472,1.3193008011835257,20.0,28.0,0.9826574770131232,1.891112819347208,6.747644880922924
HUN,all,quadratic,8.324895021767475,28.0,2003,6.530620986213502,10.0227419651243,0.9147749809518563,28.0,32.0,0.9659765315348584,6.416831688651317,10.05914411508668
IDN,all,quadratic,-0.9510636020881408,16.0,2003,-2.8061342181595705,1.18834808481147,1.030882840390211,14.0,18.0,0.9742866769186268,-2.893263942665739,1.1593554877470085
IRL,all,quadratic,-13.987130462420623,2.0,2003,-16.17024907559191,-11.80192747972795,1.129595201910958,1.0,6.0,0.9535390076834002,-16.213006873945144,-11.719695027188664
ISL,all,quadratic,1.2549596954233948,18.0,2003,-0.7303540869301386,3.088931300334816,0.9796722729164563,16.0,23.0,0.8436343039546024,-0.6477454133595799,3.159934968580872
ITA,all,quadratic,-4.27413002132522,13.0,2003,-6.504805941230279,-2.2954576370730098,1.0529324211097788,9.0,14.0,0.9679375135009416,-6.328612043203703,-2.2420333000339387
JPN,all,quadratic,11.71080240851586,33.0,2003,9.081926524201696,14.354842399665042,1.358748204215422,31.0,35.0,0.9772934145355419,9.0464742027138,14.414266730525416
KOR,all,quadratic,0.3498468613273644,17.0,2003,-1.8218073441378635,2.9848639329817788,1.2460451524958371,15.0,22.024999999999864,0.978708904160194,-1.9311706111058071,2.8996585910069816
LUX,all,quadratic,8.868918760930285,30.0,2003,6.8968093675881565,10.609186105012071,0.9497431327813185,28.0,32.024999999999864,0.8076701792176479,6.958237290476916,10.570914060575928
LVA,all,quadratic,-5.35454724545906,11.0,2003,-8.121189180089232,-2.748206829262341,1.3945059335399377,9.0,14.0,0.9559469929197415,-7.90585488031534,-2.495685170541862
MAC,all,quadratic,9.340105872438244,32.0,2003,5.364263240442836,13.65191977292904,2.1222707123774964,27.0,35.0,0.7475318448836927,5.235976833212982,13.687868364958756
MEX,all,quadratic,2.3938461918366443,20.0,2003,0.4886979803277057,4.1655232861313545,0.9475928096999923,17.0,25.0,0.9745803993600505,0.3922497728712713,4.264132618226843
NLD,all,quadratic,-13.48951649009257,4.0,2003,-15.673155344825114,-10.965893184183535,1.203511206840581,1.0,7.0,0.9524367421342393,-15.66901003861668,-10.883741039979917
NOR,all,quadratic,-4.536079915735172,12.0,2003,-7.389706389271588,-1.7078343334184014,1.4342848304226936,9.0,15.0,0.8932982377140696,-7.402944795382021,-1.804509939550004
NZL,all,quadratic,2.990965564183284,23.0,2003,0.9265220774770029,5.264108954871289,1.1312871599986696,18.0,27.0,0.9505474494349447,0.926347129246537,5.160897275015452
POL,all,quadratic,-9.954228107149843,8.0,2003,-12.085545095682281,-7.901697409266215,1.0484521487575682,6.0,8.0,0.9552980715652563,-12.068286054401842,-7.830620021428449
PRT,all,quadratic,2.617620232957222,21.0,2003,0.9262536531262016,4.033522697752606,0.7956539038882983,18.0,25.0,0.9870684993764252,0.9971101959157878,4.078766316937298
SVK,all,quadratic,4.247055589733122,26.0,2003,1.5233407247670399,6.639503729783236,1.3204457609568,19.0,27.0,0.955900826837125,1.7036609193469443,6.628197970642801
SWE,all,quadratic,-6.22243287119602,9.0,2003,-8.940304490946106,-3.4954278475047995,1.397323592275262,9.0,14.0,0.8986154806259045,-8.887856333189971,-3.466555115258809
THA,all,quadratic,14.274322642140817,35.0,2003,11.290677185704414,16.966268223378208,1.440628274722367,33.0,35.0,0.8784409198165897,11.35510425987518,17.034473609484245
TUR,all,quadratic,-15.666457720020333,1.0,2003,-18.81445331509849,-12.528000780617349,1.5763793707964306,1.0,5.0,0.9789950235125587,-19.18856011829206,-12.570127507929756
URY,all,quadratic,-11.03763132294722,7.0,2003,-13.668937852569263,-8.655129642974398,1.282140449704468,3.0,8.0,0.9370147116514519,-13.513350614985864,-8.691137687552843
USA,all,quadratic,-13.049350172318384,5.0,2003,-15.006394028054778,-11.297242883396635,0.9463156451405638,2.0,7.0,0.9790008922168181,-14.857821890112696,-11.263499176684656
AUS,oecd,linear,-2.854117869052516,13.0,2003,-4.504559284774052,-1.0144733313784402,0.8766536522415139,10.0,14.0,0.9525558126588932,-4.601912167175138,-1.1020341685952164
AUT,oecd,linear,8.720154139535566,25.0,2003,5.9951874332207895,11.425507571591178,1.390688332815343,23.0,28.0,0.9677234668908731,5.972508898275703,11.250537859593122
BEL,oecd,linear,4.523258670184873,22.0,2003,2.3207683812775883,6.717953773198048,1.108946348912556,17.0,23.0,0.9429863630542745,2.417673679820831,6.838391635594455
CAN,oecd,linear,-5.154517058642227,9.0,2003,-6.311955366554415,-3.7658189547858,0.6475671112614441,8.0,12.0,0.9812960101486988,-6.409002481153578,-3.8070020777580416
CHE,oecd,linear,3.1719268465390087,19.0,2003,0.5664636246156335,5.623103293558423,1.2731253846173727,15.0,22.0,0.9822604594246966,0.8215322528076058,5.791398976109449
CZE,oecd,linear,2.450430362285374,17.0,2003,0.43471943769170596,4.6899549768523,1.0725381462091292,15.0,21.0,0.9793672307684603,0.2809477355605992,4.591381182906946
DEU,oecd,linear,12.248447944948452,28.0,2003,9.73614491240835,14.735596486046473,1.274453323471058,27.0,29.0,0.9711736586735766,9.879633033997488,14.675263525438147
DNK,oecd,linear,21.58557275965381,30.0,2003,18.930928430947393,24.222347464216558,1.3629067694332948,30.0,30.0,0.929526834737594,18.739759605029946,24.2135797123207
ESP,oecd,linear,-1.1987742154938132,14.0,2003,-2.986712406756072,0.5377580622271422,0.8905567759790095,13.0,15.0,0.9609704638740051,-2.927532536493703,0.4241988483377716
FIN,oecd,linear,-9.814416367453418,6.0,2003,-11.094423367639047,-8.242184448912585,0.7401730331992605,5.0,7.0,0.9497596662593831,-11.161127754262244,-8.310442793975184
FRA,oecd,linear,9.283755709002662,27.0,2003,7.0560568394882335,11.478335283024338,1.1257916198362712,23.0,28.0,0.9426143251443629,6.956882076362916,11.643338528246227
GRC,oecd,linear,-12.954993073873368,3.0,2003,-16.236973322914434,-10.072449483519351,1.5694192337902533,1.0,6.0,0.9518937033147532,-16.21923183525563,-10.126011763642492
HUN,oecd,linear,8.571517532093765,24.0,2003,6.847020790836365,10.350555506278905,0.9028888879836692,23.0,27.0,0.9659765315348584,6.8429872769883815,10.228416079910703
IRL,oecd,linear,-13.633010663267669,2.0,2003,-15.82810358632646,-11.469022118180568,1.1190754314549207,1.0,5.0,0.9535390076834002,-15.78674430718876,-11.468504525015003
ISL,oecd,linear,1.528930254643342,15.0,2003,-0.40884131690410896,3.380964887039731,0.9610294626828066,15.0,19.0,0.8436343039546024,-0.4631285678762694,3.4484243945974704
ITA,oecd,linear,-3.889833672375517,12.0,2003,-6.022542006158444,-2.0212116619924694,1.049758133578709,8.0,13.0,0.9679375135009416,-5.997648665444788,-1.9234266991191369
JPN,oecd,linear,12.503254030799669,29.0,2003,10.14479639408339,14.934341401145634,1.2383725794775542,27.0,29.0,0.9772934145355419,10.072140691407824,15.08696518197793
KOR,oecd,linear,1.5837525534035422,16.0,2003,-0.5022110698973193,3.9276838538465277,1.122146971421757,15.0,20.0,0.978708904160194,-0.4364805153011019,3.922158952602853
LUX,oecd,linear,9.143841609355263,26.0,2003,7.392922101511904,11.03083100526524,0.929671136692287,24.0,28.0,0.8076701792176479,7.270507501576057,10.951322338093668
LVA,oecd,linear,-5.095553255270602,10.0,2003,-7.748265474502001,-2.4050826128797413,1.3426946953380188,8.0,13.0,0.9559469929197415,-7.779244364275653,-2.4218799045760444
MEX,oecd,linear,7.09307106613204,23.0,2003,5.012884589794527,8.612190467712987,0.9378811706901063,21.0,25.0,0.9745803993600505,4.974598028147833,8.57494874893431
NLD,oecd,linear,-12.745302468911063,5.0,2003,-15.055767977737565,-10.3456803814641,1.1959923907634782,1.0,6.0,0.9524367421342393,-14.983119782968776,-10.318431546898346
NOR,oecd,linear,-4.290113296168556,11.0,2003,-7.1009534543000585,-1.597334378129978,1.4132857552307156,8.0,14.0,0.8932982377140696,-7.220666503768122,-1.3154208050871354
NZL,oecd,linear,3.6432389128126488,20.0,2003,1.744501331528997,5.694971711993768,1.0235264662908983,16.0,22.0,0.9505474494349447,1.6375063715195182,5.667217826454555
POL,oecd,linear,-9.706391904762086,7.0,2003,-11.656516110853868,-7.6041213937228616,1.0496311656311625,5.0,7.0,0.9552980715652563,-11.71829118937702,-7.668073168850593
PRT,oecd,linear,3.1058261027089884,18.0,2003,1.4935962529170481,4.592833743843667,0.7989300786463628,16.0,21.0,0.9870684993764252,1.6317622967741214,4.598863689974999
SVK,oecd,linear,4.507526472949337,21.0,2003,2.0142371930885603,6.956638101945117,1.2703021016255949,16.0,23.0,0.955900826837125,2.028645486944018,7.119812474858483
SWE,oecd,linear,-5.839027328919656,8.0,2003,-8.467790608024599,-3.0612813326377655,1.365360656738724,8.0,12.0,0.8986154806259045,-8.54639347886901,-3.216880757073884
TUR,oecd,linear,-13.689735800822175,1.0,2003,-17.456124072327004,-10.639454618261764,1.782658238066833,1.0,5.0,0.9789950235125587,-17.551124391726017,-10.407413867690664
USA,oecd,linear,-12.7987179920396,4.0,2003,-14.616413443376382,-11.034192072325306,0.9161776333080133,1.0,5.0,0.9790008922168181,-14.506105096204266,-11.099086875825202
AUS,oecd,quadratic,-2.573442459620537,13.0,2003,-4.186604140871191,-0.7247567644635612,0.8646003748783071,11.0,14.0,0.9525558126588932,-4.17872479674561,-0.7797003085946432
AUT,oecd,quadratic,8.466569412940714,24.0,2003,5.811523883521554,11.16318237071282,1.3562945151639756,22.975,28.0,0.9677234668908731,5.980730501148796,11.029056067542164
BEL,oecd,quadratic,4.570331495398136,22.0,2003,2.5432657958858726,6.679694567011035,1.0757718845852204,17.0,22.0,0.9429863630542745,2.579477879857808,6.724490548355536
CAN,oecd,quadratic,-4.834597906938939,10.0,2003,-5.989159086850353,-3.4357584251545576,0.6445814350360843,8.0,12.0,0.9812960101486988,-6.049145759455302,-3.398636087187903
CHE,oecd,quadratic,3.175288901830413,19.0,2003,0.860488577332282,5.614841417891534,1.226659893231296,15.0,22.0,0.9822604594246966,0.8457241689193751,5.650537438755767
CZE,oecd,quadratic,2.388717508657692,17.0,2003,0.3339730937873668,4.336421744929486,1.0125481747813503,15.0,21.0,0.9793672307684603,0.4338284515545723,4.445839488631092
DEU,oecd,quadratic,12.02976860537632,28.0,2003,9.52358605316437,14.441588350811271,1.2461749380507132,27.0,29.0,0.9711736586735766,9.747675451274109,14.386336658763364
DNK,oecd,quadratic,21.31419373139221,30.0,2003,18.632128632518814,24.025723283607174,1.3606820077856605,30.0,30.0,0.929526834737594,18.6129968356542,23.83914936539711
ESP,oecd,quadratic,-1.534260869648392,14.0,2003,-3.377056065669784,0.1505858394513719,0.9078141948949179,12.0,14.0,0.9609704638740051,-3.497540541861041,0.1720809457651113
FIN,oecd,quadratic,-8.880772878806852,7.0,2003,-10.404673957020147,-6.771010228404745,0.944399833247128,6.0,8.0,0.9497596662593831,-10.3439782087187,-6.915227544427922
FRA,oecd,quadratic,9.165516597404576,27.0,2003,6.965511531407475,11.382133570092694,1.1133019788009528,23.0,28.0,0.9426143251443629,6.993800918831266,11.345223322624108
GRC,oecd,quadratic,-13.270899767442131,3.0,2003,-16.26045198276353,-10.427551904880568,1.4861884169536919,1.0,6.0,0.9518937033147532,-16.463271930661886,-10.420157358202546
HUN,oecd,quadratic,8.280851700967787,23.0,2003,6.517447870597384,9.96905654776643,0.8971366258780995,23.0,27.0,0.9659765315348584,6.527255662058498,10.04691218093676
IRL,oecd,quadratic,-13.72107147920417,1.0,2003,-15.733122469720373,-11.468167133675745,1.0870843781257,1.0,5.0,0.9535390076834002,-15.661087060011557,-11.614103361975056
ISL,oecd,quadratic,1.3306986765309716,15.0,2003,-0.5328512502021396,3.1221963541526216,0.9504459870204334,15.0,19.0,0.8436343039546024,-0.5043816010741693,3.27970943578403
ITA,oecd,quadratic,-4.238978802356257,12.0,2003,-6.434578529834124,-2.2197187107072307,1.0710274065864416,8.0,13.0,0.9679375135009416,-6.448870426430711,-2.296185143311971
JPN,oecd,quadratic,12.8298420582081,29.0,2003,10.413129564308207,15.24876224123249,1.2196582062184647,28.0,29.0,0.9772934145355419,10.491278435663853,15.266462621322264
KOR,oecd,quadratic,2.264940992186098,16.0,2003,0.3056114390112725,4.6298913503746055,1.1138100803305189,15.0,21.0,0.978708904160194,0.3242440984857979,4.560998494799503
LUX,oecd,quadratic,8.812056384553728,26.0,2003,6.859424381820441,10.565557952733899,0.9429196108361527,23.0,27.0,0.8076701792176479,6.850257115867874,10.663598715333778
LVA,oecd,quadratic,-5.414230186336965,9.0,2003,-8.114054476818847,-2.791689221155901,1.3672300817438563,7.0,13.0,0.9559469929197415,-8.214424350938787,-2.7659351235220013
MEX,oecd,quadratic,8.530344422089001,25.0,2003,6.841308315900909,10.020769063185947,0.7899665939526437,23.0,27.0,0.9745803993600505,6.726719732690748,10.0497678068125
NLD,oecd,quadratic,-12.459665607202169,5.0,2003,-14.57200655143744,-10.228357041326369,1.0929412401369791,1.0,6.0,0.9524367421342393,-14.415737545040011,-10.316072028481704
NOR,oecd,quadratic,-4.569703613614479,11.0,2003,-7.514701512876487,-1.6677009888617613,1.4628476367344019,8.0,14.0,0.8932982377140696,-7.406724240136382,-1.870880421398717
NZL,oecd,quadratic,3.848907220982824,20.0,2003,2.054476716620104,5.851982344048431,0.9861994381718168,16.0,22.0,0.9505474494349447,2.040831231383288,6.0062368092605904
POL,oecd,quadratic,-9.968896445000212,6.0,2003,-12.115803154716764,-7.991151460914607,1.0593060884230434,4.0,7.0,0.9552980715652563,-12.133135754029034,-7.833720779889391
PRT,oecd,quadratic,2.7685607143804987,18.0,2003,1.0435000254640712,4.337000063178154,0.8434653042308605,15.0,21.0,0.9870684993764252,1.046902758304222,4.28665228670065
SVK,oecd,quadratic,4.187196992977874,21.0,2003,1.5093788866678524,6.659301420217607,1.292222922768924,16.0,22.0,0.955900826837125,1.5904748233188457,6.653281019092564
SWE,oecd,quadratic,-5.893647576728654,8.0,2003,-8.349382594515054,-3.319184243331036,1.32126538063003,7.0,12.0,0.8986154806259045,-8.35199565994874,-3.283872463190771
TUR,oecd,quadratic,-13.49961945272912,2.0,2003,-17.5869303890211,-9.613878836044227,2.0189472243270505,1.0,6.0,0.9789950235125587,-17.66572190830735,-9.684765761189968
USA,oecd,quadratic,-13.103998371856278,4.0,2003,-15.007178672630129,-11.311209698192332,0.9687077086789994,1.0,5.0,0.9790008922168181,-14.91363439294818,-11.218945070363535
ARE,all,linear,-29.50761618890118,3.0,2012,-33.393005230623835,-25.847121466455047,1.9146061163234551,3.0,4.0,0.7309621364103465,-33.41116939522602,-25.46604956425484
AUS,all,linear,12.053804226336467,31.0,2012,9.011356681701777,15.148125431764546,1.5414052706699377,27.0,35.0,0.6783330936933935,8.976025641280076,14.978857305993856
AUT,all,linear,7.381999011042183,23.0,2012,2.3646049445748445,12.42594494041662,2.6603582935030445,20.0,33.0,0.6659943868998912,2.018610785320385,12.472161778945946
BEL,all,linear,-0.1603179128199485,18.0,2012,-4.391938379978986,4.066394082071311,2.1292514515889054,16.0,21.0,0.5887113126359378,-4.226086183801483,4.27503230724547
BGR,all,linear,-38.08218940522147,2.0,2012,-43.96005416483621,-32.43726488896486,3.0258182021958433,1.0,2.0,0.8024654760269928,-44.01463496409726,-32.258859729914384
BRA,all,linear,22.71680949632912,40.0,2012,17.09985748776456,28.515349673805016,2.9397667865792765,36.0,41.0,0.6952621738959568,16.644929790266502,28.369951126236472
CAN,all,linear,5.060561376562418,21.0,2012,1.438816428242643,8.538288971707665,1.812231303531828,20.0,26.0,0.6530184361766029,1.5087757806103157,8.583566975455774
CHL,all,linear,12.183500088924518,32.0,2012,7.178983951433419,16.925521382560625,2.5335379118752326,24.0,36.0,0.7126342622536006,6.979924400489402,17.068983066498628
COL,all,linear,6.491926568184795,22.0,2012,1.1762299855823954,11.617567137493138,2.6867747937754114,20.0,31.0,0.6099909584363707,1.2444844431538389,11.598809952061044
CZE,all,linear,10.25217212584215,30.0,2012,5.868235008193889,14.776317529243206,2.230235976387047,22.0,35.0,0.7251918163365364,5.85598277976168,14.668080859536111
DEU,all,linear,-4.964029472240384,16.0,2012,-10.199323904171264,0.1039713185593838,2.6660315357194646,10.0,19.0,0.6601657623288386,-10.007115211826738,0.3049259151497738
DNK,all,linear,0.1898517404468407,19.0,2012,-4.66791358435039,5.133933369162223,2.5368498504667505,16.0,22.0,0.5625202267204115,-4.645714247985923,5.077250696074852
ESP,all,linear,-9.829443765502276,10.0,2012,-17.140472546684965,-2.7437357560142104,3.702583512541087,7.0,17.0,0.4428649620917213,-17.17195339782789,-2.988188388327171
EST,all,linear,-9.50267060232386,11.0,2012,-13.25489751045956,-5.901393370475183,1.8489456699290527,8.0,15.0,0.6718403480467904,-13.25419272335536,-5.962622623839787
FIN,all,linear,-4.936163447925424,17.0,2012,-8.782901767672858,-1.0646333321072643,1.950610475617218,12.0,18.0,0.5961893369049422,-8.694450090314112,-0.905750844009842
FRA,all,linear,12.48407718952012,34.0,2012,6.498381410477767,18.39265603873134,3.0547871859284577,23.0,37.0,0.5258025031206077,6.7412633737242285,18.28644730013886
HKG,all,linear,-12.139504046141385,9.0,2012,-16.78045561021964,-7.423697909379072,2.3729388749152696,7.0,13.0,0.7664444729463921,-16.86441917528139,-7.38509442942804
HRV,all,linear,-14.961546950244326,8.0,2012,-19.54561130400815,-10.488257222734696,2.3544974166095103,6.0,10.0,0.8069166320490114,-19.49547160350696,-10.510142155808508
HUN,all,linear,-26.391190465484613,4.0,2012,-31.170506552742356,-21.699492910055888,2.4414189091224716,3.0,5.0,0.780083360864954,-31.13601067417864,-21.773317305648767
IRL,all,linear,-15.733550610530813,7.0,2012,-20.99458827430869,-10.23906307473347,2.682277289930545,6.0,10.0,0.5507176386099152,-20.85962053478464,-10.349294618811074
ISR,all,linear,-19.05546765208618,6.0,2012,-23.895991037513284,-14.207974332042163,2.5316315036202406,5.0,8.0,0.893838148748142,-23.583974792615823,-14.249164345189245
ITA,all,linear,20.050312729467407,38.0,2012,12.904546425079545,27.358302489792862,3.731203665766058,33.0,41.0,0.5391275551833529,12.721233960811317,27.157639774318376
JPN,all,linear,13.507738272137315,35.0,2012,9.645605909227731,17.344187680827314,1.9911172879308014,28.0,36.0,0.8229539702837836,9.484983121003982,17.634121406283043
KOR,all,linear,20.42949591057493,39.0,2012,15.632603496240993,25.290604606038844,2.528472975677978,35.0,40.0,0.7966336719342149,15.286667961812888,25.716896694723705
MAC,all,linear,19.47202561656445,37.0,2012,17.718159648291902,21.235098399714666,0.910453541374916,36.0,39.0,0.6658838193948154,17.66811413247664,21.33073416059602
MNE,all,linear,-6.83879780485762,14.0,2012,-9.356876568487817,-4.566996469350782,1.2010778451228497,11.0,16.0,0.7065171950602797,-9.179332354652765,-4.622075630853504
MYS,all,linear,10.145728204597788,29.0,2012,5.596963109137377,14.591268438296957,2.3005061665503983,22.0,35.0,0.7714905969051081,5.648627522886164,14.320702174773457
NLD,all,linear,-6.521647945976554,15.0,2012,-12.443712141407858,-0.08430652353685822,3.148973182507953,9.0,19.0,0.6885889124574905,-12.695201685441608,-0.3868859161536784
NOR,all,linear,8.677224444167393,26.0,2012,2.787211356363481,15.098494301975403,3.155132188636213,21.0,35.0,0.46075096214000594,2.2816631987033165,14.983956833822631
POL,all,linear,-38.195770018616486,1.0,2012,-44.55191090409899,-31.594104542960554,3.3047146379986616,1.0,2.0,0.656664331264328,-44.55072134812952,-32.198906930269935
PRT,all,linear,7.5906624627838255,24.0,2012,2.2669483142382076,13.067369171380685,2.793624843931884,20.0,33.0,0.7047808399914693,2.3066296966424247,12.722154243899002
RUS,all,linear,9.0601035913773,27.0,2012,4.222617291672295,14.257845818843052,2.507749568622859,21.0,34.0,0.7060255865117457,4.148790834834509,13.708230410358734
SGP,all,linear,8.610776713009386,25.0,2012,6.78354601424318,10.65285343559852,0.9824862716103941,23.0,30.0,0.8544961347535115,6.708933937713584,10.684517401588492
SRB,all,linear,27.594985140716403,41.0,2012,22.364134066776593,32.4008662833569,2.526595943497136,39.0,41.0,0.6845819534484877,22.813530053152164,32.375756202153745
SVK,all,linear,12.422149156571152,33.0,2012,7.60957742961556,17.241438610977994,2.4623593380093216,24.0,36.0,0.7629775894792499,7.6362657319188,17.094972021847635
SVN,all,linear,-21.722520594677636,5.0,2012,-24.410006519573304,-19.14990291601411,1.3240321342235288,4.0,6.0,0.6151314790399893,-24.24845876685952,-19.22795002916919
SWE,all,linear,9.72259055968118,28.0,2012,4.125738346527297,15.529787208930433,2.8949386697906396,21.0,35.0,0.47290579616562145,4.227390401568774,15.074485624846922
TUR,all,linear,-6.883781514721363,13.0,2012,-10.99240650687593,-2.5866002977006946,2.114797052881911,10.0,17.0,0.8660559335523342,-11.048918358570573,-2.853266789950049
TWN,all,linear,0.6352180141223016,20.0,2012,-3.087282621753741,4.4798945879351715,1.8827621805693826,17.0,21.0,0.7713646136696538,-3.0865636425875067,4.391741825400387
URY,all,linear,-8.358615863677414,12.0,2012,-13.846247914976768,-3.154528195434091,2.741185922376161,8.0,17.0,0.6096963256118026,-13.879796415696092,-3.2147803524264003
USA,all,linear,17.051111622988742,36.0,2012,12.151875118645513,21.876560396817244,2.4715342091890635,32.0,39.0,0.7734506501087541,11.799078714824072,21.821045191409524
ARE,all,quadratic,-28.68053266176452,3.0,2012,-32.38428145885068,-24.99804279883136,1.8945025218115277,3.0,4.0,0.7309621364103465,-32.51478545272835,-25.022651290831675
AUS,all,quadratic,12.581433438421357,32.0,2012,9.715282730698977,15.519772639177942,1.5099464934054152,27.0,35.0,0.6783330936933935,9.602068658668516,15.57601274193926
AUT,all,quadratic,8.72632208851877,25.0,2012,3.6521269251076136,13.649614588189499,2.644441778403106,22.0,33.0,0.6659943868998912,3.5032134930352283,13.862917304125672
BEL,all,quadratic,0.6085953150325167,19.0,2012,-3.842318805040955,5.065424484169095,2.242054744588334,16.0,23.0,0.5887113126359378,-3.5175833268616272,4.90481615482388
BGR,all,quadratic,-37.32165003006901,2.0,2012,-43.15800926310839,-31.465619663858835,3.032207560230466,1.0,2.0,0.8024654760269928,-43.02181810032408,-31.66210396559368
BRA,all,quadratic,19.153715505472007,39.0,2012,13.451879532894488,24.818080593641067,2.868418399460211,33.0,40.0,0.6952621738959568,13.470361189625285,24.558028297640963
CAN,all,quadratic,4.70818559106192,23.0,2012,1.0820838560338017,8.333526393291107,1.8672793718382574,20.0,26.0,0.6530184361766029,1.252682000345746,8.622462799646458
CHL,all,quadratic,12.62243111147194,33.0,2012,7.801828970112304,17.51881343055785,2.515710733203121,25.0,36.0,0.7126342622536006,7.755640832965307,17.28993116476116
COL,all,quadratic,1.3338979652929766,20.0,2012,-3.3516454797869413,6.516233217655327,2.519496179948645,17.0,24.0,0.6099909584363707,-3.594724855661829,6.068333257682446
CZE,all,quadratic,11.610573620035098,30.0,2012,7.080907326685103,15.89276959862112,2.255838270346316,24.0,35.0,0.7251918163365364,7.364689191478713,16.19792308450629
DEU,all,quadratic,-4.653891052075835,17.0,2012,-10.194413251432895,0.9543358787954912,2.779788031060419,11.0,20.0,0.6601657623288386,-9.8332012697589,0.7972003798813094
DNK,all,quadratic,1.643087965898303,21.0,2012,-3.4308503518619515,6.72449859154246,2.5786540805506823,17.0,24.0,0.5625202267204115,-3.4998721474652044,6.588262504272429
ESP,all,quadratic,-7.97500788530499,13.0,2012,-14.992993712636366,-0.7143630378571144,3.724171585798674,8.0,18.0,0.4428649620917213,-15.265368194571558,-1.1049922267059713
EST,all,quadratic,-10.261196629028063,11.0,2012,-13.770982255714728,-6.2573423363151415,1.8820145974650748,8.0,15.0,0.6718403480467904,-13.82310693472077,-6.428159042500319
FIN,all,quadratic,-6.068983722393227,15.0,2012,-9.983940402122482,-1.9565996183983847,2.0749000172374186,11.0,18.0,0.5961893369049422,-10.091541815556662,-2.0621279466044427
FRA,all,quadratic,13.855086104540362,34.0,2012,8.001460801631772,19.560712681761242,2.996153783415467,25.0,38.0,0.5258025031206077,8.129758732016853,19.70322966053169
HKG,all,quadratic,-16.70652602954567,7.0,2012,-21.07699899726735,-11.968991859952693,2.324114978035398,5.0,10.0,0.7664444729463921,-21.080084449268018,-12.177101841569144
HRV,all,quadratic,-12.989537025002278,9.0,2012,-17.549364559072842,-8.591273772418104,2.291733162664749,6.0,13.0,0.8069166320490114,-17.53615595647491,-8.566436917662445
HUN,all,quadratic,-24.50561024811242,4.0,2012,-29.359409769693418,-19.738387700708,2.460689932313439,3.0,5.0,0.780083360864954,-29.63957419328221,-19.40043032928938
IRL,all,quadratic,-15.462246917489152,8.0,2012,-21.009790185444004,-9.822001636887473,2.799849124830189,5.0,11.0,0.5507176386099152,-20.76387672709167,-10.253050251647275
ISR,all,quadratic,-17.02573447528198,6.0,2012,-21.67787134857407,-12.468350426079121,2.3653490247555085,5.0,10.0,0.893838148748142,-22.032997182881125,-12.598570034106531
ITA,all,quadratic,21.813356545858998,40.0,2012,14.5047605199701,29.175987053152355,3.7488435325146936,34.0,41.0,0.5391275551833529,14.775362007598314,29.07128917619691
JPN,all,quadratic,10.968831393258142,28.0,2012,6.518437995812542,15.789192920248542,2.3506732323549766,24.0,35.0,0.8229539702837836,6.443373797368048,15.501389021837351
KOR,all,quadratic,17.599828074461698,36.0,2012,12.29719337395062,23.1849949678618,2.7538326670013134,31.0,40.0,0.7966336719342149,12.37783776506171,23.244109671142738
MAC,all,quadratic,19.08527988603805,38.0,2012,17.254258568470895,20.898294402752533,0.9219827118962773,36.0,40.0,0.6658838193948154,17.34476654724466,20.96289097388881
MNE,all,quadratic,-8.777897260006284,12.0,2012,-11.226167205047515,-6.327785604045966,1.2696953183756687,10.0,15.0,0.7065171950602797,-11.26735423706582,-6.310465558378868
MYS,all,quadratic,8.047863819706947,24.0,2012,3.5659643681397553,12.341628381103089,2.2193268596090827,22.0,31.0,0.7714905969051081,3.613552739265198,12.183839060392753
NLD,all,quadratic,-6.537973202346223,14.0,2012,-12.753641338206922,-0.3543752698970977,3.178824456837368,9.0,19.0,0.6885889124574905,-12.216158639385451,-0.0985035408890724
NOR,all,quadratic,10.237442163237349,27.0,2012,3.7548731963161304,16.583345177740657,3.2569021885338842,22.0,36.0,0.46075096214000594,3.7538914538435946,16.102932247865258
POL,all,quadratic,-38.37880125310994,1.0,2012,-44.85185224132053,-31.841538091309822,3.3471046427483735,1.0,2.0,0.656664331264328,-44.35160627230527,-31.909739233779863
PRT,all,quadratic,9.43853010451602,26.0,2012,3.9631054168240025,14.846699065817672,2.791870157746816,22.0,34.0,0.7047808399914693,4.038153082743742,14.737860174880494
RUS,all,quadratic,11.048815012526006,29.0,2012,6.208925707602935,15.590020405292165,2.4507769706762326,24.0,35.0,0.7060255865117457,6.326145884020657,15.82911771376731
SGP,all,quadratic,3.681045393755881,22.0,2012,0.8744569657427149,6.677746896997554,1.4640388039958636,19.0,24.0,0.8544961347535115,0.8450450137994437,6.792427087387958
SRB,all,quadratic,28.768100328625792,41.0,2012,23.79772848750568,33.445157733564066,2.4376974655670716,40.0,41.0,0.6845819534484877,23.994096651959136,33.30675506180067
SVK,all,quadratic,14.442497176742847,35.0,2012,9.376476241312293,19.224232815553712,2.475714015373912,27.0,38.0,0.7629775894792499,9.386119859031174,19.01932394829035
SVN,all,quadratic,-20.30206827729154,5.0,2012,-22.998344567053532,-17.81357854821129,1.3287310943935564,4.0,7.0,0.6151314790399893,-22.935091882970365,-17.588680293483336
SWE,all,quadratic,11.698015509565607,31.0,2012,6.032077256741917,17.228118773245303,2.8748955623518833,24.0,36.0,0.47290579616562145,5.561416403304577,17.41160634974381
TUR,all,quadratic,-5.024063006297581,16.0,2012,-9.284202357501162,-1.0077998779403692,2.123171253971925,12.0,18.0,0.8660559335523342,-9.304494014873814,-1.1697304749648836
TWN,all,quadratic,-1.234984302568364,18.0,2012,-5.216146503136429,3.028854122045607,2.099508908349071,15.0,21.0,0.7713646136696538,-5.0551258605191975,2.6434295136547434
URY,all,quadratic,-10.533292362867885,10.0,2012,-15.560568887675434,-5.574625224087568,2.638140158278214,7.0,15.0,0.6096963256118026,-15.49445916257208,-5.60832497941738
USA,all,quadratic,18.767062226450435,37.0,2012,13.889161399969906,23.796821295417775,2.533977252422877,33.0,40.0,0.7734506501087541,13.326145068271137,23.765369747445195
AUS,oecd,linear,12.29713477086517,24.0,2012,9.351360381280575,15.076208003623238,1.4599959842050287,19.0,25.0,0.6783330936933935,9.519086776445484,15.130211193340973
AUT,oecd,linear,7.113454605829361,17.0,2012,2.0953582468971392,12.224642783632083,2.5982901830676552,14.0,23.0,0.6659943868998912,1.8883308214851997,12.315354709207565
BEL,oecd,linear,-0.0492339509527255,13.0,2012,-4.004008021925657,4.144573394430962,2.0238887158261303,10.0,15.0,0.5887113126359378,-3.876879922984179,3.914972400140756
CAN,oecd,linear,5.71299431340492,15.0,2012,2.241348467038654,9.28159538083689,1.8047340827475586,14.0,20.0,0.6530184361766029,2.0465228102236552,9.455366068848786
CHL,oecd,linear,9.224158159066748,20.0,2012,4.444847751573192,14.124737683967485,2.456089527119456,15.0,24.0,0.7126342622536006,4.460451843994861,14.139884019558242
COL,oecd,linear,1.704844108200632,14.0,2012,-2.8472913488391782,6.061633796593169,2.2904905459200817,11.0,17.0,0.6099909584363707,-3.153988023897904,5.93565756389742
CZE,oecd,linear,9.972629630065512,21.0,2012,5.752887105953372,14.39847696555849,2.1712624724388685,16.0,25.0,0.7251918163365364,5.564822194061032,14.195154914591368
DEU,oecd,linear,-4.6103449408015535,10.0,2012,-9.773404841997625,0.43760678996325447,2.6079943581678027,7.0,13.0,0.6601657623288386,-9.924188794701768,0.5932160214270916
DNK,oecd,linear,-0.1669924871849843,12.0,2012,-5.227287226087301,4.7747072994049695,2.4798404096496536,10.0,15.0,0.5625202267204115,-5.121904914413406,4.5882630538429074
ESP,oecd,linear,-10.624299932258907,6.0,2012,-17.76576730887355,-3.8007034936262647,3.607075135889583,5.0,11.0,0.4428649620917213,-17.83507833027111,-3.476305531262582
EST,oecd,linear,-8.687517713191482,8.0,2012,-12.23995139146544,-4.810910916390183,1.9007533361763405,6.0,10.0,0.6718403480467904,-12.236582680308176,-4.912221735593954
FIN,oecd,linear,-3.981268439362566,11.0,2012,-7.685760763353201,-0.08175112380163091,1.9428818866776953,8.0,13.0,0.5961893369049422,-7.603556424281689,-0.2209237111377466
FRA,oecd,linear,12.194587565882273,23.0,2012,6.347274416966359,18.05747249598052,2.989783140114976,16.0,27.0,0.5258025031206077,6.313510022054847,17.624919915367812
HUN,oecd,linear,-27.236158062317717,2.0,2012,-32.278281034127424,-22.363750297208576,2.476529200605933,2.0,3.0,0.780083360864954,-32.2721738224377,-22.59492210964815
IRL,oecd,linear,-15.360911680274342,5.0,2012,-20.513178786854287,-10.116146071620683,2.61823757049652,4.0,7.0,0.5507176386099152,-20.3123287963274,-10.231314554712492
ISR,oecd,linear,-20.42538315903812,4.0,2012,-25.34991231816891,-15.513742007148903,2.43767165323888,2.0,5.0,0.893838148748142,-25.302398646650342,-15.878240345420275
ITA,oecd,linear,19.381079459081548,27.0,2012,12.11777571553258,26.759927085172713,3.698996703456369,23.0,28.0,0.5391275551833529,12.423017350762874,26.381959443074575
JPN,oecd,linear,14.92491435124066,25.0,2012,11.130768039862772,19.068221165637404,2.0010452442042794,22.0,27.0,0.8229539702837836,11.231576187718446,18.981699206594723
KOR,oecd,linear,21.932887232757366,28.0,2012,16.960092243400133,27.111235785164954,2.576963654246691,26.0,28.0,0.7966336719342149,17.10676228771076,27.10581802648825
NLD,oecd,linear,-6.014685405167199,9.0,2012,-12.057365299622635,-0.002281697144107637,3.0343179355415666,6.0,13.0,0.6885889124574905,-12.04357595949559,-0.2727519061533476
NOR,oecd,linear,8.225090653677114,18.0,2012,1.9897442400374146,14.473366318755208,3.147675809432693,14.0,25.0,0.46075096214000594,2.211431871160613,14.306651417972594
POL,oecd,linear,-37.6152620576612,1.0,2012,-43.58887006905561,-31.290813215248168,3.2151352325318032,1.0,1.0,0.656664331264328,-44.00877359599969,-31.208075818877425
PRT,oecd,linear,6.8057921456202735,16.0,2012,1.4512820449914798,12.11290043160236,2.747378369633575,14.0,23.0,0.7047808399914693,1.5214544182907943,12.304200798503585
SVK,oecd,linear,10.957586036470444,22.0,2012,6.3017617985336525,15.696493179070968,2.3724527153001396,16.0,25.0,0.7629775894792499,6.2257575811684855,15.45844699055614
SVN,oecd,linear,-22.05196972114584,3.0,2012,-24.517846774921367,-19.655264903742335,1.2807454300959282,2.0,4.0,0.6151314790399893,-24.617286521743832,-19.620840014534853
SWE,oecd,linear,8.68960563502253,19.0,2012,3.3476672470607727,14.158536847843937,2.8067830599620796,14.0,25.0,0.47290579616562145,3.156396702944164,14.530542291084712
TUR,oecd,linear,-8.75085875546722,7.0,2012,-12.907955615399741,-4.652945569097146,2.1073486094243563,6.0,10.0,0.8660559335523342,-12.991794846333082,-4.59772776797944
USA,oecd,linear,16.438127637639127,26.0,2012,11.647954198611227,21.33160596777832,2.4750324900720138,22.0,28.0,0.7734506501087541,11.368695151772087,20.928157983890102
AUS,oecd,quadratic,12.306731178421956,23.0,2012,9.347750335147225,15.146394995365434,1.5184610643636918,18.975,25.0,0.6783330936933935,9.438527826884778,15.372782485832902
AUT,oecd,quadratic,7.937765492914707,16.0,2012,2.8872309838131853,12.955068205793951,2.5910788590842913,15.0,24.0,0.6659943868998912,2.6347745452456564,12.981174516654535
BEL,oecd,quadratic,0.2013724473902698,13.0,2012,-4.090845759699893,4.359955607630833,2.173442046128547,11.0,15.0,0.5887113126359378,-3.796006848031594,4.641468298096322
CAN,oecd,quadratic,4.842386333404875,15.0,2012,1.2012243376929945,8.524445811124265,1.897071971792655,14.0,18.0,0.6530184361766029,1.3948616088592274,8.7085365465302
CHL,oecd,quadratic,9.0919277716103,18.0,2012,3.9757449482905587,13.853846289749423,2.5723191646815957,15.0,24.0,0.7126342622536006,3.950308597746103,13.69892122603382
COL,oecd,quadratic,-4.098135950065228,12.0,2012,-6.81164011283793,-1.5322769244551628,1.31573948986952,9.0,13.0,0.6099909584363707,-6.633229306996649,-1.479205213205351
CZE,oecd,quadratic,10.810949216534992,21.0,2012,6.1501916529010785,15.176541259246566,2.264359161190895,16.0,25.0,0.7251918163365364,6.573220539376021,15.05894546968024
DEU,oecd,quadratic,-4.818137239169289,11.0,2012,-9.758138556473458,0.8471414053944427,2.6644390374227678,7.0,14.0,0.6601657623288386,-10.26204991333746,0.395012841527443
DNK,oecd,quadratic,0.7656395402289036,14.0,2012,-4.15054923093611,5.75495220594591,2.5072282183592662,11.0,16.0,0.5625202267204115,-4.328879888500474,5.453131123231179
ESP,oecd,quadratic,-9.29449484219515,7.0,2012,-16.039484813648382,-2.5576235719737532,3.5021810626713896,5.0,12.0,0.4428649620917213,-16.364389929130823,-2.3146169473867566
EST,oecd,quadratic,-9.964795160761696,6.0,2012,-13.513390304516829,-6.111966092443428,1.912083524850357,5.0,10.0,0.6718403480467904,-13.498055003484598,-6.147354206904996
FIN,oecd,quadratic,-5.633485874594612,10.0,2012,-9.472302339591668,-1.5470446448967334,2.0458767912762217,7.0,13.0,0.5961893369049422,-9.559154869251095,-1.3567387153525372
FRA,oecd,quadratic,13.045450532901611,25.0,2012,7.423394849570151,18.739280052163664,2.935200047751176,17.0,27.0,0.5258025031206077,7.1332977363356775,18.69890171839522
HUN,oecd,quadratic,-25.8757849513637,2.0,2012,-30.797880884484016,-21.26223327353978,2.47237901053661,2.0,3.0,0.780083360864954,-30.458623401088687,-21.08053582231804
IRL,oecd,quadratic,-15.607532759456433,5.0,2012,-20.605319422410577,-10.321318156416988,2.6785832413329036,4.0,7.0,0.5507176386099152,-20.807840084529165,-10.471192061997693
ISR,oecd,quadratic,-18.928321604142468,4.0,2012,-23.88114457461006,-14.168172493555806,2.441348621159284,3.0,5.0,0.893838148748142,-23.78714441064734,-14.116462616837469
ITA,oecd,quadratic,20.620832860993342,28.0,2012,13.517667853519516,27.68687215677352,3.6245908763377694,24.0,28.0,0.5391275551833529,13.188598216699967,27.459166864305143
JPN,oecd,quadratic,11.863158337174468,22.0,2012,7.227657910354568,16.55662768070694,2.376007876643739,17.0,26.0,0.8229539702837836,7.430254725736961,16.63426812574056
KOR,oecd,quadratic,18.579502891674338,27.0,2012,13.509831634612905,24.210076498912645,2.7453512479978937,24.0,28.0,0.7966336719342149,13.60388194871238,24.2053829694822
NLD,oecd,quadratic,-6.548990636892256,9.0,2012,-12.625128869553535,-0.7162334897519727,3.051231352000244,6.0,13.0,0.6885889124574905,-12.713007476084387,-0.3211045577970425
NOR,oecd,quadratic,9.26398259310173,19.0,2012,2.9546830378340774,15.097383544154445,3.179738474890023,15.0,25.0,0.46075096214000594,2.5356780918431623,15.34260974254355
POL,oecd,quadratic,-38.31637577227912,1.0,2012,-44.63734858126739,-32.00707459255464,3.268549951422649,1.0,1.0,0.656664331264328,-44.39380040344543,-31.83359569846717
PRT,oecd,quadratic,8.129141004094947,17.0,2012,2.7458723420558058,13.156122387785347,2.722537406564551,15.0,24.0,0.7047808399914693,2.682729615382497,13.22670781957225
SVK,oecd,quadratic,12.443639328502854,24.0,2012,7.521023671243159,16.96373391626492,2.4241067221386103,17.0,26.0,0.7629775894792499,7.719110796057556,17.09489021376832
SVN,oecd,quadratic,-21.15193004237142,3.0,2012,-23.74943970848155,-18.463060815319114,1.317725445454831,2.0,4.0,0.6151314790399893,-23.792556277311903,-18.54419537245376
SWE,oecd,quadratic,10.137449468044736,20.0,2012,4.568750961408194,15.687066980290238,2.7652234140218894,15.0,25.024999999999864,0.47290579616562145,4.732359248611585,15.748131863294132
TUR,oecd,quadratic,-7.43328379357763,8.0,2012,-11.63232974796308,-3.3510672500364507,2.0632420264043714,6.0,12.0,0.8660559335523342,-12.17147069210949,-3.662087069602336
USA,oecd,quadratic,17.63133962966907,26.0,2012,12.647772551357328,22.44761382086058,2.5491163346895607,23.0,28.0,0.7734506501087541,12.63095291270166,22.512427340645196
