country,cycle,weighted,n_students,n_item_responses,median_total_time_s,mean_total_time_s,median_per_item_time_s,rapid5_share,rapidNT15_share,omission_rate,notreached_rate,pct_correct,end_decline_pct_correct,end_decline_time_s,source_file,variable_names_used
BEL,2015,True,9651,318345,4088.35400390625,3923.2175707096985,67.91600036621094,0.02127956726884923,0.04328544224131858,0.018221211717412623,0.007851547016762217,0.5712571188468599,not found (item position unavailable),not found (item position unavailable),CY6_MS_CMB_STU_COG.sav; CY6_MS_CMB_STU_QQQ.sav,"n_timing_vars=367; n_scored_vars=380; timing=label~Timing(ms); scored=label~ScoredResponse; codes credit0/1/2,omit9,notreached6(2025:'r'); weight=W_FSTUWT"
BEL,2015,False,9651,318345,4099.0078125,3934.1119886091956,67.91775512695312,0.01955705356463195,0.04100447429185239,0.017560737873786744,0.0074007758877946885,0.5769295193918309,not found (item position unavailable),not found (item position unavailable),CY6_MS_CMB_STU_COG.sav,"n_timing_vars=367; n_scored_vars=380; timing=label~Timing(ms); scored=label~ScoredResponse; codes credit0/1/2,omit9,notreached6(2025:'r'); weight=W_FSTUWT"
BRA,2015,True,23141,632578,4532.53515625,4284.248953684986,82.60800170898438,0.003258731194403394,0.015556773623224293,0.04265062328053456,0.016684872333421984,0.379724169585141,not found (item position unavailable),not found (item position unavailable),CY6_MS_CMB_STU_COG.sav; CY6_MS_CMB_STU_QQQ.sav,"n_timing_vars=367; n_scored_vars=380; timing=label~Timing(ms); scored=label~ScoredResponse; codes credit0/1/2,omit9,notreached6(2025:'r'); weight=W_FSTUWT"
BRA,2015,False,23141,632578,4494.5478515625,4240.29905650684,84.5999984741211,0.002970950704225352,0.014617915828303152,0.043578375446687176,0.014826630075658653,0.3742041235418369,not found (item position unavailable),not found (item position unavailable),CY6_MS_CMB_STU_COG.sav,"n_timing_vars=367; n_scored_vars=380; timing=label~Timing(ms); scored=label~ScoredResponse; codes credit0/1/2,omit9,notreached6(2025:'r'); weight=W_FSTUWT"
CHE,2015,True,5860,220471,4544.06591796875,4428.10689972064,66.04000091552734,0.03902547560084015,0.06390808807576853,0.017921489900135302,0.007921900020838174,0.5851926356405318,not found (item position unavailable),not found (item position unavailable),CY6_MS_CMB_STU_COG.sav; CY6_MS_CMB_STU_QQQ.sav,"n_timing_vars=367; n_scored_vars=380; timing=label~Timing(ms); scored=label~ScoredResponse; codes credit0/1/2,omit9,notreached6(2025:'r'); weight=W_FSTUWT"
CHE,2015,False,5860,220471,4495.37744140625,4401.555915415897,65.145751953125,0.039585037936541966,0.0650642641699702,0.018826048955049034,0.008817486199999093,0.5776375499619892,not found (item position unavailable),not found (item position unavailable),CY6_MS_CMB_STU_COG.sav,"n_timing_vars=367; n_scored_vars=380; timing=label~Timing(ms); scored=label~ScoredResponse; codes credit0/1/2,omit9,notreached6(2025:'r'); weight=W_FSTUWT"
COL,2015,True,11795,378989,4907.4189453125,4680.125919322926,78.927001953125,0.04147479549032118,0.06653094602491907,0.02276570905934445,0.01897081079465825,0.39823530389091527,not found (item position unavailable),not found (item position unavailable),CY6_MS_CMB_STU_COG.sav; CY6_MS_CMB_STU_QQQ.sav,"n_timing_vars=367; n_scored_vars=380; timing=label~Timing(ms); scored=label~ScoredResponse; codes credit0/1/2,omit9,notreached6(2025:'r'); weight=W_FSTUWT"
COL,2015,False,11795,378989,4776.72900390625,4573.7127982291595,77.19325256347656,0.04005952557282037,0.0649118007357054,0.02066791845493562,0.01633028926960941,0.4118106246319451,not found (item position unavailable),not found (item position unavailable),CY6_MS_CMB_STU_COG.sav,"n_timing_vars=367; n_scored_vars=380; timing=label~Timing(ms); scored=label~ScoredResponse; codes credit0/1/2,omit9,notreached6(2025:'r'); weight=W_FSTUWT"
DEU,2015,True,6504,216027,3946.44189453125,3824.3063931560278,65.10649871826172,0.027382882954983107,0.049612818621390296,0.01789513772509097,0.007979952303808427,0.5910274720133787,not found (item position unavailable),not found (item position unavailable),CY6_MS_CMB_STU_COG.sav; CY6_MS_CMB_STU_QQQ.sav,"n_timing_vars=367; n_scored_vars=380; timing=label~Timing(ms); scored=label~ScoredResponse; codes credit0/1/2,omit9,notreached6(2025:'r'); weight=W_FSTUWT"
DEU,2015,False,6504,216027,3952.449462890625,3835.537795201732,65.11024475097656,0.026823560167059834,0.04827244944323762,0.01740318864104932,0.007596272688136205,0.5966627898696921,not found (item position unavailable),not found (item position unavailable),CY6_MS_CMB_STU_COG.sav,"n_timing_vars=367; n_scored_vars=380; timing=label~Timing(ms); scored=label~ScoredResponse; codes credit0/1/2,omit9,notreached6(2025:'r'); weight=W_FSTUWT"
EST,2015,True,5587,187603,4166.80810546875,4027.2196124330353,67.5270004272461,0.024261602998502652,0.04051108276519343,0.008992330507342425,0.004208420075487155,0.6116359466461752,not found (item position unavailable),not found (item position unavailable),CY6_MS_CMB_STU_COG.sav; CY6_MS_CMB_STU_QQQ.sav,"n_timing_vars=367; n_scored_vars=380; timing=label~Timing(ms); scored=label~ScoredResponse; codes credit0/1/2,omit9,notreached6(2025:'r'); weight=W_FSTUWT"
EST,2015,False,5587,187603,4175.1611328125,4030.572054422241,67.67749786376953,0.024443840981040927,0.040644451273109276,0.00892446062423042,0.004333619398410473,0.614413119925671,not found (item position unavailable),not found (item position unavailable),CY6_MS_CMB_STU_COG.sav,"n_timing_vars=367; n_scored_vars=380; timing=label~Timing(ms); scored=label~ScoredResponse; codes credit0/1/2,omit9,notreached6(2025:'r'); weight=W_FSTUWT"
FRA,2015,True,6108,202985,4164.3388671875,4021.885946371101,66.4209976196289,0.03603209083057163,0.07066030147015426,0.02664688355715608,0.01489345986260333,0.5645387398135173,not found (item position unavailable),not found (item position unavailable),CY6_MS_CMB_STU_COG.sav; CY6_MS_CMB_STU_QQQ.sav,"n_timing_vars=367; n_scored_vars=380; timing=label~Timing(ms); scored=label~ScoredResponse; codes credit0/1/2,omit9,notreached6(2025:'r'); weight=W_FSTUWT"
FRA,2015,False,6108,202985,4203.26806640625,4050.302145170482,66.7925033569336,0.035094532111299426,0.06817830286475902,0.025359222330509534,0.014286769958371309,0.5712857223438678,not found (item position unavailable),not found (item position unavailable),CY6_MS_CMB_STU_COG.sav,"n_timing_vars=367; n_scored_vars=380; timing=label~Timing(ms); scored=label~ScoredResponse; codes credit0/1/2,omit9,notreached6(2025:'r'); weight=W_FSTUWT"
GEO,2015,True,5316,154201,,,,,,0.03871083668246849,0.03581432434249538,0.42809180531643337,not found (item position unavailable),not found (item position unavailable),CY6_MS_CMB_STU_COG.sav; CY6_MS_CMB_STU_QQQ.sav,"n_timing_vars=367; n_scored_vars=380; timing=label~Timing(ms); scored=label~ScoredResponse; codes credit0/1/2,omit9,notreached6(2025:'r'); weight=W_FSTUWT"
GEO,2015,False,5316,154201,,,,,,0.03919576349309953,0.03623841609328085,0.432767459450374,not found (item position unavailable),not found (item position unavailable),CY6_MS_CMB_STU_COG.sav,"n_timing_vars=367; n_scored_vars=380; timing=label~Timing(ms); scored=label~ScoredResponse; codes credit0/1/2,omit9,notreached6(2025:'r'); weight=W_FSTUWT"
HUN,2015,True,5658,186613,3968.133056640625,3823.8755684847097,65.59200286865234,0.014781784780762978,0.04193096199839943,0.018258211297183417,0.004024618241551192,0.5321103754885608,not found (item position unavailable),not found (item position unavailable),CY6_MS_CMB_STU_COG.sav; CY6_MS_CMB_STU_QQQ.sav,"n_timing_vars=367; n_scored_vars=380; timing=label~Timing(ms); scored=label~ScoredResponse; codes credit0/1/2,omit9,notreached6(2025:'r'); weight=W_FSTUWT"
HUN,2015,False,5658,186613,4004.176025390625,3849.4028532327084,66.11149597167969,0.014637043992942918,0.03991306698537363,0.016787924739335474,0.003461709527203357,0.5472339960075474,not found (item position unavailable),not found (item position unavailable),CY6_MS_CMB_STU_COG.sav,"n_timing_vars=367; n_scored_vars=380; timing=label~Timing(ms); scored=label~ScoredResponse; codes credit0/1/2,omit9,notreached6(2025:'r'); weight=W_FSTUWT"
ISL,2015,True,3371,111880,3646.8349609375,3622.839854399812,60.528499603271484,0.04138158289991153,0.07375420490578108,0.02206082942526986,0.009320923745553225,0.5301860314112433,not found (item position unavailable),not found (item position unavailable),CY6_MS_CMB_STU_COG.sav; CY6_MS_CMB_STU_QQQ.sav,"n_timing_vars=367; n_scored_vars=380; timing=label~Timing(ms); scored=label~ScoredResponse; codes credit0/1/2,omit9,notreached6(2025:'r'); weight=W_FSTUWT"
ISL,2015,False,3371,111880,3650.55908203125,3629.002303929994,60.54199981689453,0.041349494417967744,0.07338264576967464,0.02172559704791721,0.009322488380407579,0.530937295373009,not found (item position unavailable),not found (item position unavailable),CY6_MS_CMB_STU_COG.sav,"n_timing_vars=367; n_scored_vars=380; timing=label~Timing(ms); scored=label~ScoredResponse; codes credit0/1/2,omit9,notreached6(2025:'r'); weight=W_FSTUWT"
JPN,2015,True,6647,220382,4195.2041015625,4019.228556414299,58.0989990234375,0.0339865200322069,0.06047049667539809,0.013594518316028549,0.004415811869349553,0.6300403139806484,not found (item position unavailable),not found (item position unavailable),CY6_MS_CMB_STU_COG.sav; CY6_MS_CMB_STU_QQQ.sav,"n_timing_vars=367; n_scored_vars=380; timing=label~Timing(ms); scored=label~ScoredResponse; codes credit0/1/2,omit9,notreached6(2025:'r'); weight=W_FSTUWT"
JPN,2015,False,6647,220382,4195.748046875,4019.471567869294,58.11650085449219,0.03412417146451207,0.06073104649475059,0.013684268105900371,0.004564801118058644,0.6309491898287225,not found (item position unavailable),not found (item position unavailable),CY6_MS_CMB_STU_COG.sav,"n_timing_vars=367; n_scored_vars=380; timing=label~Timing(ms); scored=label~ScoredResponse; codes credit0/1/2,omit9,notreached6(2025:'r'); weight=W_FSTUWT"
LTU,2015,True,6525,219764,3856.010986328125,3760.7853716835893,62.28200149536133,0.022975420788340528,0.0476385108569866,0.01556219691920842,0.004815332592551404,0.5203397277508982,not found (item position unavailable),not found (item position unavailable),CY6_MS_CMB_STU_COG.sav; CY6_MS_CMB_STU_QQQ.sav,"n_timing_vars=367; n_scored_vars=380; timing=label~Timing(ms); scored=label~ScoredResponse; codes credit0/1/2,omit9,notreached6(2025:'r'); weight=W_FSTUWT"
LTU,2015,False,6525,219764,3882.114501953125,3792.4633679639996,62.81399917602539,0.022518668801407953,0.04725559452952176,0.016848101902441032,0.004755100926448372,0.508282411153585,not found (item position unavailable),not found (item position unavailable),CY6_MS_CMB_STU_COG.sav,"n_timing_vars=367; n_scored_vars=380; timing=label~Timing(ms); scored=label~ScoredResponse; codes credit0/1/2,omit9,notreached6(2025:'r'); weight=W_FSTUWT"
LVA,2015,True,4869,162931,4202.77685546875,4083.611774723199,68.13300323486328,0.020836569238615987,0.03920524599382358,0.01115767685894199,0.0021587281089692333,0.5388242522711234,not found (item position unavailable),not found (item position unavailable),CY6_MS_CMB_STU_COG.sav; CY6_MS_CMB_STU_QQQ.sav,"n_timing_vars=367; n_scored_vars=380; timing=label~Timing(ms); scored=label~ScoredResponse; codes credit0/1/2,omit9,notreached6(2025:'r'); weight=W_FSTUWT"
LVA,2015,False,4869,162931,4175.365234375,4068.022860025816,67.86100006103516,0.020629607573361807,0.03866767973386451,0.011096280531686525,0.002172698872528862,0.5414777356894503,not found (item position unavailable),not found (item position unavailable),CY6_MS_CMB_STU_COG.sav,"n_timing_vars=367; n_scored_vars=380; timing=label~Timing(ms); scored=label~ScoredResponse; codes credit0/1/2,omit9,notreached6(2025:'r'); weight=W_FSTUWT"
MEX,2015,True,7568,235277,4727.87890625,4504.428971374577,78.61650085449219,0.02713207564991962,0.045659174966291495,0.018455803591198753,0.008216536934570176,0.40448202587363474,not found (item position unavailable),not found (item position unavailable),CY6_MS_CMB_STU_COG.sav; CY6_MS_CMB_STU_QQQ.sav,"n_timing_vars=367; n_scored_vars=380; timing=label~Timing(ms); scored=label~ScoredResponse; codes credit0/1/2,omit9,notreached6(2025:'r'); weight=W_FSTUWT"
MEX,2015,False,7568,235277,4705.8662109375,4484.288550932099,78.06600189208984,0.02631111161272301,0.04414623617079509,0.017279532934695606,0.007004509578071805,0.4135640614655563,not found (item position unavailable),not found (item position unavailable),CY6_MS_CMB_STU_COG.sav,"n_timing_vars=367; n_scored_vars=380; timing=label~Timing(ms); scored=label~ScoredResponse; codes credit0/1/2,omit9,notreached6(2025:'r'); weight=W_FSTUWT"
POL,2015,True,4478,169706,4588.18896484375,4520.248249305441,66.447998046875,0.04403415874577649,0.06589185469915201,0.01350993309099298,0.003221950937693742,0.5724686196338313,not found (item position unavailable),not found (item position unavailable),CY6_MS_CMB_STU_COG.sav; CY6_MS_CMB_STU_QQQ.sav,"n_timing_vars=367; n_scored_vars=380; timing=label~Timing(ms); scored=label~ScoredResponse; codes credit0/1/2,omit9,notreached6(2025:'r'); weight=W_FSTUWT"
POL,2015,False,4478,169706,4592.62109375,4524.061704443948,66.53074645996094,0.04392823744823305,0.06568018042796633,0.013532687737221098,0.0032998244022014542,0.5742641902946835,not found (item position unavailable),not found (item position unavailable),CY6_MS_CMB_STU_COG.sav,"n_timing_vars=367; n_scored_vars=380; timing=label~Timing(ms); scored=label~ScoredResponse; codes credit0/1/2,omit9,notreached6(2025:'r'); weight=W_FSTUWT"
PRT,2015,True,7325,239718,4444.67578125,4193.374937810815,69.99800109863281,0.012554855328621052,0.03153883285662858,0.015102871017032605,0.005598104511620353,0.5612214645770354,not found (item position unavailable),not found (item position unavailable),CY6_MS_CMB_STU_COG.sav; CY6_MS_CMB_STU_QQQ.sav,"n_timing_vars=367; n_scored_vars=380; timing=label~Timing(ms); scored=label~ScoredResponse; codes credit0/1/2,omit9,notreached6(2025:'r'); weight=W_FSTUWT"
PRT,2015,False,7325,239718,4366.56787109375,4150.337471211459,69.08200073242188,0.01148515626747802,0.031138839795073717,0.016209936502344466,0.005356293645032914,0.5375475872770912,not found (item position unavailable),not found (item position unavailable),CY6_MS_CMB_STU_COG.sav,"n_timing_vars=367; n_scored_vars=380; timing=label~Timing(ms); scored=label~ScoredResponse; codes credit0/1/2,omit9,notreached6(2025:'r'); weight=W_FSTUWT"
TUR,2015,True,5895,199332,3984.548095703125,3981.3087497911615,62.21200180053711,0.04984796911733529,0.08377903118119377,0.021509752555765187,0.004686104891881608,0.4169931571665644,not found (item position unavailable),not found (item position unavailable),CY6_MS_CMB_STU_COG.sav; CY6_MS_CMB_STU_QQQ.sav,"n_timing_vars=367; n_scored_vars=380; timing=label~Timing(ms); scored=label~ScoredResponse; codes credit0/1/2,omit9,notreached6(2025:'r'); weight=W_FSTUWT"
TUR,2015,False,5895,199332,3957.68310546875,3962.031831582185,61.9370002746582,0.049937847188301125,0.08492196369197808,0.022130474015597194,0.004831135994220697,0.4088483804947958,not found (item position unavailable),not found (item position unavailable),CY6_MS_CMB_STU_COG.sav,"n_timing_vars=367; n_scored_vars=380; timing=label~Timing(ms); scored=label~ScoredResponse; codes credit0/1/2,omit9,notreached6(2025:'r'); weight=W_FSTUWT"
BEL,2018,True,8475,645222,4990.60009765625,4758.842909370909,42.845001220703125,0.21695195375681903,0.057987488448312634,0.013254546270856959,0.03530304874895666,0.721363987158625,not found (item position unavailable),not found (item position unavailable),CY07_MSU_STU_COG.sav; CY07_MSU_STU_QQQ.sav,"n_timing_vars=581; n_scored_vars=734; timing=label~Timing(ms); scored=label~ScoredResponse; codes credit0/1/2,omit9,notreached6(2025:'r'); weight=W_FSTUWT"
BEL,2018,False,8475,645222,5001.9150390625,4783.927627032344,42.79600143432617,0.2176387818450508,0.057003259632177734,0.012792482149278266,0.03452765094804579,0.7242131793975365,not found (item position unavailable),not found (item position unavailable),CY07_MSU_STU_COG.sav,"n_timing_vars=581; n_scored_vars=734; timing=label~Timing(ms); scored=label~ScoredResponse; codes credit0/1/2,omit9,notreached6(2025:'r'); weight=W_FSTUWT"
BRA,2018,True,10691,821241,4938.19921875,4787.011168102979,36.68299865722656,0.22760269902551575,0.10376844862320866,0.03285442250499837,0.0649970149762421,0.6008684205855268,not found (item position unavailable),not found (item position unavailable),CY07_MSU_STU_COG.sav; CY07_MSU_STU_QQQ.sav,"n_timing_vars=581; n_scored_vars=734; timing=label~Timing(ms); scored=label~ScoredResponse; codes credit0/1/2,omit9,notreached6(2025:'r'); weight=W_FSTUWT"
BRA,2018,False,10691,821241,4956.0869140625,4801.82332411072,36.9109992980957,0.22650499772830532,0.10059291231258519,0.03170788544231042,0.06466311350748441,0.60407162861111,not found (item position unavailable),not found (item position unavailable),CY07_MSU_STU_COG.sav,"n_timing_vars=581; n_scored_vars=734; timing=label~Timing(ms); scored=label~ScoredResponse; codes credit0/1/2,omit9,notreached6(2025:'r'); weight=W_FSTUWT"
CHE,2018,True,5822,454700,4985.56494140625,4754.067469087169,41.537498474121094,0.2108396032513031,0.06503735814872866,0.013368400886475756,0.03123786493002725,0.7120980777990685,not found (item position unavailable),not found (item position unavailable),CY07_MSU_STU_COG.sav; CY07_MSU_STU_QQQ.sav,"n_timing_vars=581; n_scored_vars=734; timing=label~Timing(ms); scored=label~ScoredResponse; codes credit0/1/2,omit9,notreached6(2025:'r'); weight=W_FSTUWT"
CHE,2018,False,5822,454700,4991.65380859375,4765.834675801001,41.49800109863281,0.21147756066782178,0.06434244393922701,0.013249844480063933,0.03132175060479437,0.7118898721187606,not found (item position unavailable),not found (item position unavailable),CY07_MSU_STU_COG.sav,"n_timing_vars=581; n_scored_vars=734; timing=label~Timing(ms); scored=label~ScoredResponse; codes credit0/1/2,omit9,notreached6(2025:'r'); weight=W_FSTUWT"
COL,2018,True,7522,701773,5479.748046875,5400.257749690822,42.86399841308594,0.19727382419991604,0.0805681138039974,0.0214447385299234,0.0661328094297194,0.5978895484355476,not found (item position unavailable),not found (item position unavailable),CY07_MSU_STU_COG.sav; CY07_MSU_STU_QQQ.sav,"n_timing_vars=581; n_scored_vars=734; timing=label~Timing(ms); scored=label~ScoredResponse; codes credit0/1/2,omit9,notreached6(2025:'r'); weight=W_FSTUWT"
COL,2018,False,7522,701773,5471.7021484375,5386.000029515472,42.83700180053711,0.20133758578573013,0.07903688825442244,0.01928665785997358,0.06153414280686205,0.6109155147641696,not found (item position unavailable),not found (item position unavailable),CY07_MSU_STU_COG.sav,"n_timing_vars=581; n_scored_vars=734; timing=label~Timing(ms); scored=label~ScoredResponse; codes credit0/1/2,omit9,notreached6(2025:'r'); weight=W_FSTUWT"
DEU,2018,True,5451,421918,4943.51904296875,4745.617843074903,41.279998779296875,0.21334761973143423,0.057783983631248384,0.016397209386229076,0.032979908406280734,0.7300829298375321,not found (item position unavailable),not found (item position unavailable),CY07_MSU_STU_COG.sav; CY07_MSU_STU_QQQ.sav,"n_timing_vars=581; n_scored_vars=734; timing=label~Timing(ms); scored=label~ScoredResponse; codes credit0/1/2,omit9,notreached6(2025:'r'); weight=W_FSTUWT"
DEU,2018,False,5451,421918,4951.35302734375,4745.901025629682,41.284000396728516,0.21428463678542875,0.05775186030424298,0.016166683404899487,0.03240203072634967,0.7327802772085936,not found (item position unavailable),not found (item position unavailable),CY07_MSU_STU_COG.sav,"n_timing_vars=581; n_scored_vars=734; timing=label~Timing(ms); scored=label~ScoredResponse; codes credit0/1/2,omit9,notreached6(2025:'r'); weight=W_FSTUWT"
EST,2018,True,5316,417216,5105.59814453125,4988.622400583069,44.236000061035156,0.22120305354913208,0.04678720015524977,0.007679842095551728,0.0203454460607813,0.7477313114867618,not found (item position unavailable),not found (item position unavailable),CY07_MSU_STU_COG.sav; CY07_MSU_STU_QQQ.sav,"n_timing_vars=581; n_scored_vars=734; timing=label~Timing(ms); scored=label~ScoredResponse; codes credit0/1/2,omit9,notreached6(2025:'r'); weight=W_FSTUWT"
EST,2018,False,5316,417216,5103.85791015625,4984.697044642372,44.1614990234375,0.22101681275796725,0.04745948237818755,0.0075732743648576585,0.020157424451603005,0.7477015602277489,not found (item position unavailable),not found (item position unavailable),CY07_MSU_STU_COG.sav,"n_timing_vars=581; n_scored_vars=734; timing=label~Timing(ms); scored=label~ScoredResponse; codes credit0/1/2,omit9,notreached6(2025:'r'); weight=W_FSTUWT"
FRA,2018,True,6308,490456,5184.27685546875,4971.73031561831,41.56549835205078,0.21212861953668863,0.063177889457604,0.01760062867516345,0.03819025277191733,0.7170914948581409,not found (item position unavailable),not found (item position unavailable),CY07_MSU_STU_COG.sav; CY07_MSU_STU_QQQ.sav,"n_timing_vars=581; n_scored_vars=734; timing=label~Timing(ms); scored=label~ScoredResponse; codes credit0/1/2,omit9,notreached6(2025:'r'); weight=W_FSTUWT"
FRA,2018,False,6308,490456,5161.08154296875,4938.817362072351,41.31949996948242,0.20992958074896237,0.06706524273655738,0.02031679561490863,0.041797837114848226,0.7070250734131466,not found (item position unavailable),not found (item position unavailable),CY07_MSU_STU_COG.sav,"n_timing_vars=581; n_scored_vars=734; timing=label~Timing(ms); scored=label~ScoredResponse; codes credit0/1/2,omit9,notreached6(2025:'r'); weight=W_FSTUWT"
GEO,2018,True,5572,428313,4495.27783203125,4330.953451301627,31.04800033569336,0.21214669937680283,0.13660936954198602,0.05789437039476981,0.03331263805285163,0.5713875289133907,not found (item position unavailable),not found (item position unavailable),CY07_MSU_STU_COG.sav; CY07_MSU_STU_QQQ.sav,"n_timing_vars=581; n_scored_vars=734; timing=label~Timing(ms); scored=label~ScoredResponse; codes credit0/1/2,omit9,notreached6(2025:'r'); weight=W_FSTUWT"
GEO,2018,False,5572,428313,4459.55078125,4298.368067188907,30.833749771118164,0.21624545930126288,0.1390036829820179,0.058159420289855074,0.03341715054177669,0.5739558168043866,not found (item position unavailable),not found (item position unavailable),CY07_MSU_STU_COG.sav,"n_timing_vars=581; n_scored_vars=734; timing=label~Timing(ms); scored=label~ScoredResponse; codes credit0/1/2,omit9,notreached6(2025:'r'); weight=W_FSTUWT"
HUN,2018,True,5132,401418,4820.376953125,4690.5239519507895,40.7760009765625,0.2208071475121632,0.07345984517945166,0.013589820188502758,0.017954133960097506,0.6942627896337771,not found (item position unavailable),not found (item position unavailable),CY07_MSU_STU_COG.sav; CY07_MSU_STU_QQQ.sav,"n_timing_vars=581; n_scored_vars=734; timing=label~Timing(ms); scored=label~ScoredResponse; codes credit0/1/2,omit9,notreached6(2025:'r'); weight=W_FSTUWT"
HUN,2018,False,5132,401418,4838.7158203125,4712.208682927691,40.9635009765625,0.2225349848988457,0.07250116634931549,0.012491921687892036,0.017047068143431536,0.7031869953752894,not found (item position unavailable),not found (item position unavailable),CY07_MSU_STU_COG.sav,"n_timing_vars=581; n_scored_vars=734; timing=label~Timing(ms); scored=label~ScoredResponse; codes credit0/1/2,omit9,notreached6(2025:'r'); weight=W_FSTUWT"
ISL,2018,True,3296,251497,4903.1767578125,4628.766989605385,41.25699996948242,0.22038035251358695,0.07973005913833302,0.01645174168593106,0.04346125768213638,0.6849839946663127,not found (item position unavailable),not found (item position unavailable),CY07_MSU_STU_COG.sav; CY07_MSU_STU_QQQ.sav,"n_timing_vars=581; n_scored_vars=734; timing=label~Timing(ms); scored=label~ScoredResponse; codes credit0/1/2,omit9,notreached6(2025:'r'); weight=W_FSTUWT"
ISL,2018,False,3296,251497,4900.1416015625,4627.982380394797,41.1614990234375,0.22009700240682664,0.07957114725402961,0.016220034068719098,0.04297069149930218,0.6840649362715701,not found (item position unavailable),not found (item position unavailable),CY07_MSU_STU_COG.sav,"n_timing_vars=581; n_scored_vars=734; timing=label~Timing(ms); scored=label~ScoredResponse; codes credit0/1/2,omit9,notreached6(2025:'r'); weight=W_FSTUWT"
JPN,2018,True,6109,479076,5181.796875,4988.362180742586,37.8120002746582,0.21122359905443927,0.0556696268454681,0.010625937745312713,0.026167473382732266,0.7388385816624085,not found (item position unavailable),not found (item position unavailable),CY07_MSU_STU_COG.sav; CY07_MSU_STU_QQQ.sav,"n_timing_vars=581; n_scored_vars=734; timing=label~Timing(ms); scored=label~ScoredResponse; codes credit0/1/2,omit9,notreached6(2025:'r'); weight=W_FSTUWT"
JPN,2018,False,6109,479076,5178.43798828125,4982.249548870367,37.7864990234375,0.21128344857332323,0.05618543282924151,0.010638753960326,0.026246357571658777,0.7384099718550329,not found (item position unavailable),not found (item position unavailable),CY07_MSU_STU_COG.sav,"n_timing_vars=581; n_scored_vars=734; timing=label~Timing(ms); scored=label~ScoredResponse; codes credit0/1/2,omit9,notreached6(2025:'r'); weight=W_FSTUWT"
KAZ,2018,True,19507,1822541,5293.716796875,5196.383791164232,39.45600128173828,0.21405965046384204,0.10694146716513657,0.0235593746430543,0.04224474650981717,0.5537925427323424,not found (item position unavailable),not found (item position unavailable),CY07_MSU_STU_COG.sav; CY07_MSU_STU_QQQ.sav,"n_timing_vars=581; n_scored_vars=734; timing=label~Timing(ms); scored=label~ScoredResponse; codes credit0/1/2,omit9,notreached6(2025:'r'); weight=W_FSTUWT"
KAZ,2018,False,19507,1822541,5270.93798828125,5169.559012948602,39.78499984741211,0.22025072024414813,0.10714639925723142,0.02007342882570783,0.03577038870456138,0.5808624726492272,not found (item position unavailable),not found (item position unavailable),CY07_MSU_STU_COG.sav,"n_timing_vars=581; n_scored_vars=734; timing=label~Timing(ms); scored=label~ScoredResponse; codes credit0/1/2,omit9,notreached6(2025:'r'); weight=W_FSTUWT"
LTU,2018,True,6885,651800,4847.4619140625,4707.624953306651,41.28900146484375,0.205008536167998,0.05680250309037423,0.010521941961220601,0.017213813942522204,0.6752072911085832,not found (item position unavailable),not found (item position unavailable),CY07_MSU_STU_COG.sav; CY07_MSU_STU_QQQ.sav,"n_timing_vars=581; n_scored_vars=734; timing=label~Timing(ms); scored=label~ScoredResponse; codes credit0/1/2,omit9,notreached6(2025:'r'); weight=W_FSTUWT"
LTU,2018,False,6885,651800,4846.60009765625,4699.470812274653,41.16699981689453,0.2043661365432168,0.05822230213572502,0.010871705744999422,0.01837066584841976,0.6681308957605827,not found (item position unavailable),not found (item position unavailable),CY07_MSU_STU_COG.sav,"n_timing_vars=581; n_scored_vars=734; timing=label~Timing(ms); scored=label~ScoredResponse; codes credit0/1/2,omit9,notreached6(2025:'r'); weight=W_FSTUWT"
LVA,2018,True,5303,497207,5142.91796875,4975.793626958746,44.39550018310547,0.20065907756716087,0.05830195527455411,0.009530653654717095,0.0238057856804259,0.6778056971443959,not found (item position unavailable),not found (item position unavailable),CY07_MSU_STU_COG.sav; CY07_MSU_STU_QQQ.sav,"n_timing_vars=581; n_scored_vars=734; timing=label~Timing(ms); scored=label~ScoredResponse; codes credit0/1/2,omit9,notreached6(2025:'r'); weight=W_FSTUWT"
LVA,2018,False,5303,497207,5119.5859375,4957.484298217618,44.1879997253418,0.20094968028434468,0.05974121534979388,0.009782042008996924,0.02399403065524017,0.674407425134747,not found (item position unavailable),not found (item position unavailable),CY07_MSU_STU_COG.sav,"n_timing_vars=581; n_scored_vars=734; timing=label~Timing(ms); scored=label~ScoredResponse; codes credit0/1/2,omit9,notreached6(2025:'r'); weight=W_FSTUWT"
MEX,2018,True,7299,563954,5199.47314453125,5087.359769484873,44.067501068115234,0.17820300398853264,0.04009725543102481,0.012641704217659226,0.057569610695935476,0.6061003871220482,not found (item position unavailable),not found (item position unavailable),CY07_MSU_STU_COG.sav; CY07_MSU_STU_QQQ.sav,"n_timing_vars=581; n_scored_vars=734; timing=label~Timing(ms); scored=label~ScoredResponse; codes credit0/1/2,omit9,notreached6(2025:'r'); weight=W_FSTUWT"
MEX,2018,False,7299,563954,5200.205078125,5091.908051915292,43.917999267578125,0.18098627773076476,0.03968340883070337,0.01176463986922359,0.051956365235462466,0.6144052479072153,not found (item position unavailable),not found (item position unavailable),CY07_MSU_STU_COG.sav,"n_timing_vars=581; n_scored_vars=734; timing=label~Timing(ms); scored=label~ScoredResponse; codes credit0/1/2,omit9,notreached6(2025:'r'); weight=W_FSTUWT"
POL,2018,True,5625,441591,4986.93505859375,4847.2384696795225,40.737998962402344,0.23087912592879128,0.06924716129641457,0.00953562248913063,0.016971059803330052,0.7335417469135757,not found (item position unavailable),not found (item position unavailable),CY07_MSU_STU_COG.sav; CY07_MSU_STU_QQQ.sav,"n_timing_vars=581; n_scored_vars=734; timing=label~Timing(ms); scored=label~ScoredResponse; codes credit0/1/2,omit9,notreached6(2025:'r'); weight=W_FSTUWT"
POL,2018,False,5625,441591,4986.53076171875,4849.721232385254,40.65399932861328,0.23164069250866653,0.0692650990677768,0.009096811626236392,0.01644734607362922,0.7342190683981719,not found (item position unavailable),not found (item position unavailable),CY07_MSU_STU_COG.sav,"n_timing_vars=581; n_scored_vars=734; timing=label~Timing(ms); scored=label~ScoredResponse; codes credit0/1/2,omit9,notreached6(2025:'r'); weight=W_FSTUWT"
PRT,2018,True,5932,463826,5060.4580078125,4871.778861261238,39.5255012512207,0.23193001488192616,0.06682364508231348,0.012994782306496016,0.033381891216640355,0.7112556677360827,not found (item position unavailable),not found (item position unavailable),CY07_MSU_STU_COG.sav; CY07_MSU_STU_QQQ.sav,"n_timing_vars=581; n_scored_vars=734; timing=label~Timing(ms); scored=label~ScoredResponse; codes credit0/1/2,omit9,notreached6(2025:'r'); weight=W_FSTUWT"
PRT,2018,False,5932,463826,5049.83837890625,4850.190450504995,39.3592529296875,0.23250134476679585,0.06812176323466475,0.012863026153928437,0.03255099972834641,0.7094158336268163,not found (item position unavailable),not found (item position unavailable),CY07_MSU_STU_COG.sav,"n_timing_vars=581; n_scored_vars=734; timing=label~Timing(ms); scored=label~ScoredResponse; codes credit0/1/2,omit9,notreached6(2025:'r'); weight=W_FSTUWT"
SRB,2018,True,6609,624855,4840.98095703125,4658.139201855367,36.93000030517578,0.22860760806547153,0.109054283871253,0.029833909035565084,0.025909296251155567,0.6441266620202842,not found (item position unavailable),not found (item position unavailable),CY07_MSU_STU_COG.sav; CY07_MSU_STU_QQQ.sav,"n_timing_vars=581; n_scored_vars=734; timing=label~Timing(ms); scored=label~ScoredResponse; codes credit0/1/2,omit9,notreached6(2025:'r'); weight=W_FSTUWT"
SRB,2018,False,6609,624855,4848.1220703125,4672.407573931408,37.0265007019043,0.22795759358866055,0.10770556776920823,0.029815127485825783,0.025610741692072562,0.6446701281024684,not found (item position unavailable),not found (item position unavailable),CY07_MSU_STU_COG.sav,"n_timing_vars=581; n_scored_vars=734; timing=label~Timing(ms); scored=label~ScoredResponse; codes credit0/1/2,omit9,notreached6(2025:'r'); weight=W_FSTUWT"
TUR,2018,True,6890,537085,5139.77685546875,5095.519418099999,41.205501556396484,0.24617346487344008,0.10497969787229632,0.011012797943445982,0.026807879697689174,0.6522182337479685,not found (item position unavailable),not found (item position unavailable),CY07_MSU_STU_COG.sav; CY07_MSU_STU_QQQ.sav,"n_timing_vars=581; n_scored_vars=734; timing=label~Timing(ms); scored=label~ScoredResponse; codes credit0/1/2,omit9,notreached6(2025:'r'); weight=W_FSTUWT"
TUR,2018,False,6890,537085,5147.103515625,5121.7010014770685,41.25175094604492,0.24588672571169132,0.104759742767888,0.010949205565160122,0.027489131143115148,0.6508433958830976,not found (item position unavailable),not found (item position unavailable),CY07_MSU_STU_COG.sav,"n_timing_vars=581; n_scored_vars=734; timing=label~Timing(ms); scored=label~ScoredResponse; codes credit0/1/2,omit9,notreached6(2025:'r'); weight=W_FSTUWT"
BEL,2022,True,8286,441692,4709.7509765625,4454.598213145202,60.4119987487793,0.11978409806366778,0.04401887949141258,0.023554837306308255,0.030788236259593114,0.6387875176119517,not found (item position unavailable),not found (item position unavailable),CY08MSP_STU_COG.SAV; CY08MSP_STU_QQQ.SAV,"n_timing_vars=605; n_scored_vars=785; timing=label~Timing(ms); scored=label~ScoredResponse; codes credit0/1/2,omit9,notreached6(2025:'r'); weight=W_FSTUWT"
BEL,2022,False,8286,441692,4780.662109375,4489.287774125941,60.67150115966797,0.12037689531804173,0.042978611364938746,0.022930471301913207,0.029640564012932087,0.6448688068925335,not found (item position unavailable),not found (item position unavailable),CY08MSP_STU_COG.SAV,"n_timing_vars=605; n_scored_vars=785; timing=label~Timing(ms); scored=label~ScoredResponse; codes credit0/1/2,omit9,notreached6(2025:'r'); weight=W_FSTUWT"
BRA,2022,True,10798,565623,4578.51513671875,4507.610452562777,52.93299865722656,0.14131102662643272,0.09087289902037897,0.04026930681650045,0.04888127375229881,0.4910283765900157,not found (item position unavailable),not found (item position unavailable),CY08MSP_STU_COG.SAV; CY08MSP_STU_QQQ.SAV,"n_timing_vars=605; n_scored_vars=785; timing=label~Timing(ms); scored=label~ScoredResponse; codes credit0/1/2,omit9,notreached6(2025:'r'); weight=W_FSTUWT"
BRA,2022,False,10798,565623,4593.3837890625,4521.017040689308,53.34075164794922,0.14194154247029028,0.09048680109097994,0.03969789743904321,0.04890183037111291,0.4951597636114106,not found (item position unavailable),not found (item position unavailable),CY08MSP_STU_COG.SAV,"n_timing_vars=605; n_scored_vars=785; timing=label~Timing(ms); scored=label~ScoredResponse; codes credit0/1/2,omit9,notreached6(2025:'r'); weight=W_FSTUWT"
CHE,2022,True,6829,453218,5649.56982421875,5333.574107072341,55.30799865722656,0.1338533993843055,0.048319069804167336,0.02144446215598986,0.03211188021565944,0.6646131124163259,not found (item position unavailable),not found (item position unavailable),CY08MSP_STU_COG.SAV; CY08MSP_STU_QQQ.SAV,"n_timing_vars=605; n_scored_vars=785; timing=label~Timing(ms); scored=label~ScoredResponse; codes credit0/1/2,omit9,notreached6(2025:'r'); weight=W_FSTUWT"
CHE,2022,False,6829,453218,5647.1748046875,5325.6180651585555,55.05799865722656,0.13491726690941608,0.050054751232376356,0.022489992796637215,0.03206845270929222,0.6623555914164051,not found (item position unavailable),not found (item position unavailable),CY08MSP_STU_COG.SAV,"n_timing_vars=605; n_scored_vars=785; timing=label~Timing(ms); scored=label~ScoredResponse; codes credit0/1/2,omit9,notreached6(2025:'r'); weight=W_FSTUWT"
COL,2022,True,7804,415528,5568.06494140625,5241.244080270201,62.22949981689453,0.1201102553709081,0.06904196959063799,0.03472944103555503,0.053142125154811835,0.494307349701367,not found (item position unavailable),not found (item position unavailable),CY08MSP_STU_COG.SAV; CY08MSP_STU_QQQ.SAV,"n_timing_vars=605; n_scored_vars=785; timing=label~Timing(ms); scored=label~ScoredResponse; codes credit0/1/2,omit9,notreached6(2025:'r'); weight=W_FSTUWT"
COL,2022,False,7804,415528,5621.28076171875,5249.26128091921,63.1349983215332,0.12186857953636591,0.06627736195159244,0.031828759694264665,0.05479775129473826,0.5090189003752725,not found (item position unavailable),not found (item position unavailable),CY08MSP_STU_COG.SAV,"n_timing_vars=605; n_scored_vars=785; timing=label~Timing(ms); scored=label~ScoredResponse; codes credit0/1/2,omit9,notreached6(2025:'r'); weight=W_FSTUWT"
DEU,2022,True,6116,335387,4591.7431640625,4394.114074874128,56.5525016784668,0.13275504425308257,0.05937433784942664,0.03269136368642276,0.030712462117052215,0.6366763808845219,not found (item position unavailable),not found (item position unavailable),CY08MSP_STU_COG.SAV; CY08MSP_STU_QQQ.SAV,"n_timing_vars=605; n_scored_vars=785; timing=label~Timing(ms); scored=label~ScoredResponse; codes credit0/1/2,omit9,notreached6(2025:'r'); weight=W_FSTUWT"
DEU,2022,False,6116,335387,4641.59814453125,4419.86497700269,56.98774719238281,0.13160724499523355,0.056566889100730856,0.03139535956171931,0.030162170865298894,0.6408450480703615,not found (item position unavailable),not found (item position unavailable),CY08MSP_STU_COG.SAV,"n_timing_vars=605; n_scored_vars=785; timing=label~Timing(ms); scored=label~ScoredResponse; codes credit0/1/2,omit9,notreached6(2025:'r'); weight=W_FSTUWT"
EST,2022,True,6392,353270,5331.02392578125,4873.1840651679295,63.18199920654297,0.12465643028170927,0.034383873450363034,0.014650524524100445,0.02440590402700639,0.6755906484903658,not found (item position unavailable),not found (item position unavailable),CY08MSP_STU_COG.SAV; CY08MSP_STU_QQQ.SAV,"n_timing_vars=605; n_scored_vars=785; timing=label~Timing(ms); scored=label~ScoredResponse; codes credit0/1/2,omit9,notreached6(2025:'r'); weight=W_FSTUWT"
EST,2022,False,6392,353270,5354.9111328125,4887.939407291341,63.49524688720703,0.1250345269862925,0.033907301947201936,0.014428628627466909,0.024366631754748493,0.6797335209559332,not found (item position unavailable),not found (item position unavailable),CY08MSP_STU_COG.SAV,"n_timing_vars=605; n_scored_vars=785; timing=label~Timing(ms); scored=label~ScoredResponse; codes credit0/1/2,omit9,notreached6(2025:'r'); weight=W_FSTUWT"
FRA,2022,True,6770,373255,4609.72705078125,4359.631286310639,54.689998626708984,0.1255464297030754,0.06064398950188396,0.03578239972124066,0.029640915489299275,0.6263637085150937,not found (item position unavailable),not found (item position unavailable),CY08MSP_STU_COG.SAV; CY08MSP_STU_QQQ.SAV,"n_timing_vars=605; n_scored_vars=785; timing=label~Timing(ms); scored=label~ScoredResponse; codes credit0/1/2,omit9,notreached6(2025:'r'); weight=W_FSTUWT"
FRA,2022,False,6770,373255,4604.0498046875,4362.5174937598995,54.56050109863281,0.12408474840317807,0.06244787991532491,0.037363178164907807,0.030976142315575144,0.6172026457655402,not found (item position unavailable),not found (item position unavailable),CY08MSP_STU_COG.SAV,"n_timing_vars=605; n_scored_vars=785; timing=label~Timing(ms); scored=label~ScoredResponse; codes credit0/1/2,omit9,notreached6(2025:'r'); weight=W_FSTUWT"
GEO,2022,True,6583,430765,4897.77490234375,4709.185986651763,37.5099983215332,0.17509169146562756,0.15435509694071622,0.06722762564599935,0.032198493342567316,0.4931559877705762,not found (item position unavailable),not found (item position unavailable),CY08MSP_STU_COG.SAV; CY08MSP_STU_QQQ.SAV,"n_timing_vars=605; n_scored_vars=785; timing=label~Timing(ms); scored=label~ScoredResponse; codes credit0/1/2,omit9,notreached6(2025:'r'); weight=W_FSTUWT"
GEO,2022,False,6583,430765,4877.9560546875,4692.4039179769925,37.627498626708984,0.17556024363255276,0.15442876909355965,0.06738998471626721,0.032458533074878414,0.49518904233642747,not found (item position unavailable),not found (item position unavailable),CY08MSP_STU_COG.SAV,"n_timing_vars=605; n_scored_vars=785; timing=label~Timing(ms); scored=label~ScoredResponse; codes credit0/1/2,omit9,notreached6(2025:'r'); weight=W_FSTUWT"
HUN,2022,True,6198,336101,4519.376953125,4319.296328068895,57.2869987487793,0.1214858727418813,0.04952480723158058,0.01775918454831863,0.01703864493622336,0.615452204285647,not found (item position unavailable),not found (item position unavailable),CY08MSP_STU_COG.SAV; CY08MSP_STU_QQQ.SAV,"n_timing_vars=605; n_scored_vars=785; timing=label~Timing(ms); scored=label~ScoredResponse; codes credit0/1/2,omit9,notreached6(2025:'r'); weight=W_FSTUWT"
HUN,2022,False,6198,336101,4622.5126953125,4372.117424870584,58.17100143432617,0.12040693141520585,0.045682955660068914,0.01645365865466076,0.016652732363188448,0.6265312275045684,not found (item position unavailable),not found (item position unavailable),CY08MSP_STU_COG.SAV,"n_timing_vars=605; n_scored_vars=785; timing=label~Timing(ms); scored=label~ScoredResponse; codes credit0/1/2,omit9,notreached6(2025:'r'); weight=W_FSTUWT"
ISL,2022,True,3360,179119,4313.8349609375,4228.783740865122,54.209999084472656,0.13441793934257068,0.08078263737779513,0.03764002764125517,0.039474219670075916,0.5798154397546523,not found (item position unavailable),not found (item position unavailable),CY08MSP_STU_COG.SAV; CY08MSP_STU_QQQ.SAV,"n_timing_vars=605; n_scored_vars=785; timing=label~Timing(ms); scored=label~ScoredResponse; codes credit0/1/2,omit9,notreached6(2025:'r'); weight=W_FSTUWT"
ISL,2022,False,3360,179119,4316.0283203125,4228.790245010712,54.20075225830078,0.13465648562972454,0.08081397294725719,0.037598530471783666,0.03958820672290488,0.5802005315293549,not found (item position unavailable),not found (item position unavailable),CY08MSP_STU_COG.SAV,"n_timing_vars=605; n_scored_vars=785; timing=label~Timing(ms); scored=label~ScoredResponse; codes credit0/1/2,omit9,notreached6(2025:'r'); weight=W_FSTUWT"
JPN,2022,True,5760,385090,5952.81396484375,5588.764244254486,51.48500061035156,0.12480556976830386,0.03754623725880832,0.012926849851495285,0.023372505536617044,0.7224266073075875,not found (item position unavailable),not found (item position unavailable),CY08MSP_STU_COG.SAV; CY08MSP_STU_QQQ.SAV,"n_timing_vars=605; n_scored_vars=785; timing=label~Timing(ms); scored=label~ScoredResponse; codes credit0/1/2,omit9,notreached6(2025:'r'); weight=W_FSTUWT"
JPN,2022,False,5760,385090,5948.4072265625,5577.410150109397,51.355751037597656,0.12493168358524545,0.03808024154892351,0.013085950479127072,0.02307252849983121,0.7213519642751332,not found (item position unavailable),not found (item position unavailable),CY08MSP_STU_COG.SAV,"n_timing_vars=605; n_scored_vars=785; timing=label~Timing(ms); scored=label~ScoredResponse; codes credit0/1/2,omit9,notreached6(2025:'r'); weight=W_FSTUWT"
KAZ,2022,True,19769,1069846,5876.6162109375,5272.626813416889,61.63050079345703,0.1292229668517178,0.06691200818577518,0.01743295627876532,0.035279893204011155,0.49812061637989297,not found (item position unavailable),not found (item position unavailable),CY08MSP_STU_COG.SAV; CY08MSP_STU_QQQ.SAV,"n_timing_vars=605; n_scored_vars=785; timing=label~Timing(ms); scored=label~ScoredResponse; codes credit0/1/2,omit9,notreached6(2025:'r'); weight=W_FSTUWT"
KAZ,2022,False,19769,1069846,5869.60986328125,5262.635450107662,62.405250549316406,0.1283877631822623,0.0627949525202276,0.015545296693559986,0.031571833703168496,0.5360576805237053,not found (item position unavailable),not found (item position unavailable),CY08MSP_STU_COG.SAV,"n_timing_vars=605; n_scored_vars=785; timing=label~Timing(ms); scored=label~ScoredResponse; codes credit0/1/2,omit9,notreached6(2025:'r'); weight=W_FSTUWT"
LTU,2022,True,7257,402774,4909.0810546875,4560.4482638257305,58.375,0.12227915567865716,0.04643719403881755,0.01636522530827214,0.018686348157037052,0.619924171550567,not found (item position unavailable),not found (item position unavailable),CY08MSP_STU_COG.SAV; CY08MSP_STU_QQQ.SAV,"n_timing_vars=605; n_scored_vars=785; timing=label~Timing(ms); scored=label~ScoredResponse; codes credit0/1/2,omit9,notreached6(2025:'r'); weight=W_FSTUWT"
LTU,2022,False,7257,402774,4880.8798828125,4538.883076489251,58.03049850463867,0.12232667945448031,0.04915157774920428,0.016939030623864447,0.018849280241525025,0.6116662548135335,not found (item position unavailable),not found (item position unavailable),CY08MSP_STU_COG.SAV,"n_timing_vars=605; n_scored_vars=785; timing=label~Timing(ms); scored=label~ScoredResponse; codes credit0/1/2,omit9,notreached6(2025:'r'); weight=W_FSTUWT"
LVA,2022,True,5373,292070,5142.26513671875,4714.828974316352,61.6609992980957,0.1135602652288727,0.038311396157439705,0.015279308760194408,0.02500273205133664,0.6254679052185059,not found (item position unavailable),not found (item position unavailable),CY08MSP_STU_COG.SAV; CY08MSP_STU_QQQ.SAV,"n_timing_vars=605; n_scored_vars=785; timing=label~Timing(ms); scored=label~ScoredResponse; codes credit0/1/2,omit9,notreached6(2025:'r'); weight=W_FSTUWT"
LVA,2022,False,5373,292070,5120.208984375,4702.269539681477,61.394752502441406,0.11415626229221602,0.039413761454524264,0.01563799875738461,0.024607114732769542,0.6241744761578729,not found (item position unavailable),not found (item position unavailable),CY08MSP_STU_COG.SAV,"n_timing_vars=605; n_scored_vars=785; timing=label~Timing(ms); scored=label~ScoredResponse; codes credit0/1/2,omit9,notreached6(2025:'r'); weight=W_FSTUWT"
MEX,2022,True,6288,336322,5286.69482421875,4830.0170424399785,60.428001403808594,0.11269023284796305,0.04928423286806496,0.025393771219835277,0.053822010850049166,0.5011634813620158,not found (item position unavailable),not found (item position unavailable),CY08MSP_STU_COG.SAV; CY08MSP_STU_QQQ.SAV,"n_timing_vars=605; n_scored_vars=785; timing=label~Timing(ms); scored=label~ScoredResponse; codes credit0/1/2,omit9,notreached6(2025:'r'); weight=W_FSTUWT"
MEX,2022,False,6288,336322,5284.2509765625,4826.480945019322,60.72024917602539,0.11070993550703269,0.0476247868398446,0.025158494754466385,0.05168856036774282,0.5003473629363747,not found (item position unavailable),not found (item position unavailable),CY08MSP_STU_COG.SAV,"n_timing_vars=605; n_scored_vars=785; timing=label~Timing(ms); scored=label~ScoredResponse; codes credit0/1/2,omit9,notreached6(2025:'r'); weight=W_FSTUWT"
POL,2022,True,6011,323898,4452.328125,4317.110434783631,57.1974983215332,0.14321848798281192,0.06966341681527176,0.020516252744653195,0.016806408870550932,0.642655665867594,not found (item position unavailable),not found (item position unavailable),CY08MSP_STU_COG.SAV; CY08MSP_STU_QQQ.SAV,"n_timing_vars=605; n_scored_vars=785; timing=label~Timing(ms); scored=label~ScoredResponse; codes credit0/1/2,omit9,notreached6(2025:'r'); weight=W_FSTUWT"
POL,2022,False,6011,323898,4564.2080078125,4379.296289316094,58.237998962402344,0.14041078010629746,0.06420135952134824,0.01924966797383979,0.01666882784086348,0.6518785535009988,not found (item position unavailable),not found (item position unavailable),CY08MSP_STU_COG.SAV,"n_timing_vars=605; n_scored_vars=785; timing=label~Timing(ms); scored=label~ScoredResponse; codes credit0/1/2,omit9,notreached6(2025:'r'); weight=W_FSTUWT"
PRT,2022,True,6793,364701,4784.533203125,4543.723530750297,58.272499084472656,0.13369083478273916,0.05267734599658009,0.020866539873129576,0.027362735393409568,0.6185386435634902,not found (item position unavailable),not found (item position unavailable),CY08MSP_STU_COG.SAV; CY08MSP_STU_QQQ.SAV,"n_timing_vars=605; n_scored_vars=785; timing=label~Timing(ms); scored=label~ScoredResponse; codes credit0/1/2,omit9,notreached6(2025:'r'); weight=W_FSTUWT"
PRT,2022,False,6793,364701,4869.09716796875,4594.885490681843,59.03350067138672,0.1318522124370157,0.04891537109544126,0.019618459456029778,0.02765553151759935,0.6237566804158109,not found (item position unavailable),not found (item position unavailable),CY08MSP_STU_COG.SAV,"n_timing_vars=605; n_scored_vars=785; timing=label~Timing(ms); scored=label~ScoredResponse; codes credit0/1/2,omit9,notreached6(2025:'r'); weight=W_FSTUWT"
SRB,2022,True,6413,351988,4787.69384765625,4524.134394369243,56.04499816894531,0.12880328139070824,0.07090425450482475,0.03358234278845759,0.026333034322147574,0.5704463015075975,not found (item position unavailable),not found (item position unavailable),CY08MSP_STU_COG.SAV; CY08MSP_STU_QQQ.SAV,"n_timing_vars=605; n_scored_vars=785; timing=label~Timing(ms); scored=label~ScoredResponse; codes credit0/1/2,omit9,notreached6(2025:'r'); weight=W_FSTUWT"
SRB,2022,False,6413,351988,4806.162109375,4533.294441721697,56.204002380371094,0.1287899095130804,0.06995288497994412,0.0334772336143278,0.026017932429514643,0.570340392270479,not found (item position unavailable),not found (item position unavailable),CY08MSP_STU_COG.SAV,"n_timing_vars=605; n_scored_vars=785; timing=label~Timing(ms); scored=label~ScoredResponse; codes credit0/1/2,omit9,notreached6(2025:'r'); weight=W_FSTUWT"
TUR,2022,True,7250,488936,5826.93408203125,5640.8935204946065,55.23500061035156,0.14191182541685163,0.05287100662413783,0.013358358544994911,0.012011399981957716,0.5830111252876854,not found (item position unavailable),not found (item position unavailable),CY08MSP_STU_COG.SAV; CY08MSP_STU_QQQ.SAV,"n_timing_vars=605; n_scored_vars=785; timing=label~Timing(ms); scored=label~ScoredResponse; codes credit0/1/2,omit9,notreached6(2025:'r'); weight=W_FSTUWT"
TUR,2022,False,7250,488936,5836.068359375,5653.059013873923,55.21099853515625,0.14189961246446445,0.05297466219704427,0.013256948355252261,0.012157010324459643,0.5814926488022174,not found (item position unavailable),not found (item position unavailable),CY08MSP_STU_COG.SAV,"n_timing_vars=605; n_scored_vars=785; timing=label~Timing(ms); scored=label~ScoredResponse; codes credit0/1/2,omit9,notreached6(2025:'r'); weight=W_FSTUWT"
BEL,2025,True,7456,369765,not found,not found,not found,not found,not found,not found,0.013110722882987619,0.5957817500115943,not found (item position unavailable),not found (item position unavailable),CY09_MS_COG_20260806.sav; CY09_MS_STU_PUF.sav,"n_timing_vars=0; n_scored_vars=704; timing=label~Timing(ms); scored=label~ScoredResponse; codes credit0/1/2,omit9,notreached6(2025:'r'); weight=W_FSTUWT"
BEL,2025,False,7456,369765,not found,not found,not found,not found,not found,not found,0.013743864346273985,0.6034446354779356,not found (item position unavailable),not found (item position unavailable),CY09_MS_COG_20260806.sav,"n_timing_vars=0; n_scored_vars=704; timing=label~Timing(ms); scored=label~ScoredResponse; codes credit0/1/2,omit9,notreached6(2025:'r'); weight=W_FSTUWT"
BRA,2025,True,30140,1498982,not found,not found,not found,not found,not found,not found,0.024184303003093908,0.48018911393716784,not found (item position unavailable),not found (item position unavailable),CY09_MS_COG_20260806.sav; CY09_MS_STU_PUF.sav,"n_timing_vars=0; n_scored_vars=704; timing=label~Timing(ms); scored=label~ScoredResponse; codes credit0/1/2,omit9,notreached6(2025:'r'); weight=W_FSTUWT"
BRA,2025,False,30140,1498982,not found,not found,not found,not found,not found,not found,0.027219139389265515,0.4678815592851642,not found (item position unavailable),not found (item position unavailable),CY09_MS_COG_20260806.sav,"n_timing_vars=0; n_scored_vars=704; timing=label~Timing(ms); scored=label~ScoredResponse; codes credit0/1/2,omit9,notreached6(2025:'r'); weight=W_FSTUWT"
CHE,2025,True,7597,383069,not found,not found,not found,not found,not found,not found,0.010712523559228726,0.6112237941474554,not found (item position unavailable),not found (item position unavailable),CY09_MS_COG_20260806.sav; CY09_MS_STU_PUF.sav,"n_timing_vars=0; n_scored_vars=704; timing=label~Timing(ms); scored=label~ScoredResponse; codes credit0/1/2,omit9,notreached6(2025:'r'); weight=W_FSTUWT"
CHE,2025,False,7597,383069,not found,not found,not found,not found,not found,not found,0.011700241992956882,0.6071603092552043,not found (item position unavailable),not found (item position unavailable),CY09_MS_COG_20260806.sav,"n_timing_vars=0; n_scored_vars=704; timing=label~Timing(ms); scored=label~ScoredResponse; codes credit0/1/2,omit9,notreached6(2025:'r'); weight=W_FSTUWT"
COL,2025,True,7268,356016,not found,not found,not found,not found,not found,not found,0.02298391992305032,0.4850186426360052,not found (item position unavailable),not found (item position unavailable),CY09_MS_COG_20260806.sav; CY09_MS_STU_PUF.sav,"n_timing_vars=0; n_scored_vars=704; timing=label~Timing(ms); scored=label~ScoredResponse; codes credit0/1/2,omit9,notreached6(2025:'r'); weight=W_FSTUWT"
COL,2025,False,7268,356016,not found,not found,not found,not found,not found,not found,0.02261696103545908,0.49345621960892505,not found (item position unavailable),not found (item position unavailable),CY09_MS_COG_20260806.sav,"n_timing_vars=0; n_scored_vars=704; timing=label~Timing(ms); scored=label~ScoredResponse; codes credit0/1/2,omit9,notreached6(2025:'r'); weight=W_FSTUWT"
DEU,2025,True,6659,333520,not found,not found,not found,not found,not found,not found,0.020149062958581255,0.5956877253914338,not found (item position unavailable),not found (item position unavailable),CY09_MS_COG_20260806.sav; CY09_MS_STU_PUF.sav,"n_timing_vars=0; n_scored_vars=704; timing=label~Timing(ms); scored=label~ScoredResponse; codes credit0/1/2,omit9,notreached6(2025:'r'); weight=W_FSTUWT"
DEU,2025,False,6659,333520,not found,not found,not found,not found,not found,not found,0.019315183497241546,0.6041983869291118,not found (item position unavailable),not found (item position unavailable),CY09_MS_COG_20260806.sav,"n_timing_vars=0; n_scored_vars=704; timing=label~Timing(ms); scored=label~ScoredResponse; codes credit0/1/2,omit9,notreached6(2025:'r'); weight=W_FSTUWT"
EST,2025,True,6304,314833,not found,not found,not found,not found,not found,not found,0.0065794663792590885,0.6484876372256041,not found (item position unavailable),not found (item position unavailable),CY09_MS_COG_20260806.sav; CY09_MS_STU_PUF.sav,"n_timing_vars=0; n_scored_vars=704; timing=label~Timing(ms); scored=label~ScoredResponse; codes credit0/1/2,omit9,notreached6(2025:'r'); weight=W_FSTUWT"
EST,2025,False,6304,314833,not found,not found,not found,not found,not found,not found,0.006581266893877071,0.6489907629148135,not found (item position unavailable),not found (item position unavailable),CY09_MS_COG_20260806.sav,"n_timing_vars=0; n_scored_vars=704; timing=label~Timing(ms); scored=label~ScoredResponse; codes credit0/1/2,omit9,notreached6(2025:'r'); weight=W_FSTUWT"
FRA,2025,True,6501,329057,not found,not found,not found,not found,not found,not found,0.017787805621852663,0.5820945348875236,not found (item position unavailable),not found (item position unavailable),CY09_MS_COG_20260806.sav; CY09_MS_STU_PUF.sav,"n_timing_vars=0; n_scored_vars=704; timing=label~Timing(ms); scored=label~ScoredResponse; codes credit0/1/2,omit9,notreached6(2025:'r'); weight=W_FSTUWT"
FRA,2025,False,6501,329057,not found,not found,not found,not found,not found,not found,0.0177355291028606,0.5803181105188091,not found (item position unavailable),not found (item position unavailable),CY09_MS_COG_20260806.sav,"n_timing_vars=0; n_scored_vars=704; timing=label~Timing(ms); scored=label~ScoredResponse; codes credit0/1/2,omit9,notreached6(2025:'r'); weight=W_FSTUWT"
GEO,2025,True,6855,332582,not found,not found,not found,not found,not found,not found,0.014792342577425096,0.4831768059603248,not found (item position unavailable),not found (item position unavailable),CY09_MS_COG_20260806.sav; CY09_MS_STU_PUF.sav,"n_timing_vars=0; n_scored_vars=704; timing=label~Timing(ms); scored=label~ScoredResponse; codes credit0/1/2,omit9,notreached6(2025:'r'); weight=W_FSTUWT"
GEO,2025,False,6855,332582,not found,not found,not found,not found,not found,not found,0.014739222206854249,0.4824005126953125,not found (item position unavailable),not found (item position unavailable),CY09_MS_COG_20260806.sav,"n_timing_vars=0; n_scored_vars=704; timing=label~Timing(ms); scored=label~ScoredResponse; codes credit0/1/2,omit9,notreached6(2025:'r'); weight=W_FSTUWT"
HUN,2025,True,6387,322977,not found,not found,not found,not found,not found,not found,0.003748295947255666,0.5759192544445421,not found (item position unavailable),not found (item position unavailable),CY09_MS_COG_20260806.sav; CY09_MS_STU_PUF.sav,"n_timing_vars=0; n_scored_vars=704; timing=label~Timing(ms); scored=label~ScoredResponse; codes credit0/1/2,omit9,notreached6(2025:'r'); weight=W_FSTUWT"
HUN,2025,False,6387,322977,not found,not found,not found,not found,not found,not found,0.003610164191258201,0.5822889832852202,not found (item position unavailable),not found (item position unavailable),CY09_MS_COG_20260806.sav,"n_timing_vars=0; n_scored_vars=704; timing=label~Timing(ms); scored=label~ScoredResponse; codes credit0/1/2,omit9,notreached6(2025:'r'); weight=W_FSTUWT"
ISL,2025,True,3974,192103,not found,not found,not found,not found,not found,not found,0.022104895986802087,0.527325244981325,not found (item position unavailable),not found (item position unavailable),CY09_MS_COG_20260806.sav; CY09_MS_STU_PUF.sav,"n_timing_vars=0; n_scored_vars=704; timing=label~Timing(ms); scored=label~ScoredResponse; codes credit0/1/2,omit9,notreached6(2025:'r'); weight=W_FSTUWT"
ISL,2025,False,3974,192103,not found,not found,not found,not found,not found,not found,0.02193094329604431,0.5284794294534035,not found (item position unavailable),not found (item position unavailable),CY09_MS_COG_20260806.sav,"n_timing_vars=0; n_scored_vars=704; timing=label~Timing(ms); scored=label~ScoredResponse; codes credit0/1/2,omit9,notreached6(2025:'r'); weight=W_FSTUWT"
JPN,2025,True,6554,327746,not found,not found,not found,not found,not found,not found,0.007242517962856065,0.6579522333638884,not found (item position unavailable),not found (item position unavailable),CY09_MS_COG_20260806.sav; CY09_MS_STU_PUF.sav,"n_timing_vars=0; n_scored_vars=704; timing=label~Timing(ms); scored=label~ScoredResponse; codes credit0/1/2,omit9,notreached6(2025:'r'); weight=W_FSTUWT"
JPN,2025,False,6554,327746,not found,not found,not found,not found,not found,not found,0.007066447797989907,0.659118704483299,not found (item position unavailable),not found (item position unavailable),CY09_MS_COG_20260806.sav,"n_timing_vars=0; n_scored_vars=704; timing=label~Timing(ms); scored=label~ScoredResponse; codes credit0/1/2,omit9,notreached6(2025:'r'); weight=W_FSTUWT"
KAZ,2025,True,22680,1123099,not found,not found,not found,not found,not found,not found,0.008438240368513362,0.4788512063555445,not found (item position unavailable),not found (item position unavailable),CY09_MS_COG_20260806.sav; CY09_MS_STU_PUF.sav,"n_timing_vars=0; n_scored_vars=704; timing=label~Timing(ms); scored=label~ScoredResponse; codes credit0/1/2,omit9,notreached6(2025:'r'); weight=W_FSTUWT"
KAZ,2025,False,22680,1123099,not found,not found,not found,not found,not found,not found,0.007981486939263592,0.5051129351469974,not found (item position unavailable),not found (item position unavailable),CY09_MS_COG_20260806.sav,"n_timing_vars=0; n_scored_vars=704; timing=label~Timing(ms); scored=label~ScoredResponse; codes credit0/1/2,omit9,notreached6(2025:'r'); weight=W_FSTUWT"
LTU,2025,True,7718,387589,not found,not found,not found,not found,not found,not found,0.004832461157966828,0.5961084419407808,not found (item position unavailable),not found (item position unavailable),CY09_MS_COG_20260806.sav; CY09_MS_STU_PUF.sav,"n_timing_vars=0; n_scored_vars=704; timing=label~Timing(ms); scored=label~ScoredResponse; codes credit0/1/2,omit9,notreached6(2025:'r'); weight=W_FSTUWT"
LTU,2025,False,7718,387589,not found,not found,not found,not found,not found,not found,0.0046621550147192,0.5868521600282025,not found (item position unavailable),not found (item position unavailable),CY09_MS_COG_20260806.sav,"n_timing_vars=0; n_scored_vars=704; timing=label~Timing(ms); scored=label~ScoredResponse; codes credit0/1/2,omit9,notreached6(2025:'r'); weight=W_FSTUWT"
LVA,2025,True,6968,348278,not found,not found,not found,not found,not found,not found,0.006644191074088219,0.553482759732282,not found (item position unavailable),not found (item position unavailable),CY09_MS_COG_20260806.sav; CY09_MS_STU_PUF.sav,"n_timing_vars=0; n_scored_vars=704; timing=label~Timing(ms); scored=label~ScoredResponse; codes credit0/1/2,omit9,notreached6(2025:'r'); weight=W_FSTUWT"
LVA,2025,False,6968,348278,not found,not found,not found,not found,not found,not found,0.006914016963460224,0.5508977361436378,not found (item position unavailable),not found (item position unavailable),CY09_MS_COG_20260806.sav,"n_timing_vars=0; n_scored_vars=704; timing=label~Timing(ms); scored=label~ScoredResponse; codes credit0/1/2,omit9,notreached6(2025:'r'); weight=W_FSTUWT"
MEX,2025,True,7843,396978,not found,not found,not found,not found,not found,not found,0.013929737196224194,0.4933839079766539,not found (item position unavailable),not found (item position unavailable),CY09_MS_COG_20260806.sav; CY09_MS_STU_PUF.sav,"n_timing_vars=0; n_scored_vars=704; timing=label~Timing(ms); scored=label~ScoredResponse; codes credit0/1/2,omit9,notreached6(2025:'r'); weight=W_FSTUWT"
MEX,2025,False,7843,396978,not found,not found,not found,not found,not found,not found,0.0132274332582662,0.49754037888631625,not found (item position unavailable),not found (item position unavailable),CY09_MS_COG_20260806.sav,"n_timing_vars=0; n_scored_vars=704; timing=label~Timing(ms); scored=label~ScoredResponse; codes credit0/1/2,omit9,notreached6(2025:'r'); weight=W_FSTUWT"
POL,2025,True,7103,359899,not found,not found,not found,not found,not found,not found,0.007560744672529769,0.6106219994842698,not found (item position unavailable),not found (item position unavailable),CY09_MS_COG_20260806.sav; CY09_MS_STU_PUF.sav,"n_timing_vars=0; n_scored_vars=704; timing=label~Timing(ms); scored=label~ScoredResponse; codes credit0/1/2,omit9,notreached6(2025:'r'); weight=W_FSTUWT"
POL,2025,False,7103,359899,not found,not found,not found,not found,not found,not found,0.007446533610818591,0.6153172143698964,not found (item position unavailable),not found (item position unavailable),CY09_MS_COG_20260806.sav,"n_timing_vars=0; n_scored_vars=704; timing=label~Timing(ms); scored=label~ScoredResponse; codes credit0/1/2,omit9,notreached6(2025:'r'); weight=W_FSTUWT"
PRT,2025,True,6945,349587,not found,not found,not found,not found,not found,not found,0.010810916575678493,0.5840689792802432,not found (item position unavailable),not found (item position unavailable),CY09_MS_COG_20260806.sav; CY09_MS_STU_PUF.sav,"n_timing_vars=0; n_scored_vars=704; timing=label~Timing(ms); scored=label~ScoredResponse; codes credit0/1/2,omit9,notreached6(2025:'r'); weight=W_FSTUWT"
PRT,2025,False,6945,349587,not found,not found,not found,not found,not found,not found,0.010598220185533216,0.590802643676167,not found (item position unavailable),not found (item position unavailable),CY09_MS_COG_20260806.sav,"n_timing_vars=0; n_scored_vars=704; timing=label~Timing(ms); scored=label~ScoredResponse; codes credit0/1/2,omit9,notreached6(2025:'r'); weight=W_FSTUWT"
SRB,2025,True,7041,354923,not found,not found,not found,not found,not found,not found,0.01711446446679494,0.5167563899112335,not found (item position unavailable),not found (item position unavailable),CY09_MS_COG_20260806.sav; CY09_MS_STU_PUF.sav,"n_timing_vars=0; n_scored_vars=704; timing=label~Timing(ms); scored=label~ScoredResponse; codes credit0/1/2,omit9,notreached6(2025:'r'); weight=W_FSTUWT"
SRB,2025,False,7041,354923,not found,not found,not found,not found,not found,not found,0.017634810930821615,0.5146989651928504,not found (item position unavailable),not found (item position unavailable),CY09_MS_COG_20260806.sav,"n_timing_vars=0; n_scored_vars=704; timing=label~Timing(ms); scored=label~ScoredResponse; codes credit0/1/2,omit9,notreached6(2025:'r'); weight=W_FSTUWT"
TUR,2025,True,7702,384964,not found,not found,not found,not found,not found,not found,0.006051097621096663,0.580364332498171,not found (item position unavailable),not found (item position unavailable),CY09_MS_COG_20260806.sav; CY09_MS_STU_PUF.sav,"n_timing_vars=0; n_scored_vars=704; timing=label~Timing(ms); scored=label~ScoredResponse; codes credit0/1/2,omit9,notreached6(2025:'r'); weight=W_FSTUWT"
TUR,2025,False,7702,384964,not found,not found,not found,not found,not found,not found,0.006057709292297462,0.5854371824625227,not found (item position unavailable),not found (item position unavailable),CY09_MS_COG_20260806.sav,"n_timing_vars=0; n_scored_vars=704; timing=label~Timing(ms); scored=label~ScoredResponse; codes credit0/1/2,omit9,notreached6(2025:'r'); weight=W_FSTUWT"
