iso3,country,overall_exclusion_pct,within_school_exclusion_pct,school_level_exclusion_pct,weighted_school_rr_before_replacement,weighted_school_rr_after_replacement,weighted_student_rr,number_of_replacement_schools,source_file,source_page
ALB,Albania,not found,not found,not found,76.0,76.0,not found,not found,data/pisa/2025/73451bc5-en.pdf,20
ARG,Argentina,not found,not found,not found,not found,not found,not found,not found,not found,not found
ARM,Armenia,not found,not found,not found,not found,not found,not found,not found,not found,not found
AUS,Australia,not found,not found,not found,not found,not found,not found,not found,not found,not found
AUT,Austria,not found,not found,not found,not found,not found,not found,not found,not found,not found
AZE,Azerbaijan,not found,not found,not found,not found,not found,not found,not found,not found,not found
BEL,Belgium,not found,not found,not found,not found,not found,not found,not found,not found,not found
BRA,Brazil,not found,not found,not found,not found,not found,not found,not found,not found,not found
BRN,Brunei Darussalam,not found,not found,not found,not found,not found,not found,not found,not found,not found
QCI,B-S-J-Z (China),not found,not found,not found,not found,not found,not found,not found,not found,not found
BGR,Bulgaria,not found,not found,not found,not found,not found,not found,not found,not found,not found
KHM,Cambodia,not found,not found,not found,not found,not found,not found,not found,not found,not found
CAN,Canada,not found,not found,not found,79.0,82.0,77.0,not found,data/pisa/2025/73451bc5-en.pdf,19
CHL,Chile,not found,not found,not found,not found,not found,not found,not found,not found,not found
COL,Colombia,not found,not found,not found,not found,not found,not found,not found,not found,not found
CRI,Costa Rica,not found,not found,not found,not found,not found,not found,not found,not found,not found
HRV,Croatia,not found,not found,not found,not found,not found,not found,not found,not found,not found
QCY,Cyprus,not found,not found,not found,not found,not found,not found,not found,not found,not found
CZE,Czechia,not found,not found,not found,not found,not found,not found,not found,not found,not found
DNK,Denmark,not found,not found,not found,not found,not found,not found,not found,not found,not found
DOM,Dominican Republic,not found,not found,not found,not found,not found,not found,not found,not found,not found
QTJ,Dushanbe (Tajikistan),not found,not found,not found,not found,not found,not found,not found,not found,not found
ECU,Ecuador,not found,not found,not found,not found,not found,not found,not found,not found,not found
SLV,El Salvador,not found,not found,not found,not found,not found,not found,not found,not found,not found
EST,Estonia,not found,not found,not found,not found,not found,not found,not found,not found,not found
FIN,Finland,not found,not found,not found,not found,not found,not found,not found,not found,not found
FRA,France,not found,not found,not found,not found,not found,not found,not found,not found,not found
GEO,Georgia,not found,not found,not found,not found,not found,not found,not found,not found,not found
DEU,Germany,not found,not found,not found,not found,not found,not found,not found,not found,not found
GRC,Greece,not found,not found,not found,not found,not found,not found,not found,not found,not found
GTM,Guatemala,not found,not found,not found,not found,not found,not found,not found,not found,not found
HKG,Hong Kong (China),not found,not found,not found,not found,not found,not found,not found,not found,not found
HUN,Hungary,not found,not found,not found,not found,not found,not found,not found,not found,not found
ISL,Iceland,not found,not found,not found,not found,not found,not found,not found,not found,not found
IDN,Indonesia,not found,not found,not found,not found,not found,not found,not found,not found,not found
IRL,Ireland,not found,not found,not found,not found,not found,not found,not found,not found,not found
ISR,Israel,not found,not found,not found,not found,not found,not found,not found,not found,not found
ITA,Italy,not found,not found,not found,not found,not found,not found,not found,not found,not found
JPN,Japan,not found,not found,not found,not found,not found,not found,not found,not found,not found
JOR,Jordan,not found,not found,not found,not found,not found,not found,not found,not found,not found
KAZ,Kazakhstan,not found,not found,not found,not found,not found,not found,not found,not found,not found
KEN,Kenya,not found,not found,not found,not found,not found,not found,not found,not found,not found
KOR,Korea,not found,not found,not found,not found,not found,not found,not found,not found,not found
KSV,Kosovo,not found,not found,not found,not found,not found,not found,not found,not found,not found
QKI,Kurdistan Region (Iraq),not found,not found,not found,not found,not found,not found,not found,not found,not found
KGZ,Kyrgyzstan,not found,not found,not found,not found,not found,not found,not found,not found,not found
LVA,Latvia,not found,not found,not found,not found,not found,not found,not found,not found,not found
LBN,Lebanon,not found,not found,not found,not found,not found,not found,not found,not found,not found
LTU,Lithuania,not found,not found,not found,not found,not found,not found,not found,not found,not found
LUX,Luxembourg,not found,not found,not found,not found,not found,not found,not found,not found,not found
MAC,Macao (China),not found,not found,not found,not found,not found,not found,not found,not found,not found
MYS,Malaysia,not found,not found,not found,not found,not found,not found,not found,not found,not found
MLT,Malta,not found,not found,not found,not found,not found,not found,not found,not found,not found
MUS,Mauritius,not found,not found,not found,not found,not found,not found,not found,not found,not found
MEX,Mexico,not found,not found,not found,not found,not found,not found,not found,not found,not found
MDA,Moldova,not found,not found,not found,not found,not found,not found,not found,not found,not found
MNG,Mongolia,not found,not found,not found,not found,not found,not found,not found,not found,not found
MNE,Montenegro,not found,not found,not found,not found,not found,not found,not found,not found,not found
MAR,Morocco,not found,not found,not found,not found,not found,not found,not found,not found,not found
NLD,Netherlands,9.3,not found,not found,66.0,88.0,78.0,not found,data/pisa/2025/73451bc5-en.pdf,19
NZL,New Zealand,8.1,not found,not found,45.0,52.0,76.0,not found,data/pisa/2025/73451bc5-en.pdf,19
MKD,North Macedonia,not found,not found,not found,not found,not found,not found,not found,not found,not found
NOR,Norway,10.4,not found,not found,not found,not found,not found,not found,data/pisa/2025/73451bc5-en.pdf,19
PSE,Palestinian Authority,not found,not found,not found,not found,not found,not found,not found,not found,not found
PRY,Paraguay,not found,not found,not found,not found,not found,not found,not found,not found,not found
PER,Peru,not found,not found,not found,not found,not found,not found,not found,not found,not found
PHL,Philippines,not found,not found,not found,not found,not found,not found,not found,not found,not found
POL,Poland,not found,not found,not found,not found,not found,not found,not found,not found,not found
PRT,Portugal,not found,not found,not found,not found,not found,not found,not found,not found,not found
QAT,Qatar,not found,not found,not found,not found,not found,not found,not found,not found,not found
ROU,Romania,not found,not found,not found,not found,not found,not found,not found,not found,not found
RWA,Rwanda,not found,not found,not found,not found,not found,not found,not found,not found,not found
SAU,Saudi Arabia,not found,not found,not found,not found,not found,not found,not found,not found,not found
SRB,Serbia,not found,not found,not found,not found,not found,not found,not found,not found,not found
SGP,Singapore,not found,not found,not found,not found,not found,not found,not found,not found,not found
SVK,Slovak Republic,not found,not found,not found,not found,not found,not found,not found,not found,not found
SVN,Slovenia,not found,not found,not found,not found,not found,not found,not found,not found,not found
ESP,Spain,not found,not found,not found,not found,not found,not found,not found,not found,not found
SWE,Sweden,not found,not found,not found,not found,not found,not found,not found,not found,not found
CHE,Switzerland,not found,not found,not found,not found,not found,not found,not found,not found,not found
TAP,Chinese Taipei,not found,not found,not found,not found,not found,not found,not found,not found,not found
THA,Thailand,not found,not found,not found,not found,not found,not found,not found,not found,not found
TUR,Türkiye,not found,not found,not found,not found,not found,not found,not found,not found,not found
QUA,Ukrainian regions (17 of 27),not found,not found,not found,not found,not found,not found,not found,not found,not found
ARE,United Arab Emirates,not found,not found,not found,not found,not found,not found,not found,not found,not found
GBR,United Kingdom,not found,not found,not found,not found,not found,not found,not found,not found,not found
USA,United States,6.9,not found,not found,45.0,54.0,76.0,not found,data/pisa/2025/73451bc5-en.pdf,20
URY,Uruguay,not found,not found,not found,not found,not found,not found,not found,not found,not found
UZB,Uzbekistan,not found,not found,not found,not found,not found,not found,not found,not found,not found
VNM,Viet Nam,not found,not found,not found,not found,not found,not found,not found,not found,not found
ZMB,Zambia,not found,not found,not found,not found,not found,not found,not found,not found,not found
ESP_MC,Murcia (Spain),not found,12.7,not found,not found,not found,not found,not found,data/pisa/2025/73451bc5-en.pdf,20
ESP_CT,Catalonia (Spain),not found,23.2,not found,not found,not found,not found,not found,data/pisa/2025/73451bc5-en.pdf,20
