cnt_microdata,iso3,country_name,ours,ours_rounded,n_students,volv_name,volv_published,relative_perf,boys,girls,gender_diff,page,_merge,diff_ours_minus_volv,match_after_rounding,dfe_published,volv_equals_dfe
ARE,ARE,United Arab Emirates,435.2122164518067,435.0,14167.0,United Arab Emirates,435,-14,416,454,-38,43,both,0.21,True,435.0,True
AUS,AUS,Australia,531.3649725213277,531.0,14530.0,Australia,531,23,511,552,-41,43,both,0.36,True,531.0,True
AUT,AUT,Austria,509.3804049683667,509.0,7007.0,Austria,509,13,498,521,-24,43,both,0.38,True,509.0,True
BEL,BEL,Belgium,500.8939403283187,501.0,9651.0,Belgium,501,-4,489,514,-25,43,both,-0.11,True,501.0,True
BGR,BGR,Bulgaria,444.0484984151431,444.0,5928.0,Bulgaria,444,-10,429,461,-31,43,both,0.05,True,444.0,True
BRA,BRA,Brazil,411.7311907161676,412.0,23141.0,Brazil,412,-9,402,421,-18,43,both,-0.27,True,412.0,True
CAN,CAN,Canada,535.3909517731405,535.0,20058.0,Canada,535,10,516,555,-39,43,both,0.39,True,535.0,True
CHL,CHL,Chile,457.1163406768038,457.0,7053.0,Chile,457,-3,450,464,-14,43,both,0.12,True,457.0,True
QCH,CHN,,496.0136129049712,496.0,9841.0,B-S-J-G (China),496,-17,486,508,-22,43,both,0.01,True,496.0,True
COL,COL,Colombia,429.3987946653457,429.0,11795.0,Colombia,429,-4,425,433,-8,43,both,0.4,True,429.0,True
CRI,CRI,Costa Rica,441.2068592131333,441.0,6866.0,Costa Rica,441,4,437,445,-7,43,both,0.21,True,441.0,True
,CYP,,,,,Cyprus,444,-6,424,464,-40,43,right_only,,False,444.0,True
CZE,CZE,Czechia,498.6194872143311,499.0,6894.0,Czech Republic,499,3,486,512,-26,43,both,-0.38,True,499.0,True
DEU,DEU,Germany,524.6599091425888,525.0,6504.0,Germany,525,14,510,540,-30,43,both,-0.34,True,525.0,True
DNK,DNK,Denmark,519.7217864760287,520.0,7161.0,Denmark,520,14,509,530,-21,43,both,-0.28,True,520.0,True
ESP,ESP,Spain,496.4984701118437,496.0,6736.0,Spain,496,-1,485,508,-22,43,both,0.5,True,496.0,True
EST,EST,Estonia,535.2163707297507,535.0,5587.0,Estonia,535,8,522,549,-27,43,both,0.22,True,535.0,True
FIN,FIN,Finland,533.8631476806701,534.0,5882.0,Finland,534,7,511,559,-48,43,both,-0.14,True,534.0,True
FRA,FRA,France,493.9826425851357,494.0,6108.0,France,494,-7,480,508,-29,43,both,-0.02,True,494.0,True
GBR,GBR,United Kingdom,519.2102580677598,519.0,14157.0,United Kingdom,519,12,503,536,-34,43,both,0.21,True,,False
GRC,GRC,Greece,458.804581614368,459.0,5532.0,Greece,459,-10,444,475,-31,43,both,-0.2,True,459.0,True
HKG,HKG,Hong Kong (China),540.7890973544343,541.0,5359.0,Hong Kong (China),541,15,523,559,-36,43,both,-0.21,True,541.0,True
HRV,HRV,Croatia,472.94720927839694,473.0,5809.0,Croatia,473,-12,459,486,-27,43,both,-0.05,True,473.0,True
HUN,HUN,Hungary,472.1546899198204,472.0,5658.0,Hungary,472,-10,459,485,-26,43,both,0.15,True,472.0,True
ISL,ISL,Iceland,499.3954505177408,499.0,3371.0,Iceland,499,15,485,512,-27,43,both,0.4,True,499.0,True
ISR,ISR,Israel,469.2404525919049,469.0,5988.0,Israel,469,-11,459,481,-22,43,both,0.24,True,469.0,True
ITA,ITA,Italy,477.8182554043395,478.0,11583.0,Italy,478,-11,466,489,-23,43,both,-0.18,True,478.0,True
JPN,JPN,Japan,551.6753775235348,552.0,6647.0,Japan,552,23,539,565,-26,43,both,-0.32,True,552.0,True
KOR,KOR,Korea,538.2607240108342,538.0,5581.0,Korea,538,20,522,556,-33,43,both,0.26,True,538.0,True
LTU,LTU,Lithuania,467.45011085797904,467.0,6525.0,Lithuania,467,-15,453,482,-29,43,both,0.45,True,467.0,True
LUX,LUX,Luxembourg,491.06267913955736,491.0,5299.0,Luxembourg,491,2,478,504,-25,43,both,0.06,True,491.0,True
LVA,LVA,Latvia,484.7560122193329,485.0,4869.0,Latvia,485,-9,465,505,-40,43,both,-0.24,True,485.0,True
MAC,MAC,Macao (China),533.7712093269031,534.0,4476.0,Macao (China),534,11,515,553,-38,43,both,-0.23,True,534.0,True
MEX,MEX,Mexico,433.1072066884957,433.0,7568.0,Mexico,433,-1,426,440,-14,43,both,0.11,True,433.0,True
MNE,MNE,Montenegro,415.71021966209753,416.0,5665.0,Montenegro,416,-18,403,429,-26,43,both,-0.29,True,416.0,True
NLD,NLD,Netherlands,517.5382582133301,518.0,5385.0,Netherlands,518,8,504,531,-27,43,both,-0.46,True,518.0,True
NOR,NOR,Norway,502.2880080701565,502.0,5456.0,Norway,502,-5,487,518,-30,43,both,0.29,True,502.0,True
NZL,NZL,New Zealand,532.830831719104,533.0,4520.0,New Zealand,533,20,513,553,-41,43,both,-0.17,True,533.0,True
PER,PER,Peru,417.8049769896689,418.0,6971.0,Peru,418,2,414,421,-7,43,both,-0.2,True,418.0,True
PRT,PRT,Portugal,497.9750771997166,498.0,7325.0,Portugal,498,-5,489,507,-19,43,both,-0.02,True,498.0,True
RUS,RUS,,473.4012593993361,473.0,6036.0,Russia,473,-22,460,486,-25,43,both,0.4,True,473.0,True
SGP,SGP,Singapore,561.4543567202512,561.0,6115.0,Singapore,561,16,552,572,-20,43,both,0.45,True,561.0,True
SVK,SVK,Slovak Republic,462.76584527671696,463.0,6350.0,Slovak Republic,463,-7,448,478,-30,43,both,-0.23,True,463.0,True
SVN,SVN,Slovenia,502.0197563393946,502.0,6406.0,Slovenia,502,-10,484,521,-36,43,both,0.02,True,502.0,True
SWE,SWE,Sweden,509.6096190382239,510.0,5458.0,Sweden,510,9,489,531,-42,43,both,-0.39,True,510.0,True
THA,THA,Thailand,435.54121898508106,436.0,8249.0,Thailand,436,2,416,451,-35,43,both,-0.46,True,436.0,True
TUN,TUN,,381.5941215818147,382.0,5375.0,Tunisia,382,-18,375,387,-12,43,both,-0.41,True,382.0,True
TUR,TUR,Türkiye,422.36239089771885,422.0,5895.0,Turkey,422,-19,411,434,-23,43,both,0.36,True,422.0,True
TAP,TWN,Chinese Taipei,526.6197257220691,527.0,7708.0,Chinese Taipei,527,5,513,541,-28,43,both,-0.38,True,527.0,True
URY,URY,Uruguay,442.6341095069977,443.0,6062.0,Uruguay,443,-6,434,451,-17,43,both,-0.37,True,443.0,True
USA,USA,United States,520.2448762786634,520.0,5712.0,United States,520,22,507,533,-26,43,both,0.24,True,520.0,True
