cycle,iso3,residual,rmse_all_linear,lo95,hi95,spec_min,spec_max,n_specs,rank_low,n
2003,TUR,-16.383588111796996,9.314051389095681,-19.87479173786708,-13.096017531883488,-19.4143739150482,-13.49961945272912,8.0,1,36
2003,HUN,7.589218309584396,,,,,,,28,36
2003,SWE,-6.295133025014138,,,,,,,9,36
2012,TUR,-6.883781514721363,16.517419407385987,-11.048918358570573,-2.853266789950049,-8.784737538175875,-4.408573801716102,8.0,13,41
2012,HUN,-26.391190465484613,,,,,,,4,41
2012,SWE,9.72259055968118,,,,,,,28,41
2015,TUR,-12.850873359725426,10.695407978643631,-16.045817012176954,-9.974122153528391,-14.541645832774236,-11.467534371139834,4.0,5,47
2015,HUN,-11.66214762027596,,,,,,,8,47
2015,SWE,4.762574487362372,,,,,,,31,47
2025,TUR,-31.753957080857333,19.381465369768154,-33.77777406741313,-29.6968800271931,-35.053448164456995,-31.753957080857333,4.0,5,84
2025,HUN,2.647300449720831,,,,,,,46,84
2025,SWE,2.103655074371318,,,,,,,43,84
2025,GEO,-21.97609463054397,,,,,,,9,84
