spec,domain,n_donors,pre_rmspe,gap_2025,post_gap_mean,gaps,top_donor,top_w,adj
ham | math,math,8,6.37,23.91,4.6,2006:-9.0 2009:+5.2 2012:+3.8 2015:-24.9 2018:+11.7 2022:+7.7 2025:+23.9,JPN,0.7,ham
ham | reading,reading,8,0,29.65,2.16,2006:-0.0 2009:+0.0 2012:+0.0 2015:-34.3 2018:+12.4 2022:+0.9 2025:+29.7,JPN,0.59,ham
ham | science,science,8,10.94,48.82,20.2,2006:-15.4 2009:+6.6 2012:+8.8 2015:-20.8 2018:+31.3 2022:+21.4 2025:+48.8,JPN,1,ham
kapsam-düz (tüm) | math,math,8,5.29,20.49,1.15,2006:-7.5 2009:+4.2 2012:+3.3 2015:-27.6 2018:+5.8 2022:+5.9 2025:+20.5,JPN,0.51,resid_all
kapsam-düz (tüm) | reading,reading,8,0,28.16,-0.63,2006:-0.0 2009:+0.0 2012:+0.0 2015:-37.2 2018:+6.4 2022:+0.1 2025:+28.2,JPN,0.39,resid_all
kapsam-düz (tüm) | science,science,8,8.46,37.73,10.04,2006:-11.9 2009:+5.1 2012:+6.8 2015:-29.4 2018:+17.0 2022:+14.8 2025:+37.7,JPN,0.67,resid_all
kapsam-düz (kontrol) | math,math,8,4.74,19.33,-0.19,2006:-6.7 2009:+3.7 2012:+3.0 2015:-28.5 2018:+3.2 2022:+5.2 2025:+19.3,COL,0.57,resid_ctrl
kapsam-düz (kontrol) | reading,reading,8,0,27.06,-4.01,2006:+0.0 2009:-0.0 2012:+0.0 2015:-41.1 2018:-1.6 2022:-0.4 2025:+27.1,EST,0.15,resid_ctrl
kapsam-düz (kontrol) | science,science,8,9.3,40.98,13.23,2006:-13.1 2009:+5.7 2012:+7.4 2015:-26.7 2018:+21.9 2022:+16.8 2025:+41.0,JPN,0.78,resid_ctrl
