iso3,cycle,n_students,ICTRES,ICTHOME,ICTSCH,COMPICT,ENTUSE,HOMESCH,USESCH,INTICT,AUTICT,SOIAICT,ESCS
ALB,2015,5215,,,,,,,,,,,
ARE,2015,14167,0.4687731294637862,,,,,,,,,,0.49954849122162226
AUS,2015,14530,0.5789309923670181,8.91304074663926,7.599096295697518,0.20629129574051908,-0.007878314108474466,0.15815561230469902,0.5614650125884688,0.17929821058473427,0.12415670114071231,0.038046128120381516,0.2694902196227824
AUT,2015,7007,0.08671668753604896,8.685933228271082,5.72376483051897,-0.08056887307345428,0.017879373907798684,0.01164193522390128,0.11177767754802265,0.06129806612385237,0.19313138161887142,-0.23345232507915983,0.09228535015713304
BEL,2015,9651,0.19279988678929494,8.924936653353344,5.4536941049236685,0.053750789154953876,0.05206066768049738,-0.02896053398218168,-0.19545204416329837,0.12504990855575254,0.04130840655861844,-0.022298207463654057,0.1648933002820557
BGR,2015,5928,-0.28662972588650015,8.12708473937827,5.948073960770404,-0.008574093282876033,0.3498030579659966,0.3956595653705116,0.38607560673096636,-0.1077183962723032,-0.10301267376349162,0.2249477711830604,-0.08012052803803572
BRA,2015,23141,-1.0843291562886819,6.745972635055986,4.544208025560923,-0.010851276412470317,0.05374545954732995,0.17517185240253177,-0.14281864604347816,0.16273800629715912,0.04393481017921542,0.30687399211548716,-0.9572142808358965
CAN,2015,20058,0.3534115033026819,,,,,,,,,,0.5317060621998745
CHE,2015,5860,0.1787620647816676,8.701797276319658,5.798526116226916,0.047659480731814835,-0.007572527984219129,-0.22128373109902705,-0.11576351770990505,-0.006239790248910022,0.15297495026751926,-0.13815680127055413,0.143306229505166
CHL,2015,7053,-0.65771931436435,7.285453233838512,5.435603924764861,0.0853365665276859,-0.08440858791604589,0.06518015102554392,0.13682324578862165,0.05419353352883605,-0.06607022075562322,0.11516949073721684,-0.4857666137641585
COL,2015,11795,-1.3392144443497676,6.048443509889615,5.659406397489595,-0.01869016220069742,-0.23166508092982266,0.4189340779632438,0.18387903992704888,-0.019808153006888356,-0.30087144985662556,0.30098214843275034,-0.9877982000213432
CRI,2015,6866,-0.9084671759466326,6.490863013815283,5.027425363350202,0.055992608490525037,-0.09460940208970807,0.17456253229190533,0.10886684413646366,0.20517426209085768,-0.23136149563845038,0.2965282892525157,-0.8007718608688039
CZE,2015,6894,-0.10803588691461992,8.257670473324898,5.673466482756263,-0.09937057693814991,0.17229790617273918,0.12170082934284582,0.27476410873117657,-0.14321865667967362,-0.09301651215305073,-0.08599279836033803,-0.20578100446689498
DEU,2015,6504,0.058812406011566704,,,-0.05031623530793228,-0.29462853142074913,-0.37611717529715855,-0.41507242889989304,0.045428908083461596,0.20032880950716336,-0.1859949212512342,0.1206281601405828
DNK,2015,7161,0.7674840730897319,8.648574453815556,7.4138101126110385,0.2456612983471841,0.09213234896464134,0.3284744642580568,0.7368950200787486,0.18815581360832145,0.10834673256138475,0.024299415430728503,0.5927006146125112
DOM,2015,4740,-1.4066504965166833,6.217904320594552,4.147821298538539,-0.05108917816618156,-0.27301600698835743,0.3990674170311351,-0.12053812572104958,0.018231040436035538,-0.015783672436131293,0.5664541119716804,-0.9026269810116765
DZA,2015,5519,-1.8160718363237915,,,,,,,,,,-1.2805644035613912
ESP,2015,6736,-0.05465015843614027,8.694422943028508,6.017927841849829,0.1510942883837906,-0.0722039636560127,-0.0896352586698807,-0.03839480785748383,0.20769473790304016,0.10622016458428528,0.14338661946708514,-0.5112031360308602
EST,2015,5587,-0.03158017905257185,8.084864254785593,5.763582566323899,-0.04552342560919994,0.08617439609677426,0.32215439149728686,-0.11299203782363772,-0.1326189702347384,-0.01547781457147412,-0.020406990665728014,0.0482912243232085
FIN,2015,5882,0.1065427596796378,8.65913557585536,6.905365852920068,-0.08444383851254728,0.036783532059271956,-0.5205143991161518,0.11177217601603476,-0.11392678722579784,0.1438156619108059,0.11844065757869,0.2538019789021464
FRA,2015,6108,-0.07129746531059092,8.660535209737548,5.8355350155864505,0.23100127756048916,0.1587630170054677,-0.08533656217311275,0.020823603224849795,0.3069603691897543,0.31794450540507785,0.17781288573523074,-0.1370426512778382
GBR,2015,14157,0.5628617711382964,9.076008306129554,7.126960900489695,0.34438147312026435,0.16621703034255855,0.19161577715959735,0.29096569110263953,0.28151384470955226,0.17957968570793417,0.04471395496926995,0.21002472087968974
GEO,2015,5316,-0.9723569192571588,,,,,,,,,,-0.33398034374368823
GRC,2015,5532,-0.3886078231522356,8.351155652269059,6.571109662465345,0.05400748016833476,0.2183166881660182,0.208542758077169,0.01722111049187099,0.12016022410361464,-0.14737330992839728,0.2324562255020652,-0.07827062540436627
HKG,2015,5359,-0.23507160469743607,7.830604394804464,6.350436099085672,-0.06807864064228068,-0.018384645062578343,0.060633482710669484,-0.19714318919688106,0.010362584148500144,0.21920280368627476,0.10367981361102192,-0.5347115730574028
HRV,2015,5809,-0.420548294948616,8.027331303320597,5.537439690187472,0.16807835260704665,0.012758667830699013,0.03835297585491957,-0.1580262276546141,-0.002085573541898302,0.016977772957492632,0.0942943410295533,-0.23983967259650865
HUN,2015,5658,-0.29172268560679626,8.293237861175868,6.071727680064319,0.06764569521692149,0.18847556395701276,0.21741107515644756,-0.03598367527148254,-0.26081349414378024,-0.008882268656426417,-0.00021383721248144165,-0.2261705605047863
IDN,2015,6513,-2.0136449126304954,,,,,,,,,,-1.8730765157706002
IRL,2015,5741,0.1757696733373758,9.040961977951223,5.91328978775079,0.21253114224882555,-0.0006094981892618387,-0.4165168145837547,-0.38340834917949956,0.32244110928976283,0.10912670921873935,-0.06738116462710061,0.16007120938526823
ISL,2015,3371,0.3853908601425116,8.781011737983277,6.524864839981298,-0.007996932504163274,-0.02122013840096172,0.046761137649998646,0.14830368258283377,0.049058082422076515,0.09724197747985922,0.17552413104510697,0.7327330318670895
ISR,2015,6598,0.0165670454959943,8.453128183905909,5.586558030989587,-0.02322858131277546,-0.21561097754986924,-0.06259346733473199,-0.09569256527675873,-0.06511361183392252,-0.012735553893722077,-0.05955424954836347,0.16405512008662387
ITA,2015,11583,-0.21735344736684348,8.768601223076617,5.5813008220212845,-0.02030148422280146,0.17434269631703825,0.029639844552792338,0.0014258644879132749,-0.0987457580531853,-0.052954403682570796,0.19966319477783934,-0.06600309810620729
JOR,2015,7267,-0.7884416529568086,,,,,,,,,,-0.4237525631994201
JPN,2015,6647,-0.6207677141966558,7.8314094378813435,4.027341788119493,-0.939447780640111,-0.4512384516424911,-1.2074267400950316,-1.0545407756134733,-0.4417009316497055,-0.32283500196045983,-0.5309993518789241,-0.18438538208437713
KOR,2015,5581,-0.4697616207174107,7.38322288864894,5.622225972455876,-0.5707648658446927,-0.41808946307625483,-0.3369650510305616,-0.9531638131280186,-0.367473803207185,-0.37505881164882277,-0.4509067985455001,-0.1972339355584299
KSV,2015,4826,-0.7079745233303434,,,,,,,,,,-0.140886354409283
LBN,2015,4546,-0.6446616376129619,,,,,,,,,,-0.6046665685499678
LTU,2015,6525,-0.31500512917484447,7.917819217843438,6.4180330497492655,0.012114635777518097,0.11593963190675823,0.2393470684343019,-0.015010763578867128,-0.3012867509991458,0.13516599035444113,0.047850007713171376,-0.06461622834533029
LUX,2015,5299,0.17812988194902887,9.118234792853627,5.952075336303243,0.008758398094533531,0.15054846434759114,-0.02182977606497705,-0.041243944289085475,0.0031172290341920732,0.09676293928158654,-0.10891073526025145,0.0744988183042276
LVA,2015,4869,-0.22808412047733453,7.878583289399298,6.0784063864417295,-0.13483043031094902,0.1841377619220118,0.3060696919652284,0.15755668250913027,-0.19693594533176578,-0.00971035978952112,0.051857263064417326,-0.43592902826162383
MAC,2015,4476,-0.1739433494827849,7.7945248655860295,5.706019385454848,-0.16339476662766994,-0.08154814889267924,-0.05950444776051326,-0.08617627185924652,0.13720310569575,0.01662030750579127,0.17765589144879126,-0.5416284209164807
MDA,2015,5325,-1.0570448222291218,,,,,,,,,,-0.6868081022978523
MEX,2015,7568,-1.3998312697011304,5.683492524293895,5.001774213098554,-0.08956407316924572,-0.41116898885953157,0.2173325832190613,-0.15899206366767332,-0.1881064793919983,-0.3587481856722082,0.18307674805090254,-1.2237529888989054
MKD,2015,5324,-0.5982383842554734,,,,,,,,,,-0.23006110665553478
MLT,2015,3634,0.19153355788274415,,,,,,,,,,-0.05098217059363885
MNE,2015,5665,-0.5335958489472008,,,,,,,,,,-0.17538357643685495
NLD,2015,5385,0.5388895637742566,9.301351904299406,6.960083422356357,-0.03855943285238032,-0.13628087919208492,0.16712222316136002,0.4405814419354014,0.05312988756939015,-0.0218773184804012,-0.16040002232844586,0.16095531656504616
NOR,2015,5456,0.6083666022808807,,,,,,,,,,0.4810605681678585
NZL,2015,4520,0.2795916741616308,8.73169085361961,7.166424801747969,0.20744789667508443,0.027844185571945384,0.1985550643412035,0.42234233640619456,0.1767306425051965,0.11721763631430605,0.05700884203217268,0.1651928800013899
PER,2015,6971,-1.6186381286215656,5.5839437465492,5.31042554244947,-0.2719720437192665,-0.4843770935868882,-0.014555425110287092,-0.2579526682196904,-0.08246222183348521,-0.1514705950566625,0.16491657038552868,-1.0803633613695998
POL,2015,4478,-0.2753783760241492,8.64591813788454,5.303465311345297,0.017382546742636097,0.06969525118987767,0.2197742737598987,-0.20967514644235466,-0.14363649645588783,0.0477555650074732,0.12025041128405731,-0.39313145666851973
PRT,2015,7325,-0.22466566471547675,8.630368932141714,6.390733797396418,0.3857235118946291,0.18316728408105754,0.11757613293740196,0.07843980439149673,0.3824664315038559,-0.05718380597735933,0.42868778661916696,-0.3889634795634514
QAR,2015,1657,-0.30889164366960703,,,,,,,,,,0.010333964760141246
QAT,2015,12083,0.6240826676424039,,,,,,,,,,0.576706259391913
QCH,2015,9841,-1.0269012363158836,6.058217028025705,4.291818241546071,-0.49873667691339807,-0.4479537983468172,-0.4442597470207357,-0.6455910672494741,-0.3735820998507039,0.016563477345042123,0.07670616556132595,-1.0735865093121622
QES,2015,32330,-0.04885078543834987,8.730415259624474,5.9945256140919305,0.14600158207079003,-0.07984451828130927,-0.08597749407240018,-0.023122376430985744,0.19109386976163792,0.10077202230517132,0.14162785203756956,-0.5248145464978121
QUC,2015,1652,0.4555893398655363,,,,,,,,,,0.2119656787498044
QUD,2015,1398,-0.7066955395344575,,,,,,,,,,-0.3039464495822468
QUE,2015,1887,0.25237724258534894,,,,,,,,,,0.02308897166771718
ROU,2015,4876,-0.7662302551792614,,,,,,,,,,-0.5823045662313021
RUS,2015,6036,-0.33191698091079863,8.291385292734955,7.210076253279356,-0.03995805401852447,0.2869137089843623,0.5152286196403814,0.11581218850571558,-0.23892698154903833,-0.05343333423829076,0.22460731052656094,0.04848997972097844
SGP,2015,6115,0.1908908770360364,7.955320840912402,6.6914609050350595,-0.012358240868879225,-0.09473435052743592,0.029564246764056643,0.012520201517466594,0.284219897959909,0.20386386024464065,0.1473752085255157,0.030034059792240057
SVK,2015,6350,-0.2098302490414605,8.293993690229435,6.503706606283922,-0.13193103775315781,0.07654980764275394,0.21076089820069085,0.22089133458982238,-0.2506396596727578,-0.29808960386965144,0.02969248970967438,-0.10806461014934193
SVN,2015,6406,-0.0410539246887527,8.198882584274076,5.526782544370063,0.059429788498776656,-0.08187653809465309,0.15095824693350268,0.016263433128799354,-0.12676940260658476,-0.1408700986108138,0.024017254148162914,0.03139143911291458
SWE,2015,5458,0.48844480839612386,8.765680843399755,6.941216059791817,0.2678039321124627,0.0603503766897494,0.15630490123272764,0.5203839638144572,0.22940062312098972,0.1805649959465788,0.12744996113802376,0.3345569433966748
TAP,2015,7708,-0.2701847055685808,7.548392830686976,5.382667659775027,-0.1569460868898351,-0.05666587602005343,-0.4137120352472207,-0.38733433671675643,0.1027133392269448,0.04234967033437478,0.23434022107020552,-0.21251515231025522
THA,2015,8249,-1.1375051922996466,6.558195706791305,7.033885334595276,-0.2461494737201058,0.20396965333806702,0.6619805932256854,0.621728372087469,-0.11703810627509932,-0.21667660771084424,0.33462402897349786,-1.2266879372791826
TTO,2015,4692,-0.08919407306100628,,,,,,,,,,-0.22781427989844977
TUN,2015,5375,-1.2721770259775613,,,,,,,,,,-0.8340860374347335
TUR,2015,5895,-1.1788283889142,,,,,,,,,,-1.42791195036576
URY,2015,6062,-0.6900621852748189,7.737011322945836,5.8857578882638295,0.07404216621840522,0.06657334657333108,0.4036530362378407,0.15862460061213865,-0.016830525280455085,-0.16143830077691468,0.28753560072986784,-0.7777765662467118
USA,2015,5712,0.16343245193006156,,,,,,,,,,0.10139646437567144
VNM,2015,5826,-1.8114943375202717,,,,,,,,,,-1.8673671350105436
