outcome,pool,n_donors,cycle,observed,mc_counterfactual,gap,lam,rank,pre_rmse
math,stable_all_oecd,5,2015,420.454,431.0208340950385,-10.566834095038473,4.730624720297575,3,2.096715023073326
math,stable_all_oecd,5,2018,453.508,424.51261792191974,28.99538207808024,4.730624720297575,3,2.096715023073326
math,stable_all_oecd,5,2022,453.152,422.6953376759401,30.45666232405989,4.730624720297575,3,2.096715023073326
math,stable_all_oecd,5,2025,461.547,412.5652497519232,48.98175024807682,4.730624720297575,3,2.096715023073326
reading,stable_all_oecd,5,2015,428.335,455.709268004774,-27.374268004774024,5.451951240056763,3,2.1462855164794625
reading,stable_all_oecd,5,2018,465.632,445.12164243181974,20.510357568180268,5.451951240056763,3,2.1462855164794625
reading,stable_all_oecd,5,2022,456.084,444.5068325709886,11.57716742901141,5.451951240056763,3,2.1462855164794625
reading,stable_all_oecd,5,2025,472.095,431.2117688009159,40.88323119908415,5.451951240056763,3,2.1462855164794625
science,stable_all_oecd,8,2015,425.49,447.56878857237194,-22.078788572371934,6.964231518357202,5,3.6612435326450496
science,stable_all_oecd,8,2018,468.3,442.94392506258487,25.356074937415144,6.964231518357202,5,3.6612435326450496
science,stable_all_oecd,8,2022,475.938,451.04038453242964,24.897615467570347,6.964231518357202,5,3.6612435326450496
science,stable_all_oecd,8,2025,494.269,447.190492229321,47.07850777067898,6.964231518357202,5,3.6612435326450496
math,stable_plus_ambiguous_oecd,8,2015,420.454,431.9987823895249,-11.544782389524869,4.965447837521645,5,1.9553032219678557
math,stable_plus_ambiguous_oecd,8,2018,453.508,423.30824469384766,30.199755306152326,4.965447837521645,5,1.9553032219678557
math,stable_plus_ambiguous_oecd,8,2022,453.152,409.1723343924939,43.97966560750609,4.965447837521645,5,1.9553032219678557
math,stable_plus_ambiguous_oecd,8,2025,461.547,401.47250818555176,60.074491814448265,4.965447837521645,5,1.9553032219678557
reading,stable_plus_ambiguous_oecd,8,2015,428.335,458.0182713677108,-29.6832713677108,3.686223716689318,5,1.1992502448042166
reading,stable_plus_ambiguous_oecd,8,2018,465.632,443.6222040400193,22.009795959980693,3.686223716689318,5,1.1992502448042166
reading,stable_plus_ambiguous_oecd,8,2022,456.084,436.1680081670049,19.915991832995076,3.686223716689318,5,1.1992502448042166
reading,stable_plus_ambiguous_oecd,8,2025,472.095,424.18166896841734,47.913331031582686,3.686223716689318,5,1.1992502448042166
science,stable_plus_ambiguous_oecd,13,2015,425.49,448.62248575577496,-23.13248575577495,15.523165110450089,4,6.824202657511917
science,stable_plus_ambiguous_oecd,13,2018,468.3,442.5781416078545,25.72185839214552,15.523165110450089,4,6.824202657511917
science,stable_plus_ambiguous_oecd,13,2022,475.938,445.864779131911,30.07322086808898,15.523165110450089,4,6.824202657511917
science,stable_plus_ambiguous_oecd,13,2025,494.269,440.80605474480825,53.462945255191755,15.523165110450089,4,6.824202657511917
math,all_participants,10,2015,420.454,435.7276487233567,-15.2736487233567,4.0744457997288315,6,1.6098622469254502
math,all_participants,10,2018,453.508,428.488233110655,25.019766889344965,4.0744457997288315,6,1.6098622469254502
math,all_participants,10,2022,453.152,416.5974105556707,36.55458944432928,4.0744457997288315,6,1.6098622469254502
math,all_participants,10,2025,461.547,411.1604530198428,50.38654698015722,4.0744457997288315,6,1.6098622469254502
reading,all_participants,10,2015,428.335,457.3099539996561,-28.974953999656123,10.535988655326939,5,3.1959363776903857
reading,all_participants,10,2018,465.632,447.43492344288217,18.19707655711784,10.535988655326939,5,3.1959363776903857
reading,all_participants,10,2022,456.084,439.1763086861373,16.9076913138627,10.535988655326939,5,3.1959363776903857
reading,all_participants,10,2025,472.095,425.9487493333929,46.1462506666071,10.535988655326939,5,3.1959363776903857
science,all_participants,18,2015,425.49,434.7452171819678,-9.255217181967794,3.2478316549666975,6,1.3040581870523424
science,all_participants,18,2018,468.3,426.41298756902927,41.88701243097074,3.2478316549666975,6,1.3040581870523424
science,all_participants,18,2022,475.938,419.08312274931785,56.85487725068214,3.2478316549666975,6,1.3040581870523424
science,all_participants,18,2025,494.269,412.0600750757208,82.20892492427919,3.2478316549666975,6,1.3040581870523424
