cycle,domain,mean,se,sd,sd_se,oecd_avg_mean,oecd_avg_sd,source
2012,math,447.9844149789549,4.82965726959811,91.07181661677137,3.0529740488688075,494.0398551066578,91.86065969878423,"data/pisa/2012/982013041P1T001.XLS#Table I.2.3a satır 47 (Türkiye), 51 (OECD average)"
2015,math,420.4539803616803,4.128882685711861,81.91657917340709,2.3486433105263957,490.2038999231622,89.49130893064364,"data/pisa/2015/982016061P1T007.XLSX#Table I.5.3 satır 48 (Türkiye), 53 (OECD average)"
2018,math,453.50777794614606,2.2604068825297876,88.15585974849658,1.8279417415048218,489.2866400862712,90.55456730118367,"data/pisa/2018/EDU-2019-4228-EN-T014.XLSX#Table I.B1.5 satır 54 (Türkiye), 57 (OECD average)"
2022,math,453.15176740183233,1.5881505412241452,89.81236762350801,1.0356932340767606,472.3576499228968,90.13069842949052,"data/pisa/2022/xmrlsh.xlsx#Table I.B1.2.1 satır 45 (Türkiye), 48 (OECD average)"
2025,math,461.54657000000003,2.39744,97.09190000000001,1.4465100000000002,463.02078000000006,93.43335,"data/pisa/2025/annex_tables/mrq53f.xlsx#Table I.B1.2a.3 satır 96 (Türkiye), 10 (OECD average)"
2012,reading,475.4914660807516,4.214615264692614,85.92264827195595,2.372175421064377,496.4486612769352,94.35791878400444,"data/pisa/2012/982013041P1T003.XLS#Table I.4.3a satır 47 (Türkiye), 51 (OECD average)"
2015,reading,428.33509345452796,3.9640642485932016,82.39889807914149,2.0047475081503485,492.5489098209781,96.03172023125039,"data/pisa/2015/982016061P1T006.XLSX#Table I.4.3 satır 48 (Türkiye), 53 (OECD average)"
2018,reading,465.63166649860943,2.1712145076624227,87.66253220944672,1.6494216495319054,487.1259947625523,99.38830062915991,"data/pisa/2018/EDU-2019-4228-EN-T014.XLSX#Table I.B1.4 satır 54 (Türkiye), 57 (OECD average)"
2022,reading,456.08404072475236,1.852157497598982,86.53239218461698,1.057083756528022,475.5881987143185,100.5082681179133,"data/pisa/2022/xmrlsh.xlsx#Table I.B1.2.2 satır 45 (Türkiye), 48 (OECD average)"
2025,reading,472.09549000000004,2.3062500000000004,90.7077,1.4987300000000001,460.94416,101.21567,"data/pisa/2025/annex_tables/mrq53f.xlsx#Table I.B1.2a.2 satır 96 (Türkiye), 10 (OECD average)"
2012,science,463.4129090727329,3.8941409603529484,79.86199987266549,1.8541521886769268,501.1418673989523,92.79732017474727,"data/pisa/2012/982013041P1T004.XLS#Table I.5.3a satır 47 (Türkiye), 51 (OECD average)"
2015,science,425.4895095332602,3.9339008643121534,79.26156451773197,1.8914833317067503,493.2017129961685,94.41457173328729,"data/pisa/2015/982016061P1T004.XLSX#Table I.2.3 satır 48 (Türkiye), 53 (OECD average)"
2018,science,468.2996186956931,2.0130490436301587,83.52679278779263,1.623200666256338,488.6623774845842,93.54446237359132,"data/pisa/2018/EDU-2019-4228-EN-T014.XLSX#Table I.B1.6 satır 54 (Türkiye), 57 (OECD average)"
2022,science,475.9378020991971,1.928091578121326,89.36757497539253,1.0990247088171239,484.6455247887445,97.49762757833842,"data/pisa/2022/xmrlsh.xlsx#Table I.B1.2.3 satır 45 (Türkiye), 48 (OECD average)"
2025,science,494.26907000000006,2.3050200000000003,94.48270000000001,1.4065,481.90834000000007,98.63806000000001,"data/pisa/2025/annex_tables/mrq53f.xlsx#Table I.B1.2a.1 satır 96 (Türkiye), 10 (OECD average)"
