iso3,2003,2006,2009,2012,2015,2018,2022,2025
TUR,423.419,423.941,445.451,447.984,420.454,453.508,453.152,461.547
BEL,529.286,520.349,515.272,514.529,506.984,508.07,489.487,479.686
CHE,526.553,529.656,533.961,530.931,521.251,515.315,507.991,499.147
DEU,502.986,503.791,512.778,513.525,505.971,500.044,474.826,463.806
FIN,544.289,548.358,540.504,518.75,511.077,507.301,484.139,468.695
FRA,510.799,495.538,496.782,494.985,492.92,495.408,473.944,457.655
ISL,515.109,505.545,506.669,492.796,488.033,495.187,458.914,449.73
JPN,534.137,523.103,528.993,536.407,532.44,526.973,535.579,525.376
SWE,509.046,502.356,494.238,478.261,493.918,502.388,481.766,464.251
