iso3,2006,2009,2012,2015,2018,2022,2025
TUR,423.833,453.91,463.413,425.49,468.3,475.938,494.269
BEL,510.363,506.576,504.868,502.0,498.773,490.578,489.71
CHE,511.524,516.568,515.298,505.506,495.276,502.523,501.238
CHL,438.177,447.467,444.934,446.956,443.583,443.543,442.361
COL,388.038,401.75,398.679,415.729,413.323,411.121,413.731
DEU,515.649,520.405,524.121,509.141,502.989,492.427,485.521
EST,531.392,527.832,541.405,534.194,530.108,525.812,527.117
FIN,563.323,554.08,545.442,530.661,521.885,510.959,504.372
FRA,495.22,498.227,498.971,494.978,492.977,487.225,483.421
ISL,490.794,495.599,478.155,473.23,475.024,446.967,441.38
ISR,453.904,454.851,470.073,466.553,462.197,464.752,442.009
JPN,531.389,539.431,546.736,538.395,529.135,546.634,537.586
LTU,487.957,491.41,495.7,475.409,482.067,484.463,487.739
SWE,503.334,495.106,484.799,493.422,499.445,493.549,485.111
