country,window,d_excl,d_math,d_read,d_sci
Australia,2015-2018,0.40488160981354504,-2.5360000000000014,-0.26900000000000546,-7.029000000000053
Austria,2015-2018,0.4313158132846606,2.1999999999999886,-0.4730000000000132,-5.257000000000005
Belgium,2015-2018,0.2759083817066714,1.0860000000000127,-5.660000000000025,-3.2269999999999754
Brazil,2015-2018,0.09969695861282624,6.499000000000024,5.524000000000001,2.9389999999999645
Canada,2015-2018,-0.6205796101217853,-3.6299999999999955,-6.581999999999994,-9.706999999999994
Switzerland,2015-2018,2.328415162305861,-5.935999999999922,-8.269000000000005,-10.229999999999961
Chile,2015-2018,0.18291115815998027,-5.26400000000001,-6.298000000000002,-3.3729999999999905
Colombia,2015-2018,0.3927796795886711,1.288000000000011,-12.609999999999957,-2.406000000000006
Costa Rica,2015-2018,0.3556905659160706,2.0780000000000314,-0.9900000000000091,-3.98599999999999
Germany,2015-2018,0.5866493371707744,-5.927000000000021,-10.824999999999989,-6.152000000000044
Denmark,2015-2018,0.6638780356683425,-1.6899999999999977,1.3149999999999977,-9.300000000000011
Estonia,2015-2018,-0.489411038015251,3.8859999999999673,3.8740000000000236,-4.086000000000013
Finland,2015-2018,0.6475255047607091,-3.7760000000000105,-6.346000000000004,-8.775999999999954
France,2015-2018,-1.5877622141205512,2.4879999999999995,-6.699999999999989,-2.001000000000033
United Kingdom,2015-2018,-2.765333745441552,9.290999999999997,5.956000000000017,-4.555000000000007
Georgia,2015-2018,-1.5592379328136143,-6.247000000000014,-21.535000000000025,-28.468000000000018
Greece,2015-2018,0.1921521554745429,-2.259999999999991,-9.626000000000033,-3.1960000000000264
Hungary,2015-2018,0.37223748302091586,4.2520000000000095,6.463999999999999,4.163999999999987
Ireland,2015-2018,0.8011997608285664,-4.088999999999999,-2.73700000000008,-6.461000000000013
Iceland,2015-2018,2.367155767205396,7.153999999999996,-7.552000000000021,1.7939999999999827
Israel,2015-2018,6.7811905467941145,-6.633999999999958,-8.545999999999992,-4.3559999999999945
Italy,2015-2018,-3.047888674614,-3.13900000000001,-8.472999999999956,-12.535000000000025
Japan,2015-2018,0.04234703732205514,-5.467000000000098,-12.101999999999975,-9.259999999999991
Korea,2015-2018,-0.3240526849182209,1.8269999999999982,-3.384999999999991,3.1970000000000027
Lithuania,2015-2018,-1.7936454112151416,2.8079999999999927,3.466000000000008,6.6580000000000155
Luxembourg,2015-2018,-0.24713706584579764,-2.3500000000000227,-11.454000000000008,-6.036999999999978
Latvia,2015-2018,-0.7854907627606016,13.82099999999997,-9.058999999999969,-2.9740000000000464
Mexico,2015-2018,0.3304404935078765,0.7779999999999632,-2.8070000000000164,3.4950000000000045
Netherlands,2015-2018,2.570774245330468,6.977999999999952,-18.17500000000001,-5.190999999999974
Norway,2015-2018,1.1279090730107253,-0.7660000000000196,-13.740000000000009,-8.067999999999984
New Zealand,2015-2018,0.2352182212688696,-0.7330000000000041,-3.5440000000000396,-4.812999999999988
Poland,2015-2018,1.3905141919620538,11.17900000000003,6.158999999999992,9.600999999999999
Portugal,2015-2018,1.079316075682633,0.8600000000000136,-6.328000000000031,-9.423000000000002
Slovak Republic,2015-2018,-2.918319680101622,10.935000000000002,5.46999999999997,3.2730000000000246
Slovenia,2015-2018,0.45628234053427086,-1.0219999999999914,-9.870000000000005,-5.857000000000028
Sweden,2015-2018,5.380475441484807,8.46999999999997,5.629000000000019,6.022999999999968
Türkiye,2015-2018,4.567952034354175,33.053999999999974,37.297000000000025,42.81
United States,2015-2018,0.5202399879766295,8.617000000000019,8.418000000000006,6.137999999999977
Australia,2018-2022,1.1528188625894247,-4.2760000000000105,-4.581000000000017,4.036000000000001
Austria,2018-2022,0.9750713093251799,-11.674000000000035,-3.9869999999999663,1.4910000000000423
Belgium,2018-2022,0.4753910522949041,-18.58299999999997,-14.010999999999967,-8.19500000000005
Brazil,2018-2022,0.2666809036864244,-4.878000000000043,-2.5159999999999627,-0.6200000000000045
Canada,2018-2022,-1.0461381440020308,-15.069000000000074,-12.953000000000031,-2.9809999999999945
Switzerland,2018-2022,-0.9047212989069662,-7.324000000000069,-0.59699999999998,7.247000000000014
Chile,2018-2022,0.9391843597250864,-5.7099999999999795,-4.29400000000004,-0.040000000000020464
Colombia,2018-2022,0.09313207132992657,-8.235000000000014,-3.6299999999999955,-2.201999999999998
Costa Rica,2018-2022,-0.4829260039454811,-17.754999999999995,-11.264999999999986,-4.634999999999991
Germany,2018-2022,-0.23978634584254177,-25.21799999999996,-18.485000000000014,-10.561999999999955
Denmark,2018-2022,5.849730573190993,-20.124000000000024,-12.329000000000008,1.1789999999999736
Estonia,2018-2022,0.8500995314740063,-13.467999999999961,-11.98700000000008,-4.295999999999935
Finland,2018-2022,-0.14170090948847136,-23.161999999999978,-29.860999999999933,-10.925999999999988
France,2018-2022,1.1412416025104335,-21.464,-18.75400000000002,-5.751999999999953
United Kingdom,2018-2022,-0.5317795996827765,-12.794999999999959,-9.523000000000025,-4.996999999999957
Georgia,2018-2022,1.97845093190546,-7.562000000000012,-5.894999999999982,1.40300000000002
Greece,2018-2022,-0.6279991104470539,-21.22399999999999,-18.973000000000013,-10.84699999999998
Hungary,2018-2022,0.9952907866207403,-8.307000000000016,-3.0120000000000005,4.978000000000009
Ireland,2018-2022,-0.28707408386081923,-7.984999999999957,-2.0679999999999836,7.732000000000028
Iceland,2018-2022,-1.1707291573261136,-36.273000000000025,-38.05099999999999,-28.057000000000016
Israel,2018-2022,-6.454484923397626,-5.138000000000034,3.4180000000000064,2.555000000000007
Italy,2018-2022,2.3148292901384897,-15.33099999999996,5.312999999999988,9.451000000000022
Japan,2018-2022,0.12233217787029416,8.605999999999995,11.999000000000024,17.499000000000024
Kazakhstan,2018-2022,-1.6562941760931942,2.2930000000000064,-0.6239999999999668,26.06099999999998
Korea,2018-2022,0.906398394394064,1.3700000000000045,1.3629999999999427,8.815000000000055
Lithuania,2018-2022,3.181973992001902,-6.043999999999983,-4.038999999999987,2.396000000000015
Latvia,2018-2022,3.620850161932,-12.966999999999985,-4.1299999999999955,6.592000000000041
Mexico,2018-2022,0.1694696640046418,-13.771000000000015,-5.110000000000014,-9.317999999999984
Netherlands,2018-2022,2.189858518074235,-26.555000000000007,-25.540999999999997,-15.067000000000007
Norway,2018-2022,-0.6113530785572996,-32.51400000000001,-22.92700000000002,-12.187000000000012
New Zealand,2018-2022,-1.005881706176277,-15.415999999999997,-4.873999999999967,-4.361999999999966
Poland,2018-2022,1.0178132796546921,-26.688000000000045,-23.141999999999996,-11.872000000000014
Portugal,2018-2022,1.6451104149783538,-20.576000000000022,-15.211999999999989,-7.3040000000000305
Serbia,2018-2022,1.4383356376935756,-8.406000000000006,0.88900000000001,7.586999999999989
Slovak Republic,2018-2022,1.1460989780498232,-22.170000000000016,-11.12299999999999,-1.7789999999999964
Slovenia,2018-2022,-0.6786092373179815,-24.369000000000028,-26.810000000000002,-7.04200000000003
Sweden,2018-2022,-3.700126493675546,-20.621999999999957,-18.810000000000002,-5.896000000000015
Türkiye,2018-2022,-0.09395599460430137,-0.35599999999999454,-9.548000000000002,7.637999999999977
United States,2018-2022,2.320861470336899,-13.357000000000028,-1.4150000000000205,-2.966000000000008
Australia,2022-2025,-1.4297390184162264,-9.557000000000016,-7.187999999999988,2.105000000000018
Austria,2022-2025,1.2259720915883938,-10.073999999999955,-13.194000000000017,5.641999999999996
Belgium,2022-2025,1.8050144007138802,-9.801000000000045,-12.525000000000034,-0.867999999999995
Brazil,2022-2025,-0.07236146660708753,-1.9230000000000018,-2.3490000000000464,5.539000000000044
Canada,2022-2025,-0.7576136769544757,-11.609999999999957,-17.30699999999996,-4.962000000000046
Switzerland,2022-2025,-0.20370016788502276,-8.843999999999994,-13.278999999999996,-1.285000000000025
Chile,2022-2025,-0.4698251643666156,-9.052000000000021,-12.322999999999979,-1.1820000000000164
Colombia,2022-2025,-0.1877411946763159,-2.1680000000000064,-9.398000000000025,2.6100000000000136
Costa Rica,2022-2025,0.229277212245656,2.5149999999999864,0.8020000000000209,12.983000000000004
Germany,2022-2025,0.648295064830851,-11.020000000000039,-14.512,-6.906000000000006
Denmark,2022-2025,-3.2644369805528406,-18.646000000000015,-28.791999999999973,-16.274999999999977
Spain,2022-2025,3.8738768335281115,-15.690999999999974,-22.951000000000022,-7.406999999999982
Estonia,2022-2025,0.9777816281012814,-2.0509999999999877,-11.785999999999945,1.30499999999995
Finland,2022-2025,0.9656960706945643,-15.444000000000017,-15.920999999999992,-6.586999999999989
France,2022-2025,2.5383048496973837,-16.289000000000044,-17.516999999999996,-3.8040000000000305
United Kingdom,2022-2025,2.638354462802721,-1.4010000000000105,-0.17399999999997817,11.685999999999979
Georgia,2022-2025,-1.1909601427183847,26.339,10.32099999999997,38.05200000000002
Greece,2022-2025,1.10768389526335,-6.29400000000004,-15.777999999999963,-6.500999999999976
Hungary,2022-2025,-0.8339323015231872,-13.287000000000035,-20.66900000000004,-5.978000000000009
Ireland,2022-2025,-0.23958201583965977,-11.773000000000025,-15.562999999999988,-4.249000000000024
Iceland,2022-2025,1.870943792861084,-9.183999999999969,-13.637999999999977,-5.586999999999989
Italy,2022-2025,1.284620140879567,-3.4960000000000377,-7.307999999999993,5.5190000000000055
Japan,2022-2025,0.3058286067432001,-10.202999999999975,-13.140000000000043,-9.048000000000002
Kazakhstan,2022-2025,0.1842416084307983,-11.724000000000046,-1.4870000000000232,-3.617999999999995
Korea,2022-2025,-0.47741339632538826,-5.0049999999999955,-14.853999999999985,-1.7169999999999845
Lithuania,2022-2025,-2.024420579284884,-4.656000000000006,-7.78000000000003,3.2759999999999536
Latvia,2022-2025,-1.2908249475989875,-22.665999999999997,-44.89000000000004,-25.476
Mexico,2022-2025,-0.662356756359171,-7.442999999999984,-7.420999999999992,3.6779999999999973
Netherlands,2022-2025,0.8986312656421642,-9.406000000000006,-17.897999999999968,-2.8659999999999854
Norway,2022-2025,3.114189057953104,-16.670000000000016,-23.723000000000013,-8.01400000000001
New Zealand,2022-2025,2.3565386239316854,0.5450000000000159,-3.809000000000026,5.2690000000000055
Poland,2022-2025,2.5463885259088492,-4.838999999999999,-7.177000000000021,-4.09699999999998
Portugal,2022-2025,0.793568986308971,-11.968000000000018,-14.562000000000012,-2.6569999999999823
El Salvador,2022-2025,-0.321045306604108,2.781000000000006,1.52800000000002,11.531999999999982
Serbia,2022-2025,2.2237563138007,-23.141999999999996,-25.75600000000003,-18.466000000000008
Slovak Republic,2022-2025,0.35525653295478676,5.103000000000009,1.1059999999999945,12.603000000000009
Slovenia,2022-2025,-0.3748603984991319,-24.692999999999984,-23.78800000000001,-16.242999999999995
Sweden,2022-2025,-0.03089065745794617,-17.515000000000043,-20.539000000000044,-8.437999999999988
Türkiye,2022-2025,-2.8334034872595653,8.395000000000039,16.011000000000024,18.331000000000017
United States,2022-2025,0.7221015685854679,-2.0399999999999636,-14.418999999999983,2.1690000000000396
