scope,spec,iso3,n,our_residual,oecd_rel_perf,oecd_se,rank_ours,rank_oecd
all,linear,ARE,41,-29.51,-43,2.1,3,3
all,linear,AUS,41,12.05,7,1.5,31,34
all,linear,AUT,41,7.38,-5,2.7,23,23
all,linear,BEL,41,-0.16,-10,2.1,18,19
all,linear,BGR,41,-38.08,-54,3.0,2,1
all,linear,BRA,41,22.72,7,2.9,40,34
all,linear,CAN,41,5.06,0,1.9,21,28
all,linear,CHL,41,12.18,1,2.7,32,29
all,linear,COL,41,6.49,-7,2.8,22,22
all,linear,CZE,41,10.25,1,2.4,30,29
all,linear,DEU,41,-4.96,-12,2.6,16,17
all,linear,DNK,41,0.19,-11,2.5,19,18
all,linear,ESP,41,-9.83,-20,3.8,10,10
all,linear,EST,41,-9.5,-15,1.9,11,14
all,linear,FIN,41,-4.94,-8,2.0,17,21
all,linear,FRA,41,12.48,5,2.7,34,33
all,linear,HKG,41,-12.14,-16,2.7,9,12
all,linear,HRV,41,-14.96,-22,2.5,8,9
all,linear,HUN,41,-26.39,-34,2.6,4,4
all,linear,IRL,41,-15.73,-18,2.9,7,11
all,linear,ISR,41,-19.06,-28,2.8,6,6
all,linear,ITA,41,20.05,10,3.5,38,37
all,linear,JPN,41,13.51,11,2.0,35,39
all,linear,KOR,41,20.43,14,2.6,39,41
all,linear,MAC,41,19.47,8,1.1,37,36
all,linear,MNE,41,-6.84,-24,1.4,14,8
all,linear,MYS,41,10.15,-14,2.2,29,15
all,linear,NLD,41,-6.52,-16,3.5,15,12
all,linear,NOR,41,8.68,1,3.1,26,29
all,linear,POL,41,-38.2,-44,3.5,1,2
all,linear,PRT,41,7.59,-3,2.7,24,26
all,linear,RUS,41,9.06,-4,2.4,27,25
all,linear,SGP,41,8.61,2,1.0,25,32
all,linear,SRB,41,27.59,11,2.4,41,39
all,linear,SVK,41,12.42,-5,2.4,33,23
all,linear,SVN,41,-21.72,-34,1.3,5,4
all,linear,SWE,41,9.72,-1,2.8,28,27
all,linear,TUR,41,-6.88,-14,1.9,13,15
all,linear,TWN,41,0.64,-9,1.8,20,20
all,linear,URY,41,-8.36,-27,2.9,12,7
all,linear,USA,41,17.05,10,2.1,36,37
all,quadratic,ARE,41,-28.68,-43,2.1,3,3
all,quadratic,AUS,41,12.58,7,1.5,32,34
all,quadratic,AUT,41,8.73,-5,2.7,25,23
all,quadratic,BEL,41,0.61,-10,2.1,19,19
all,quadratic,BGR,41,-37.32,-54,3.0,2,1
all,quadratic,BRA,41,19.15,7,2.9,39,34
all,quadratic,CAN,41,4.71,0,1.9,23,28
all,quadratic,CHL,41,12.62,1,2.7,33,29
all,quadratic,COL,41,1.33,-7,2.8,20,22
all,quadratic,CZE,41,11.61,1,2.4,30,29
all,quadratic,DEU,41,-4.65,-12,2.6,17,17
all,quadratic,DNK,41,1.64,-11,2.5,21,18
all,quadratic,ESP,41,-7.98,-20,3.8,13,10
all,quadratic,EST,41,-10.26,-15,1.9,11,14
all,quadratic,FIN,41,-6.07,-8,2.0,15,21
all,quadratic,FRA,41,13.86,5,2.7,34,33
all,quadratic,HKG,41,-16.71,-16,2.7,7,12
all,quadratic,HRV,41,-12.99,-22,2.5,9,9
all,quadratic,HUN,41,-24.51,-34,2.6,4,4
all,quadratic,IRL,41,-15.46,-18,2.9,8,11
all,quadratic,ISR,41,-17.03,-28,2.8,6,6
all,quadratic,ITA,41,21.81,10,3.5,40,37
all,quadratic,JPN,41,10.97,11,2.0,28,39
all,quadratic,KOR,41,17.6,14,2.6,36,41
all,quadratic,MAC,41,19.09,8,1.1,38,36
all,quadratic,MNE,41,-8.78,-24,1.4,12,8
all,quadratic,MYS,41,8.05,-14,2.2,24,15
all,quadratic,NLD,41,-6.54,-16,3.5,14,12
all,quadratic,NOR,41,10.24,1,3.1,27,29
all,quadratic,POL,41,-38.38,-44,3.5,1,2
all,quadratic,PRT,41,9.44,-3,2.7,26,26
all,quadratic,RUS,41,11.05,-4,2.4,29,25
all,quadratic,SGP,41,3.68,2,1.0,22,32
all,quadratic,SRB,41,28.77,11,2.4,41,39
all,quadratic,SVK,41,14.44,-5,2.4,35,23
all,quadratic,SVN,41,-20.3,-34,1.3,5,4
all,quadratic,SWE,41,11.7,-1,2.8,31,27
all,quadratic,TUR,41,-5.02,-14,1.9,16,15
all,quadratic,TWN,41,-1.23,-9,1.8,18,20
all,quadratic,URY,41,-10.53,-27,2.9,10,7
all,quadratic,USA,41,18.77,10,2.1,37,37
oecd,linear,AUS,28,12.3,7,1.5,24,24
oecd,linear,AUT,28,7.11,-5,2.7,17,15
oecd,linear,BEL,28,-0.05,-10,2.1,13,12
oecd,linear,CAN,28,5.71,0,1.9,15,19
oecd,linear,CHL,28,9.22,1,2.7,20,20
oecd,linear,COL,28,1.7,-7,2.8,14,14
oecd,linear,CZE,28,9.97,1,2.4,21,20
oecd,linear,DEU,28,-4.61,-12,2.6,10,10
oecd,linear,DNK,28,-0.17,-11,2.5,12,11
oecd,linear,ESP,28,-10.62,-20,3.8,6,5
oecd,linear,EST,28,-8.69,-15,1.9,8,8
oecd,linear,FIN,28,-3.98,-8,2.0,11,13
oecd,linear,FRA,28,12.19,5,2.7,23,23
oecd,linear,HUN,28,-27.24,-34,2.6,2,2
oecd,linear,IRL,28,-15.36,-18,2.9,5,6
oecd,linear,ISR,28,-20.43,-28,2.8,4,4
oecd,linear,ITA,28,19.38,10,3.5,27,25
oecd,linear,JPN,28,14.92,11,2.0,25,27
oecd,linear,KOR,28,21.93,14,2.6,28,28
oecd,linear,NLD,28,-6.01,-16,3.5,9,7
oecd,linear,NOR,28,8.23,1,3.1,18,20
oecd,linear,POL,28,-37.62,-44,3.5,1,1
oecd,linear,PRT,28,6.81,-3,2.7,16,17
oecd,linear,SVK,28,10.96,-5,2.4,22,15
oecd,linear,SVN,28,-22.05,-34,1.3,3,2
oecd,linear,SWE,28,8.69,-1,2.8,19,18
oecd,linear,TUR,28,-8.75,-14,1.9,7,9
oecd,linear,USA,28,16.44,10,2.1,26,25
oecd,quadratic,AUS,28,12.31,7,1.5,23,24
oecd,quadratic,AUT,28,7.94,-5,2.7,16,15
oecd,quadratic,BEL,28,0.2,-10,2.1,13,12
oecd,quadratic,CAN,28,4.84,0,1.9,15,19
oecd,quadratic,CHL,28,9.09,1,2.7,18,20
oecd,quadratic,COL,28,-4.1,-7,2.8,12,14
oecd,quadratic,CZE,28,10.81,1,2.4,21,20
oecd,quadratic,DEU,28,-4.82,-12,2.6,11,10
oecd,quadratic,DNK,28,0.77,-11,2.5,14,11
oecd,quadratic,ESP,28,-9.29,-20,3.8,7,5
oecd,quadratic,EST,28,-9.96,-15,1.9,6,8
oecd,quadratic,FIN,28,-5.63,-8,2.0,10,13
oecd,quadratic,FRA,28,13.05,5,2.7,25,23
oecd,quadratic,HUN,28,-25.88,-34,2.6,2,2
oecd,quadratic,IRL,28,-15.61,-18,2.9,5,6
oecd,quadratic,ISR,28,-18.93,-28,2.8,4,4
oecd,quadratic,ITA,28,20.62,10,3.5,28,25
oecd,quadratic,JPN,28,11.86,11,2.0,22,27
oecd,quadratic,KOR,28,18.58,14,2.6,27,28
oecd,quadratic,NLD,28,-6.55,-16,3.5,9,7
oecd,quadratic,NOR,28,9.26,1,3.1,19,20
oecd,quadratic,POL,28,-38.32,-44,3.5,1,1
oecd,quadratic,PRT,28,8.13,-3,2.7,17,17
oecd,quadratic,SVK,28,12.44,-5,2.4,24,15
oecd,quadratic,SVN,28,-21.15,-34,1.3,3,2
oecd,quadratic,SWE,28,10.14,-1,2.8,20,18
oecd,quadratic,TUR,28,-7.43,-14,1.9,8,9
oecd,quadratic,USA,28,17.63,10,2.1,26,25
