iso3,window,domain,change,oecd_avg_change,n,rel,rank_among_oecd,n_oecd,rank_among_all,n_all
GEO,2015→2025,science,10.987000000000023,-6.849842105263153,38,17.836842105263177,NA,NA,9,65
HUN,2015→2025,science,3.1639999999999873,-6.849842105263153,38,10.01384210526314,7,38,20,65
TUR,2015→2025,science,68.779,-6.849842105263153,38,75.62884210526315,1,38,1,65
GEO,2015→2025,reading,-17.109000000000037,-27.582500000000003,38,10.473499999999966,NA,NA,28,65
HUN,2015→2025,reading,-17.21700000000004,-27.582500000000003,38,10.365499999999962,13,38,29,65
TUR,2015→2025,reading,43.76000000000005,-27.582500000000003,38,71.34250000000006,1,38,1,65
GEO,2015→2025,math,12.529999999999973,-21.858447368421064,38,34.38844736842104,NA,NA,5,66
HUN,2015→2025,math,-17.34200000000004,-21.858447368421064,38,4.516447368421023,14,38,32,66
TUR,2015→2025,math,41.09300000000002,-21.858447368421064,38,62.951447368421086,1,38,1,66
GEO,2022→2025,science,38.05200000000002,-2.518324324324324,37,40.570324324324346,NA,NA,3,79
HUN,2022→2025,science,-5.978000000000009,-2.518324324324324,37,-3.4596756756756846,25,37,57,79
TUR,2022→2025,science,18.331000000000017,-2.518324324324324,37,20.849324324324343,1,37,10,79
GEO,2022→2025,reading,10.32099999999997,-14.166108108108107,37,24.487108108108075,NA,NA,9,78
HUN,2022→2025,reading,-20.66900000000004,-14.166108108108107,37,-6.502891891891933,31,37,67,78
TUR,2022→2025,reading,16.011000000000024,-14.166108108108107,37,30.17710810810813,1,37,5,78
GEO,2022→2025,math,26.339,-9.205432432432435,37,35.54443243243243,NA,NA,3,78
HUN,2022→2025,math,-13.287000000000035,-9.205432432432435,37,-4.0815675675676,28,37,65,78
TUR,2022→2025,math,8.395000000000039,-9.205432432432435,37,17.600432432432473,1,37,8,78
GEO,2018→2025,science,39.45500000000004,-4.7971081081081,37,44.25210810810814,NA,NA,2,77
HUN,2018→2025,science,-1,-4.7971081081081,37,3.7971081081081,16,37,36,77
TUR,2018→2025,science,25.968999999999994,-4.7971081081081,37,30.766108108108092,1,37,5,77
GEO,2018→2025,reading,4.425999999999988,-24.284108108108107,37,28.710108108108095,NA,NA,8,77
HUN,2018→2025,reading,-23.68100000000004,-24.284108108108107,37,0.6031081081080671,19,37,45,77
TUR,2018→2025,reading,6.463000000000022,-24.284108108108107,37,30.74710810810813,1,37,6,77
GEO,2018→2025,math,18.776999999999987,-23.97840540540541,37,42.7554054054054,NA,NA,4,78
HUN,2018→2025,math,-21.59400000000005,-23.97840540540541,37,2.38440540540536,18,37,51,78
TUR,2018→2025,math,8.039000000000044,-23.97840540540541,37,32.017405405405455,1,37,10,78
