scope,spec,covariate,n,coef,coef_se,rmse_without,rmse_with,tur_resid_without,tur_resid_with,tur_share_remaining,tur_rank_without,tur_rank_with
all,linear,PROG,83,[-13.345],[20.217],19.5,19.57,-31.76,-32.01,1.008,5,5
all,linear,ROBOT,83,[-25.428],[23.867],19.5,19.48,-31.76,-31.29,0.985,5,5
all,linear,ICTSCH,44,[20.484],[10.122],16.86,16.27,-30.36,-27.85,0.917,3,2
all,linear,ICTRES,51,[2.813],[5.851],23.24,23.42,-31.21,-28.73,0.921,5,5
all,linear,CPPK,83,[0.481],[0.164],19.5,18.65,-31.76,-24.78,0.78,5,6
all,linear,PROG+ICTRES,51,"[-37.692, 3.603]","[31.915, 5.865]",23.24,23.32,-31.21,-30.16,0.967,5,5
all,quadratic,PROG,83,[-12.333],[18.682],18.02,18.08,-35.09,-35.31,1.006,3,3
all,quadratic,ROBOT,83,[-14.416],[22.347],18.02,18.08,-35.09,-34.75,0.99,3,3
all,quadratic,ICTSCH,44,[7.54],[12.046],15.69,15.8,-34.47,-32.88,0.954,1,1
all,quadratic,ICTRES,51,[-3.673],[5.864],21.61,21.75,-34.93,-38.48,1.102,3,3
all,quadratic,CPPK,83,[0.382],[0.156],18.02,17.48,-35.09,-29.17,0.831,3,4
all,quadratic,PROG+ICTRES,51,"[-30.078, -2.843]","[29.876, 5.92]",21.61,21.75,-34.93,-39.32,1.126,3,3
oecd,linear,PROG,38,[3.989],[21.623],10.7,10.85,-33.49,-33.58,1.003,1,1
oecd,linear,ROBOT,38,[2.768],[30.657],10.7,10.85,-33.49,-33.63,1.004,1,1
oecd,linear,ICTSCH,24,[74.491],[28.974],12.05,10.76,-31.13,-14.54,0.467,1,3
oecd,linear,ICTRES,13,[12.948],[8.772],14.67,13.94,-30.56,-15.24,0.499,1,2
oecd,linear,CPPK,38,[0.423],[0.135],10.7,9.59,-33.49,-25.86,0.772,1,2
oecd,linear,PROG+ICTRES,13,"[-157.297, 13.751]","[82.151, 7.806]",14.67,12.39,-30.56,-9.79,0.32,1,3
oecd,quadratic,PROG,38,[5.769],[21.997],10.8,10.95,-32.95,-33.05,1.003,1,1
oecd,quadratic,ROBOT,38,[6.28],[31.301],10.8,10.96,-32.95,-33.25,1.009,1,1
oecd,quadratic,ICTSCH,24,[74.633],[29.789],12.18,11.02,-29.72,-14.53,0.489,1,3
oecd,quadratic,ICTRES,13,[18.692],[7.976],15.07,13.08,-30.15,-7.53,0.25,1,2
oecd,quadratic,CPPK,38,[0.439],[0.135],10.8,9.59,-32.95,-24.73,0.751,1,2
oecd,quadratic,PROG+ICTRES,13,"[-136.996, 18.28]","[79.861, 7.241]",15.07,11.87,-30.15,-4.28,0.142,1,3
