unit,ratio,post_gap_mean
LTU,13466.759289044407,-5.541139429211128
DEU,6274.381703060396,-16.974906845532246
FRA,39.71912395165011,0.429940781305433
CHE,28.54177447184409,-2.0839859128222287
CHL,9.781427738339703,-3.334188924488629
ISL,5.593591443042734,-20.730761211780006
SWE,5.308599613851804,21.50287674773824
BEL,4.437080403693104,1.6668395420605293
ISR,2.9036778701177313,-8.271861582065839
JPN,2.433481293786187,10.963077895808937
treated,2.433359204705919,8.794613310635626
EST,1.7634672193275345,3.7991070682971895
FIN,1.2287331098918488,-20.96815460264915
COL,0.646812241787332,-30.63489208790577
