domain,pool,oecd_only,drop_asterisk,drop_paper2015,n_donors,pre_rmspe,gap_2025,post_gap_mean,top_donor,top_w
math,stable_all,TRUE,TRUE,TRUE,5,9.44,50.38,26.16,CHE,0.73
reading,stable_all,TRUE,TRUE,TRUE,5,2.61,34.14,7.56,JPN,0.79
science,stable_all,TRUE,TRUE,TRUE,8,10.94,48.82,20.2,JPN,1
math,stable_plus_ambiguous,TRUE,TRUE,TRUE,8,6.67,70.81,34.07,DEU,1
reading,stable_plus_ambiguous,TRUE,TRUE,TRUE,8,2.36,33.06,6.69,JPN,0.86
science,stable_plus_ambiguous,TRUE,TRUE,TRUE,13,10.94,48.82,20.2,JPN,1
math,stable_all,FALSE,TRUE,TRUE,5,9.44,50.38,26.16,CHE,0.73
reading,stable_all,FALSE,TRUE,TRUE,5,2.61,34.14,7.56,JPN,0.79
science,stable_all,FALSE,TRUE,TRUE,11,2.49,-16.38,-36.14,QAT,1
math,stable_plus_ambiguous,FALSE,TRUE,TRUE,9,6.67,70.81,34.07,DEU,1
reading,stable_plus_ambiguous,FALSE,TRUE,TRUE,9,2.36,33.06,6.69,JPN,0.86
science,stable_plus_ambiguous,FALSE,TRUE,TRUE,17,2.49,-16.38,-36.14,QAT,1
math,stable_all,TRUE,FALSE,TRUE,12,9.44,50.39,26.16,CHE,0.73
reading,stable_all,TRUE,FALSE,TRUE,12,2.41,31.68,3.72,JPN,0.78
science,stable_all,TRUE,FALSE,TRUE,15,10.94,48.82,20.2,JPN,1
math,stable_plus_ambiguous,TRUE,FALSE,TRUE,17,1.37,42.94,9.51,PRT,1
reading,stable_plus_ambiguous,TRUE,FALSE,TRUE,17,2.36,33.06,6.69,JPN,0.86
science,stable_plus_ambiguous,TRUE,FALSE,TRUE,22,10.01,52.58,15.3,PRT,0.89
math,stable_all,FALSE,FALSE,TRUE,12,9.44,50.39,26.16,CHE,0.73
reading,stable_all,FALSE,FALSE,TRUE,12,2.41,31.68,3.72,JPN,0.78
science,stable_all,FALSE,FALSE,TRUE,18,2.49,-16.38,-36.14,QAT,1
math,stable_plus_ambiguous,FALSE,FALSE,TRUE,18,1.37,42.94,9.51,PRT,1
reading,stable_plus_ambiguous,FALSE,FALSE,TRUE,18,2.36,33.06,6.69,JPN,0.86
science,stable_plus_ambiguous,FALSE,FALSE,TRUE,26,2.49,-16.38,-36.14,QAT,1
math,stable_all,TRUE,TRUE,FALSE,5,9.44,50.38,26.16,CHE,0.73
reading,stable_all,TRUE,TRUE,FALSE,5,2.61,34.14,7.56,JPN,0.79
science,stable_all,TRUE,TRUE,FALSE,8,10.94,48.82,20.2,JPN,1
math,stable_plus_ambiguous,TRUE,TRUE,FALSE,8,6.67,70.81,34.07,DEU,1
reading,stable_plus_ambiguous,TRUE,TRUE,FALSE,8,2.36,33.06,6.69,JPN,0.86
science,stable_plus_ambiguous,TRUE,TRUE,FALSE,13,10.94,48.82,20.2,JPN,1
math,stable_all,FALSE,TRUE,FALSE,5,9.44,50.38,26.16,CHE,0.73
reading,stable_all,FALSE,TRUE,FALSE,5,2.61,34.14,7.56,JPN,0.79
science,stable_all,FALSE,TRUE,FALSE,11,2.49,-16.38,-36.14,QAT,1
math,stable_plus_ambiguous,FALSE,TRUE,FALSE,9,6.67,70.81,34.07,DEU,1
reading,stable_plus_ambiguous,FALSE,TRUE,FALSE,9,2.36,33.06,6.69,JPN,0.86
science,stable_plus_ambiguous,FALSE,TRUE,FALSE,17,2.49,-16.38,-36.14,QAT,1
math,stable_all,TRUE,FALSE,FALSE,12,9.44,50.39,26.16,CHE,0.73
reading,stable_all,TRUE,FALSE,FALSE,12,2.41,31.68,3.72,JPN,0.78
science,stable_all,TRUE,FALSE,FALSE,15,10.94,48.82,20.2,JPN,1
math,stable_plus_ambiguous,TRUE,FALSE,FALSE,17,1.37,42.94,9.51,PRT,1
reading,stable_plus_ambiguous,TRUE,FALSE,FALSE,17,2.36,33.06,6.69,JPN,0.86
science,stable_plus_ambiguous,TRUE,FALSE,FALSE,22,10.01,52.58,15.3,PRT,0.89
math,stable_all,FALSE,FALSE,FALSE,12,9.44,50.39,26.16,CHE,0.73
reading,stable_all,FALSE,FALSE,FALSE,12,2.41,31.68,3.72,JPN,0.78
science,stable_all,FALSE,FALSE,FALSE,18,2.49,-16.38,-36.14,QAT,1
math,stable_plus_ambiguous,FALSE,FALSE,FALSE,18,1.37,42.94,9.51,PRT,1
reading,stable_plus_ambiguous,FALSE,FALSE,FALSE,18,2.36,33.06,6.69,JPN,0.86
science,stable_plus_ambiguous,FALSE,FALSE,FALSE,26,2.49,-16.38,-36.14,QAT,1
