group_cycle,t_cycle,att_gt,se_gt
2012,2006,-0.893558333332976,8.197863230115422
2012,2009,0,NA
2012,2012,-5.650994565217218,3.350235100419013
2012,2015,-3.9904999999999404,4.08052284342827
2012,2018,13.904528846153994,12.129240531155173
2012,2022,13.745721153846205,9.783487798303687
2012,2025,7.709232142857331,11.473198899277781
2015,2006,-9.55063043478259,10.433222888509764
2015,2009,-5.353405434782815,3.449047754316233
2015,2012,0,NA
2015,2015,-16.584505434782784,6.462958510721282
2015,2018,10.754923411371124,8.77185890684157
2015,2022,9.870515719063292,10.844495733890959
2015,2025,12.291826708074552,13.088689857967825
2018,2006,28.81260833333357,30.239054052281148
2018,2009,-4.492300000000057,12.067097136712901
2018,2012,15.154005434782789,19.374862982263007
2018,2015,0,NA
2018,2018,15.869628846153834,9.521885217512038
2018,2022,15.166021153846089,9.812070029664726
2018,2025,17.845332142857274,10.404824728266853
2022,2006,-26.758420512820408,29.68236443351722
2022,2009,-18.7358621794873,28.398647772717833
2022,2012,2.507643255295534,14.640318089700221
2022,2015,-14.086528846153954,7.4284269023559775
2022,2018,0,NA
2022,2022,8.952758974358915,14.142578140879122
2022,2025,-13.160130036629994,14.14007535569563
2025,2006,-20.014279487179238,17.078692435862013
2025,2009,-9.262721153846144,12.637872974019858
2025,2012,-18.877382385730016,8.36784984086521
2025,2015,3.6282788461539326,25.833240204440663
2025,2018,0.8198076923077906,3.134407511797428
2025,2022,0,NA
2025,2025,0.6795109890111917,7.471847932999345
