iso3,sclass,start,g_cycle,treated,never
AFG,treated_autocratization,2021,2022,TRUE,FALSE
ALB,stable_corrupt,NA,NA,FALSE,TRUE
ARE,stable_clean,NA,NA,FALSE,TRUE
ARG,treated_autocratization,2024,2025,TRUE,FALSE
ARM,treated_autocratization,2020,2022,TRUE,FALSE
AUS,stable_clean,NA,NA,FALSE,TRUE
BDI,treated_autocratization,2010,2012,TRUE,FALSE
BEL,stable_clean,NA,NA,FALSE,TRUE
BEN,treated_autocratization,2018,2022,TRUE,FALSE
BFA,treated_reversed,2014,2015,TRUE,FALSE
BGD,treated_autocratization,2013,2015,TRUE,FALSE
BGR,stable_corrupt,NA,NA,FALSE,TRUE
BHR,stable_corrupt,NA,NA,FALSE,TRUE
BIH,stable_corrupt,NA,NA,FALSE,TRUE
BLR,treated_autocratization,2020,2022,TRUE,FALSE
BOL,treated_reversed,2006,2009,TRUE,FALSE
BRA,treated_reversed,2015,2018,TRUE,FALSE
BRB,stable_clean,NA,NA,FALSE,TRUE
BTN,stable_clean,NA,NA,FALSE,TRUE
BWA,treated_reversed,2015,2018,TRUE,FALSE
CAF,treated_autocratization,2019,2022,TRUE,FALSE
CAN,stable_clean,NA,NA,FALSE,TRUE
CHE,stable_clean,NA,NA,FALSE,TRUE
CIV,treated_autocratization,2020,2022,TRUE,FALSE
COD,stable_corrupt,NA,NA,FALSE,TRUE
COG,stable_corrupt,NA,NA,FALSE,TRUE
COL,stable_corrupt,NA,NA,FALSE,TRUE
COM,treated_autocratization,2015,2018,TRUE,FALSE
CUB,stable_corrupt,NA,NA,FALSE,TRUE
CZE,treated_autocratization,2013,2015,TRUE,FALSE
DJI,stable_corrupt,NA,NA,FALSE,TRUE
DNK,stable_clean,NA,NA,FALSE,TRUE
ECU,treated_reversed,2007,2009,TRUE,FALSE
EGY,treated_autocratization,2013,2015,TRUE,FALSE
ESP,stable_clean,NA,NA,FALSE,TRUE
EST,stable_clean,NA,NA,FALSE,TRUE
FRA,stable_clean,NA,NA,FALSE,TRUE
GAB,treated_autocratization,2018,2022,TRUE,FALSE
GBR,treated_autocratization,2019,2022,TRUE,FALSE
GEO,treated_autocratization,2017,2018,TRUE,FALSE
GHA,treated_autocratization,2013,2015,TRUE,FALSE
GIN,treated_autocratization,2019,2022,TRUE,FALSE
GNB,treated_reversed,2012,2015,TRUE,FALSE
GNQ,stable_corrupt,NA,NA,FALSE,TRUE
GRC,treated_autocratization,2020,2022,TRUE,FALSE
GTM,treated_reversed,2018,2022,TRUE,FALSE
GUY,treated_autocratization,2019,2022,TRUE,FALSE
HKG,treated_autocratization,2016,2018,TRUE,FALSE
HRV,treated_autocratization,2013,2015,TRUE,FALSE
HTI,treated_autocratization,2020,2022,TRUE,FALSE
HUN,treated_autocratization,2006,2012,TRUE,FALSE
IDN,treated_autocratization,2009,2012,TRUE,FALSE
IND,treated_autocratization,2009,2012,TRUE,FALSE
IRL,stable_clean,NA,NA,FALSE,TRUE
IRQ,stable_corrupt,NA,NA,FALSE,TRUE
ISL,stable_clean,NA,NA,FALSE,TRUE
ITA,treated_autocratization,2019,2022,TRUE,FALSE
JPN,stable_clean,NA,NA,FALSE,TRUE
KGZ,treated_autocratization,2019,2022,TRUE,FALSE
KHM,treated_autocratization,2016,2018,TRUE,FALSE
KOR,treated_reversed,2008,2009,TRUE,FALSE
KWT,treated_autocratization,2021,2022,TRUE,FALSE
LBN,treated_autocratization,2018,2022,TRUE,FALSE
LBY,treated_autocratization,2014,2015,TRUE,FALSE
LSO,treated_reversed,2015,2018,TRUE,FALSE
LTU,stable_clean,NA,NA,FALSE,TRUE
LUX,stable_clean,NA,NA,FALSE,TRUE
LVA,stable_clean,NA,NA,FALSE,TRUE
MAR,stable_corrupt,NA,NA,FALSE,TRUE
MDA,treated_reversed,2013,2015,TRUE,FALSE
MDG,treated_autocratization,2023,2025,TRUE,FALSE
MDV,treated_reversed,2010,2012,TRUE,FALSE
MEX,treated_autocratization,2020,2022,TRUE,FALSE
MLI,treated_reversed,2008,2009,TRUE,FALSE
MLT,stable_clean,NA,NA,FALSE,TRUE
MMR,treated_autocratization,2021,2022,TRUE,FALSE
MNG,treated_autocratization,2016,2018,TRUE,FALSE
MOZ,treated_autocratization,2017,2018,TRUE,FALSE
MRT,treated_autocratization,2013,2015,TRUE,FALSE
MUS,treated_reversed,2014,2015,TRUE,FALSE
NAM,stable_clean,NA,NA,FALSE,TRUE
NER,treated_autocratization,2015,2018,TRUE,FALSE
NIC,treated_autocratization,1996,2000,TRUE,FALSE
NOR,stable_clean,NA,NA,FALSE,TRUE
NPL,treated_reversed,2012,2015,TRUE,FALSE
NZL,stable_clean,NA,NA,FALSE,TRUE
OMN,stable_corrupt,NA,NA,FALSE,TRUE
PAK,treated_autocratization,2015,2018,TRUE,FALSE
PAN,stable_corrupt,NA,NA,FALSE,TRUE
PER,treated_autocratization,2016,2018,TRUE,FALSE
PHL,treated_autocratization,2016,2018,TRUE,FALSE
PNG,treated_autocratization,2007,2009,TRUE,FALSE
POL,treated_reversed,2016,2018,TRUE,FALSE
PRK,stable_corrupt,NA,NA,FALSE,TRUE
PRY,stable_corrupt,NA,NA,FALSE,TRUE
QAT,stable_clean,NA,NA,FALSE,TRUE
ROU,treated_autocratization,2021,2022,TRUE,FALSE
RUS,treated_autocratization,1993,2000,TRUE,FALSE
SAU,stable_clean,NA,NA,FALSE,TRUE
SEN,treated_autocratization,2021,2022,TRUE,FALSE
SGP,stable_clean,NA,NA,FALSE,TRUE
SLV,treated_autocratization,2018,2022,TRUE,FALSE
SOM,stable_corrupt,NA,NA,FALSE,TRUE
SRB,treated_autocratization,2010,2012,TRUE,FALSE
SSD,stable_corrupt,NA,NA,FALSE,TRUE
STP,stable_corrupt,NA,NA,FALSE,TRUE
SUR,stable_corrupt,NA,NA,FALSE,TRUE
SVK,treated_autocratization,2023,2025,TRUE,FALSE
SVN,treated_autocratization,2012,2015,TRUE,FALSE
SWZ,stable_corrupt,NA,NA,FALSE,TRUE
TCD,treated_autocratization,2017,2018,TRUE,FALSE
TGO,treated_autocratization,2017,2018,TRUE,FALSE
THA,treated_reversed,2013,2015,TRUE,FALSE
TTO,stable_corrupt,NA,NA,FALSE,TRUE
TUN,treated_reversed,2014,2015,TRUE,FALSE
TUR,treated_autocratization,2005,2015,TRUE,FALSE
TWN,stable_clean,NA,NA,FALSE,TRUE
TZA,treated_autocratization,2015,2018,TRUE,FALSE
UKR,treated_reversed,2010,2012,TRUE,FALSE
USA,treated_autocratization,2024,2025,TRUE,FALSE
VEN,treated_autocratization,1998,2000,TRUE,FALSE
VNM,stable_corrupt,NA,NA,FALSE,TRUE
YEM,treated_autocratization,2013,2015,TRUE,FALSE
ZAF,stable_corrupt,NA,NA,FALSE,TRUE
ZMB,treated_reversed,2011,2012,TRUE,FALSE
