iso3,cycle,period,y,ybar_control,did_gap
GEO,2009,pre,372.653,487.9,-18.6
GEO,2015,pre,411.132,489.1,18.6
GEO,2018,post,382.664,470.3,9
GEO,2022,post,384.067,470.2,10.5
GEO,2025,post,422.119,470,48.7
HUN,2006,pre,503.932,490.5,-0.6
HUN,2009,pre,502.643,487.9,0.6
HUN,2012,post,494.302,491.2,-11
HUN,2015,post,476.748,489.1,-26.5
HUN,2018,post,480.912,470.3,-3.5
HUN,2022,post,485.89,470.2,1.6
HUN,2025,post,479.912,470,-4.2
TUR,2006,pre,423.833,490.5,-23.8
TUR,2009,pre,453.91,487.9,8.8
TUR,2012,pre,463.413,491.2,15
TUR,2015,post,425.49,489.1,-20.8
TUR,2018,post,468.3,470.3,40.8
TUR,2022,post,475.938,470.2,48.5
TUR,2025,post,494.269,470,67
